country_code,country_name,year,electricity_access,gdp_per_capita
AFG,Afghanistan,2000,4.4,308.3182697466378
AFG,Afghanistan,2001,9.3,277.1180514439406
AFG,Afghanistan,2002,14.1,338.13997364338707
AFG,Afghanistan,2003,19.0,346.0716270962232
AFG,Afghanistan,2004,23.8,338.6372738881967
AFG,Afghanistan,2005,28.7,363.6401414367734
AFG,Afghanistan,2006,33.5,367.75831169358025
AFG,Afghanistan,2007,38.4,410.75772887909744
AFG,Afghanistan,2008,42.4,417.6472826474983
AFG,Afghanistan,2009,48.3,488.8306524919485
AFG,Afghanistan,2010,42.7,542.8710304760368
AFG,Afghanistan,2011,43.2,525.4269827658195
AFG,Afghanistan,2012,69.1,568.9290214583409
AFG,Afghanistan,2013,68.0,580.6038333330962
AFG,Afghanistan,2014,89.5,575.1462458085464
AFG,Afghanistan,2015,71.5,565.5697304087512
AFG,Afghanistan,2016,97.7,563.8723367231469
AFG,Afghanistan,2017,97.7,562.7695741409875
AFG,Afghanistan,2018,93.4,553.1251516882929
AFG,Afghanistan,2019,97.7,557.8615332074586
AFG,Afghanistan,2020,97.7,527.8345544993056
AFG,Afghanistan,2021,97.7,408.6258552174031
AFG,Afghanistan,2022,85.3,377.6656270807047
AFG,Afghanistan,2023,85.3,378.0663031225898
ALB,Albania,2000,99.4,1991.914358671158
ALB,Albania,2001,99.4,2188.9185445137514
ALB,Albania,2002,99.4,2297.1085351392444
ALB,Albania,2003,99.4,2428.689346535625
ALB,Albania,2004,99.4,2567.297636871214
ALB,Albania,2005,99.4,2712.869838303312
ALB,Albania,2006,99.4,2894.360325801738
ALB,Albania,2007,99.4,3105.8796756385987
ALB,Albania,2008,100.0,3345.981617614764
ALB,Albania,2009,99.6,3459.2469564669213
ALB,Albania,2010,99.6,3579.824131810459
ALB,Albania,2011,99.7,3677.894579377168
ALB,Albania,2012,99.9,3771.847818620152
ALB,Albania,2013,99.9,3895.899756219416
ALB,Albania,2014,100.0,4045.119348849334
ALB,Albania,2015,100.0,4199.539129253976
ALB,Albania,2016,99.9,4431.556358141677
ALB,Albania,2017,99.9,4648.230786606584
ALB,Albania,2018,100.0,4893.823755387173
ALB,Albania,2019,100.0,5072.436483547388
ALB,Albania,2020,100.0,4980.616995246958
ALB,Albania,2021,100.0,5511.757434028622
ALB,Albania,2022,100.0,5867.650962305566
ALB,Albania,2023,100.0,6204.435256121144
DZA,Algeria,2000,98.6,3553.324205219913
DZA,Algeria,2001,98.6,3610.0060563198313
DZA,Algeria,2002,98.6,3754.660815384459
DZA,Algeria,2003,98.6,3945.898160940073
DZA,Algeria,2004,98.6,4066.282048064954
DZA,Algeria,2005,98.6,4223.602521339427
DZA,Algeria,2006,98.7,4279.615471208265
DZA,Algeria,2007,98.7,4339.250557728312
DZA,Algeria,2008,99.3,4367.565380175414
DZA,Algeria,2009,98.8,4336.100540529495
DZA,Algeria,2010,98.9,4456.610274164303
DZA,Algeria,2011,99.0,4501.354301335197
DZA,Algeria,2012,98.8,4518.439789564638
DZA,Algeria,2013,99.2,4543.234440067668
DZA,Algeria,2014,99.3,4634.101491799524
DZA,Algeria,2015,99.4,4685.059027290017
DZA,Algeria,2016,99.4,4768.7314008102685
DZA,Algeria,2017,99.5,4742.900755325293
DZA,Algeria,2018,99.6,4717.003588536104
DZA,Algeria,2019,99.5,4672.664086786354
DZA,Algeria,2020,99.7,4363.685337677834
DZA,Algeria,2021,99.8,4456.74687637774
DZA,Algeria,2022,100.0,4544.466880603715
DZA,Algeria,2023,100.0,4660.4054568789525
AND,Andorra,2000,100.0,34113.817378394924
AND,Andorra,2001,100.0,36790.10370860217
AND,Andorra,2002,100.0,38084.484310858905
AND,Andorra,2003,100.0,39620.320160516094
AND,Andorra,2004,100.0,40054.321153142126
AND,Andorra,2005,100.0,40528.17486238
AND,Andorra,2006,100.0,41322.052921384646
AND,Andorra,2007,100.0,40789.15896977479
AND,Andorra,2008,100.0,37775.12614043424
AND,Andorra,2009,100.0,35604.38400981959
AND,Andorra,2010,100.0,36277.26444253306
AND,Andorra,2011,100.0,37637.48683428662
AND,Andorra,2012,100.0,36206.97843564456
AND,Andorra,2013,100.0,35684.169434773736
AND,Andorra,2014,100.0,37300.6244197096
AND,Andorra,2015,100.0,38654.93472172067
AND,Andorra,2016,100.0,40085.02059862196
AND,Andorra,2017,100.0,39361.06226486987
AND,Andorra,2018,100.0,39242.14489750986
AND,Andorra,2019,100.0,39346.275035864994
AND,Andorra,2020,100.0,34536.6499222556
AND,Andorra,2021,100.0,36929.01915286439
AND,Andorra,2022,100.0,39780.39661307912
AND,Andorra,2023,100.0,40227.23352974002
AGO,Angola,2000,24.2,2172.463267187264
AGO,Angola,2001,20.0,2189.1735215804824
AGO,Angola,2002,26.3,2404.977920717354
AGO,Angola,2003,27.4,2403.4041515724166
AGO,Angola,2004,28.4,2583.3241146150763
AGO,Angola,2005,29.4,2843.396635799209
AGO,Angola,2006,30.5,3065.055762441547
AGO,Angola,2007,37.5,3336.363324654908
AGO,Angola,2008,38.5,3559.195225125382
AGO,Angola,2009,33.8,3494.807244664682
AGO,Angola,2010,35.0,3540.7915956868096
AGO,Angola,2011,34.6,3528.16824373698
AGO,Angola,2012,37.3,3682.3522932307487
AGO,Angola,2013,38.4,3716.297187275968
AGO,Angola,2014,32.0,3746.816199789308
AGO,Angola,2015,42.0,3641.728939202528
AGO,Angola,2016,41.8,3505.5963468179243
AGO,Angola,2017,42.9,3378.0758810259817
AGO,Angola,2018,45.3,3246.8785714099663
AGO,Angola,2019,45.6,3105.599712426717
AGO,Angola,2020,47.0,2847.24241578243
AGO,Angola,2021,48.2,2788.1673708668504
AGO,Angola,2022,48.5,2798.017173176881
AGO,Angola,2023,51.1,2748.9519695424824
ATG,Antigua and Barbuda,2000,97.7,15961.091835905803
ATG,Antigua and Barbuda,2001,97.7,15003.438916903362
ATG,Antigua and Barbuda,2002,100.0,14968.070301388256
ATG,Antigua and Barbuda,2003,97.9,15703.934714549148
ATG,Antigua and Barbuda,2004,97.9,16433.41305414829
ATG,Antigua and Barbuda,2005,92.2,17301.21343175177
ATG,Antigua and Barbuda,2006,100.0,19259.64865179069
ATG,Antigua and Barbuda,2007,100.0,20770.2689732844
ATG,Antigua and Barbuda,2008,100.0,20464.786306604976
ATG,Antigua and Barbuda,2009,98.5,17746.70085604098
ATG,Antigua and Barbuda,2010,98.7,16135.39738448699
ATG,Antigua and Barbuda,2011,94.6,15633.90911318212
ATG,Antigua and Barbuda,2012,100.0,15989.39001997786
ATG,Antigua and Barbuda,2013,100.0,15748.195202422616
ATG,Antigua and Barbuda,2014,100.0,15967.28499671196
ATG,Antigua and Barbuda,2015,100.0,16077.634076940634
ATG,Antigua and Barbuda,2016,100.0,16635.895232831048
ATG,Antigua and Barbuda,2017,100.0,16992.932749523585
ATG,Antigua and Barbuda,2018,100.0,18042.159643572733
ATG,Antigua and Barbuda,2019,100.0,18525.25889071669
ATG,Antigua and Barbuda,2020,100.0,14950.89423972081
ATG,Antigua and Barbuda,2021,100.0,16084.721440604812
ATG,Antigua and Barbuda,2022,100.0,17359.267481110808
ATG,Antigua and Barbuda,2023,100.0,17938.31868280469
ARG,Argentina,2000,95.7,10631.650363902858
ARG,Argentina,2001,95.5,10051.944846304335
ARG,Argentina,2002,96.1,8861.56199282278
ARG,Argentina,2003,96.3,9545.531941199944
ARG,Argentina,2004,96.5,10302.446531642796
ARG,Argentina,2005,96.7,11099.75091906017
ARG,Argentina,2006,97.0,11870.27915592978
ARG,Argentina,2007,97.2,12811.902120657798
ARG,Argentina,2008,97.5,13197.357026702915
ARG,Argentina,2009,97.8,12285.378465186532
ARG,Argentina,2010,98.8,13387.15537484578
ARG,Argentina,2011,99.0,14040.61891244436
ARG,Argentina,2012,99.1,13754.42542355963
ARG,Argentina,2013,99.3,13946.095083225156
ARG,Argentina,2014,100.0,13456.13191591506
ARG,Argentina,2015,99.7,13679.626498095417
ARG,Argentina,2016,99.9,13265.886063912343
ARG,Argentina,2017,100.0,13520.112984615893
ARG,Argentina,2018,100.0,13058.328544995426
ARG,Argentina,2019,100.0,12706.39781089676
ARG,Argentina,2020,100.0,11393.050595787674
ARG,Argentina,2021,100.0,12549.281169934176
ARG,Argentina,2022,100.0,13276.823211018853
ARG,Argentina,2023,100.0,12993.092887241564
ARM,Armenia,2000,98.9,1229.2151043610206
ARM,Armenia,2001,100.0,1351.1207269455492
ARM,Armenia,2002,98.0,1535.2045288518716
ARM,Armenia,2003,99.1,1759.6468482938565
ARM,Armenia,2004,99.1,1955.2226245922848
ARM,Armenia,2005,99.8,2240.092732097882
ARM,Armenia,2006,99.1,2551.435463584521
ARM,Armenia,2007,99.2,2919.3734936373035
ARM,Armenia,2008,99.2,3141.3319350077413
ARM,Armenia,2009,99.3,2716.974362804709
ARM,Armenia,2010,99.8,2796.081434280432
ARM,Armenia,2011,99.5,2943.836871193151
ARM,Armenia,2012,99.5,3159.758607868893
ARM,Armenia,2013,99.4,3266.2988299987346
ARM,Armenia,2014,99.7,3393.09252326884
ARM,Armenia,2015,100.0,3512.3935027670905
ARM,Armenia,2016,99.8,3533.885036070068
ARM,Armenia,2017,99.7,3815.374742603702
ARM,Armenia,2018,99.9,4027.833930109785
ARM,Armenia,2019,100.0,4343.458395830194
ARM,Armenia,2020,100.0,4032.090434549552
ARM,Armenia,2021,100.0,4264.799615051871
ARM,Armenia,2022,100.0,4791.004817121827
ARM,Armenia,2023,100.0,5197.235090135753
ABW,Aruba,2000,91.7,28104.895436285864
ABW,Aruba,2001,100.0,29007.738695877422
ABW,Aruba,2002,100.0,28535.4639480222
ABW,Aruba,2003,100.0,28525.807706383897
ABW,Aruba,2004,100.0,29959.774818958154
ABW,Aruba,2005,100.0,29081.70669978973
ABW,Aruba,2006,100.0,28885.911870046868
ABW,Aruba,2007,100.0,29556.838468655365
ABW,Aruba,2008,100.0,29870.66480770051
ABW,Aruba,2009,100.0,26204.05973619838
ABW,Aruba,2010,93.4,25429.218097485296
ABW,Aruba,2011,100.0,26093.054208322672
ABW,Aruba,2012,100.0,25444.733664668725
ABW,Aruba,2013,100.0,26680.14112063425
ABW,Aruba,2014,100.0,26773.82291023908
ABW,Aruba,2015,100.0,27458.220153750623
ABW,Aruba,2016,100.0,27587.249804048344
ABW,Aruba,2017,100.0,28548.890431773896
ABW,Aruba,2018,100.0,29419.208623316004
ABW,Aruba,2019,100.0,29700.36346705653
ABW,Aruba,2020,100.0,22718.229444500717
ABW,Aruba,2021,100.0,26303.03972023749
ABW,Aruba,2022,99.9,29198.990358482737
ABW,Aruba,2023,100.0,31963.076450534896
AUS,Australia,2000,100.0,45979.076565404815
AUS,Australia,2001,100.0,46314.62352979683
AUS,Australia,2002,100.0,47599.40792893124
AUS,Australia,2003,100.0,48509.66321803632
AUS,Australia,2004,100.0,50018.59044838611
AUS,Australia,2005,100.0,50972.64051974398
AUS,Australia,2006,100.0,51682.89252305371
AUS,Australia,2007,100.0,52671.32584672403
AUS,Australia,2008,100.0,53497.27535534196
AUS,Australia,2009,100.0,53430.52747816508
AUS,Australia,2010,100.0,53768.34973344104
AUS,Australia,2011,100.0,54296.23213248142
AUS,Australia,2012,100.0,55465.44628725772
AUS,Australia,2013,100.0,55966.15092705607
AUS,Australia,2014,100.0,56571.80625244372
AUS,Australia,2015,100.0,56970.36130280944
AUS,Australia,2016,100.0,57632.99959255945
AUS,Australia,2017,100.0,57991.77134733296
AUS,Australia,2018,100.0,58772.7063152213
AUS,Australia,2019,100.0,59181.29979041315
AUS,Australia,2020,100.0,58377.76705178023
AUS,Australia,2021,100.0,59465.53567136402
AUS,Australia,2022,100.0,61200.45889647808
AUS,Australia,2023,100.0,61869.082498575975
AUT,Austria,2000,100.0,38571.08587800012
AUT,Austria,2001,100.0,38929.75380054502
AUT,Austria,2002,100.0,39313.72251075449
AUT,Austria,2003,100.0,39569.28855673293
AUT,Austria,2004,100.0,40333.33071838939
AUT,Austria,2005,100.0,40989.01317789755
AUT,Austria,2006,100.0,42120.15570020217
AUT,Austria,2007,100.0,43568.830224394114
AUT,Austria,2008,100.0,44063.8642019916
AUT,Austria,2009,100.0,42372.47582547629
AUT,Austria,2010,100.0,43035.407353193295
AUT,Austria,2011,100.0,44146.19568052944
AUT,Austria,2012,100.0,44221.45995308928
AUT,Austria,2013,100.0,43851.36754974038
AUT,Austria,2014,100.0,43838.83458921372
AUT,Austria,2015,100.0,43915.22802085699
AUT,Austria,2016,100.0,44362.67028051158
AUT,Austria,2017,100.0,45056.63859124121
AUT,Austria,2018,100.0,45951.58191640344
AUT,Austria,2019,100.0,46550.56224594918
AUT,Austria,2020,100.0,43428.69831372342
AUT,Austria,2021,100.0,45368.64343373677
AUT,Austria,2022,100.0,47332.424035797136
AUT,Austria,2023,100.0,46497.91146403411
AZE,Azerbaijan,2000,98.9,1504.731067060355
AZE,Azerbaijan,2001,98.6,1640.936645403979
AZE,Azerbaijan,2002,100.0,1782.4731918363907
AZE,Azerbaijan,2003,98.8,1949.6060841733129
AZE,Azerbaijan,2004,99.0,2111.4533834475005
AZE,Azerbaijan,2005,99.1,2674.368856499599
AZE,Azerbaijan,2006,99.5,3556.832128581332
AZE,Azerbaijan,2007,99.5,4412.203261179317
AZE,Azerbaijan,2008,99.7,4778.12452736673
AZE,Azerbaijan,2009,99.9,5118.433954946873
AZE,Azerbaijan,2010,99.9,5300.110487290623
AZE,Azerbaijan,2011,99.9,5149.206659132063
AZE,Azerbaijan,2012,100.0,5193.175011195519
AZE,Azerbaijan,2013,100.0,5425.995597805777
AZE,Azerbaijan,2014,100.0,5508.602656126762
AZE,Azerbaijan,2015,100.0,5500.503646284862
AZE,Azerbaijan,2016,100.0,5272.718171418611
AZE,Azerbaijan,2017,100.0,5229.252599934125
AZE,Azerbaijan,2018,100.0,5261.929382344318
AZE,Azerbaijan,2019,100.0,5346.953186041143
AZE,Azerbaijan,2020,100.0,5087.5002278362745
AZE,Azerbaijan,2021,100.0,5349.582260714248
AZE,Azerbaijan,2022,100.0,5599.585249710247
AZE,Azerbaijan,2023,100.0,5668.610213170288
BHS,"Bahamas, The",2000,100.0,32424.72717867164
BHS,"Bahamas, The",2001,100.0,32870.09183072846
BHS,"Bahamas, The",2002,100.0,33374.60268591398
BHS,"Bahamas, The",2003,100.0,32559.311554897995
BHS,"Bahamas, The",2004,100.0,32444.073956756863
BHS,"Bahamas, The",2005,100.0,33144.787879027535
BHS,"Bahamas, The",2006,100.0,33541.85074870096
BHS,"Bahamas, The",2007,100.0,33549.33600072741
BHS,"Bahamas, The",2008,100.0,32331.82461350924
BHS,"Bahamas, The",2009,100.0,30581.33421984883
BHS,"Bahamas, The",2010,100.0,30657.43190596585
BHS,"Bahamas, The",2011,100.0,30492.673852807147
BHS,"Bahamas, The",2012,100.0,31553.49194906449
BHS,"Bahamas, The",2013,100.0,30368.263124418936
BHS,"Bahamas, The",2014,100.0,30658.534456372174
BHS,"Bahamas, The",2015,100.0,30719.405417468977
BHS,"Bahamas, The",2016,100.0,30152.161924602093
BHS,"Bahamas, The",2017,100.0,30974.747726131685
BHS,"Bahamas, The",2018,100.0,31537.242384195608
BHS,"Bahamas, The",2019,100.0,31117.629913239103
BHS,"Bahamas, The",2020,100.0,24791.67049451056
BHS,"Bahamas, The",2021,100.0,29114.059772638564
BHS,"Bahamas, The",2022,100.0,32186.457503923662
BHS,"Bahamas, The",2023,100.0,33009.64561512101
BHR,Bahrain,2000,100.0,25407.96940545517
BHR,Bahrain,2001,100.0,25106.286974261217
BHR,Bahrain,2002,100.0,24149.01560137992
BHR,Bahrain,2003,100.0,23857.64035797686
BHR,Bahrain,2004,100.0,23688.112105922453
BHR,Bahrain,2005,100.0,23439.67043530378
BHR,Bahrain,2006,100.0,23095.018133022782
BHR,Bahrain,2007,100.0,23112.48880583977
BHR,Bahrain,2008,100.0,23127.214804004776
BHR,Bahrain,2009,100.0,22206.937198522544
BHR,Bahrain,2010,100.0,22224.073616624868
BHR,Bahrain,2011,100.0,23288.04493983129
BHR,Bahrain,2012,100.0,23894.880444708782
BHR,Bahrain,2013,100.0,24271.62788145059
BHR,Bahrain,2014,100.0,24135.499130484903
BHR,Bahrain,2015,100.0,23734.05511430191
BHR,Bahrain,2016,100.0,23715.279132871165
BHR,Bahrain,2017,100.0,23606.886750131347
BHR,Bahrain,2018,100.0,24059.78386415621
BHR,Bahrain,2019,100.0,24873.664006013405
BHR,Bahrain,2020,100.0,23586.930958151588
BHR,Bahrain,2021,100.0,24086.78478034281
BHR,Bahrain,2022,100.0,25234.402561820025
BHR,Bahrain,2023,100.0,25342.622664157167
BGD,Bangladesh,2000,32.0,620.5604728221052
BGD,Bangladesh,2001,35.0,641.2889228762742
BGD,Bangladesh,2002,37.8,655.6721393622719
BGD,Bangladesh,2003,40.5,676.826252046427
BGD,Bangladesh,2004,40.6,702.6563570818726
BGD,Bangladesh,2005,44.2,739.2037183534092
BGD,Bangladesh,2006,50.5,779.419570444998
BGD,Bangladesh,2007,46.5,825.5082299645373
BGD,Bangladesh,2008,54.3,866.4581576213504
BGD,Bangladesh,2009,57.1,901.729626251937
BGD,Bangladesh,2010,55.3,943.6642286423604
BGD,Bangladesh,2011,59.6,995.579947155662
BGD,Bangladesh,2012,65.5,1050.3914040406614
BGD,Bangladesh,2013,61.5,1103.1569590712293
BGD,Bangladesh,2014,62.4,1159.407534759807
BGD,Bangladesh,2015,74.0,1224.3864766816523
BGD,Bangladesh,2016,75.9,1299.8309136079226
BGD,Bangladesh,2017,88.0,1373.753637401862
BGD,Bangladesh,2018,86.9,1462.2505025571324
BGD,Bangladesh,2019,92.2,1564.2080244563588
BGD,Bangladesh,2020,96.2,1604.665923474202
BGD,Bangladesh,2021,99.0,1702.080284141892
BGD,Bangladesh,2022,99.4,1804.349346177604
BGD,Bangladesh,2023,99.5,1885.3773361354515
BRB,Barbados,2000,100.0,22170.08467129739
BRB,Barbados,2001,100.0,21615.800339172725
BRB,Barbados,2002,100.0,21643.89649079726
BRB,Barbados,2003,100.0,21979.292323002737
BRB,Barbados,2004,99.9,22162.63440486069
BRB,Barbados,2005,99.9,22918.543802859454
BRB,Barbados,2006,100.0,24193.138434467448
BRB,Barbados,2007,100.0,24579.089775259446
BRB,Barbados,2008,100.0,24605.45232307518
BRB,Barbados,2009,100.0,23250.80176593488
BRB,Barbados,2010,100.0,21285.00393935581
BRB,Barbados,2011,100.0,21200.194982592264
BRB,Barbados,2012,100.0,20534.882587865253
BRB,Barbados,2013,100.0,20521.1209928514
BRB,Barbados,2014,100.0,20636.032718805516
BRB,Barbados,2015,100.0,20429.47471235528
BRB,Barbados,2016,100.0,20673.76823373751
BRB,Barbados,2017,100.0,20766.551849112933
BRB,Barbados,2018,100.0,20674.35478479837
BRB,Barbados,2019,100.0,20687.64674279088
BRB,Barbados,2020,100.0,17056.98686697809
BRB,Barbados,2021,100.0,18395.61536220729
BRB,Barbados,2022,100.0,21315.93632555171
BRB,Barbados,2023,100.0,21701.266027070076
BLR,Belarus,2000,89.0,2615.3637679946214
BLR,Belarus,2001,89.5,2753.033697069698
BLR,Belarus,2002,90.0,2910.399374841528
BLR,Belarus,2003,90.5,3137.2626143057523
BLR,Belarus,2004,91.0,3520.404526425238
BLR,Belarus,2005,91.5,3877.7173891128928
BLR,Belarus,2006,92.1,4291.686471632643
BLR,Belarus,2007,92.6,4682.206767190422
BLR,Belarus,2008,93.2,5177.645347756758
BLR,Belarus,2009,93.8,5200.774185554225
BLR,Belarus,2010,94.4,5616.094117330698
BLR,Belarus,2011,95.0,5941.689991562393
BLR,Belarus,2012,95.6,6052.637370623595
BLR,Belarus,2013,96.2,6115.432880987073
BLR,Belarus,2014,96.8,6212.916674186595
BLR,Belarus,2015,97.4,5967.055950587775
BLR,Belarus,2016,98.0,5811.201591825471
BLR,Belarus,2017,98.7,5964.896688345611
BLR,Belarus,2018,99.3,6165.913200192767
BLR,Belarus,2019,100.0,6267.735087435055
BLR,Belarus,2020,100.0,6251.988989686452
BLR,Belarus,2021,100.0,6457.730537063426
BLR,Belarus,2022,100.0,6206.61909685419
BLR,Belarus,2023,100.0,6497.78450683592
BEL,Belgium,2000,100.0,35878.31535861949
BEL,Belgium,2001,100.0,36148.28809243063
BEL,Belgium,2002,100.0,36600.86259233199
BEL,Belgium,2003,100.0,36826.26992960938
BEL,Belgium,2004,100.0,37976.69729674419
BEL,Belgium,2005,100.0,38645.26051933619
BEL,Belgium,2006,100.0,39371.08582774483
BEL,Belgium,2007,100.0,40520.08432070093
BEL,Belgium,2008,100.0,40380.90750040421
BEL,Belgium,2009,100.0,39293.63754682504
BEL,Belgium,2010,100.0,39991.56462062861
BEL,Belgium,2011,100.0,40236.95963085579
BEL,Belgium,2012,100.0,40074.49280039898
BEL,Belgium,2013,100.0,40007.89978914108
BEL,Belgium,2014,100.0,40533.913502789845
BEL,Belgium,2015,100.0,40893.804537772005
BEL,Belgium,2016,100.0,41172.88628312092
BEL,Belgium,2017,100.0,41619.328629168966
BEL,Belgium,2018,100.0,42208.362565027215
BEL,Belgium,2019,100.0,43006.40423088634
BEL,Belgium,2020,100.0,40769.021807296216
BEL,Belgium,2021,100.0,43140.96766529711
BEL,Belgium,2022,100.0,44516.00216080103
BEL,Belgium,2023,100.0,44828.22745212442
BLZ,Belize,2000,79.0,5663.646323749731
BLZ,Belize,2001,80.2,5764.9905549110445
BLZ,Belize,2002,81.0,5895.152350378978
BLZ,Belize,2003,81.8,6274.4742827931295
BLZ,Belize,2004,82.6,6383.07432412662
BLZ,Belize,2005,83.5,6337.123892223781
BLZ,Belize,2006,91.0,6435.587673376783
BLZ,Belize,2007,85.2,6465.82885846045
BLZ,Belize,2008,86.1,6187.958850236551
BLZ,Belize,2009,86.9,5997.684471563834
BLZ,Belize,2010,89.9,5937.75398343789
BLZ,Belize,2011,91.7,5802.243445314916
BLZ,Belize,2012,90.9,5902.742346968807
BLZ,Belize,2013,91.1,6013.078798953625
BLZ,Belize,2014,91.5,6116.49578852783
BLZ,Belize,2015,91.8,6154.622642303688
BLZ,Belize,2016,93.3,6012.212969836682
BLZ,Belize,2017,94.2,5767.619219637624
BLZ,Belize,2018,91.7,5707.61059954436
BLZ,Belize,2019,92.7,5864.146118271087
BLZ,Belize,2020,96.8,5006.484532769355
BLZ,Belize,2021,97.7,5839.401579560165
BLZ,Belize,2022,98.6,6262.560882736742
BLZ,Belize,2023,99.6,6165.6941482593575
BEN,Benin,2000,21.5,861.2132920132091
BEN,Benin,2001,21.9,879.854463773645
BEN,Benin,2002,23.4,893.137100961634
BEN,Benin,2003,24.3,896.1467632017358
BEN,Benin,2004,25.2,907.6244312093776
BEN,Benin,2005,26.1,893.91536869992
BEN,Benin,2006,27.9,900.6205357873505
BEN,Benin,2007,28.0,926.7401137540712
BEN,Benin,2008,29.0,943.2033803038616
BEN,Benin,2009,30.0,936.5656510715544
BEN,Benin,2010,34.2,928.2466553291443
BEN,Benin,2011,36.9,927.7164128367068
BEN,Benin,2012,38.4,943.9187715310006
BEN,Benin,2013,34.7,982.3992062905164
BEN,Benin,2014,34.1,1014.4330062135048
BEN,Benin,2015,29.6,1002.4188687961384
BEN,Benin,2016,37.0,1006.0392663302298
BEN,Benin,2017,34.5,1032.9047119418244
BEN,Benin,2018,39.0,1071.5045215693176
BEN,Benin,2019,40.0,1114.1730452644254
BEN,Benin,2020,41.0,1126.654041221538
BEN,Benin,2021,42.0,1176.3772763727318
BEN,Benin,2022,56.5,1218.496689290907
BEN,Benin,2023,57.0,1263.621583363682
BMU,Bermuda,2000,100.0,109502.76310280927
BMU,Bermuda,2001,100.0,116809.92525307092
BMU,Bermuda,2002,100.0,114574.43360856608
BMU,Bermuda,2003,100.0,118018.83159263528
BMU,Bermuda,2004,100.0,120432.12052555036
BMU,Bermuda,2005,100.0,122143.79957751844
BMU,Bermuda,2006,100.0,128662.93192426066
BMU,Bermuda,2007,100.0,132595.4826548658
BMU,Bermuda,2008,100.0,129525.17713909714
BMU,Bermuda,2009,100.0,121727.58490874423
BMU,Bermuda,2010,100.0,118382.90899064452
BMU,Bermuda,2011,100.0,113937.83570098272
BMU,Bermuda,2012,100.0,108040.57565920318
BMU,Bermuda,2013,100.0,107860.39479196382
BMU,Bermuda,2014,100.0,103941.98260695564
BMU,Bermuda,2015,100.0,104855.3668221354
BMU,Bermuda,2016,100.0,104190.87672033424
BMU,Bermuda,2017,100.0,107734.60835732718
BMU,Bermuda,2018,100.0,106843.16373939134
BMU,Bermuda,2019,100.0,106709.88123884264
BMU,Bermuda,2020,100.0,98846.4458079644
BMU,Bermuda,2021,100.0,103130.36584531794
BMU,Bermuda,2022,100.0,109412.25115959796
BMU,Bermuda,2023,100.0,114244.68104713196
BTN,Bhutan,2000,31.2,1259.623764523495
BTN,Bhutan,2001,40.2,1321.0987823027945
BTN,Bhutan,2002,44.1,1427.2569331731463
BTN,Bhutan,2003,41.1,1506.4152751782012
BTN,Bhutan,2004,51.9,1552.7391519580144
BTN,Bhutan,2005,59.8,1632.0216950057347
BTN,Bhutan,2006,59.7,1701.1187817358618
BTN,Bhutan,2007,71.8,1952.257346037786
BTN,Bhutan,2008,67.6,2017.7601891340285
BTN,Bhutan,2009,71.5,2148.564803750341
BTN,Bhutan,2010,73.3,2378.728107609852
BTN,Bhutan,2011,81.8,2552.488710730937
BTN,Bhutan,2012,91.5,2654.7479894602684
BTN,Bhutan,2013,87.4,2671.074602011713
BTN,Bhutan,2014,91.4,2797.818839719079
BTN,Bhutan,2015,95.4,2954.0408191109696
BTN,Bhutan,2016,99.3,3173.3677321743057
BTN,Bhutan,2017,97.7,3211.809032755935
BTN,Bhutan,2018,100.0,3300.5500646173587
BTN,Bhutan,2019,100.0,3467.3859897935567
BTN,Bhutan,2020,100.0,3092.124283993629
BTN,Bhutan,2021,100.0,3206.2036699725377
BTN,Bhutan,2022,100.0,3349.733096327985
BTN,Bhutan,2023,100.0,3480.5138852318423
BOL,Bolivia,2000,70.0,2014.1902463413185
BOL,Bolivia,2001,69.3,2013.845810945681
BOL,Bolivia,2002,64.0,2029.6699370596816
BOL,Bolivia,2003,72.3,2050.071334190823
BOL,Bolivia,2004,75.9,2099.990810739196
BOL,Bolivia,2005,68.3,2156.18670353603
BOL,Bolivia,2006,76.2,2221.427225889412
BOL,Bolivia,2007,80.2,2283.427335352972
BOL,Bolivia,2008,84.7,2383.2503254751728
BOL,Bolivia,2009,86.8,2422.575793802455
BOL,Bolivia,2010,88.0,2481.407008383403
BOL,Bolivia,2011,88.3,2568.5205167440595
BOL,Bolivia,2012,90.4,2657.238849783698
BOL,Bolivia,2013,89.5,2793.5145712405374
BOL,Bolivia,2014,90.0,2900.902415714765
BOL,Bolivia,2015,91.5,2996.0128981134417
BOL,Bolivia,2016,91.8,3077.5705758277386
BOL,Bolivia,2017,91.8,3160.1642124758787
BOL,Bolivia,2018,92.8,3204.536708380047
BOL,Bolivia,2019,95.1,3207.3869523112794
BOL,Bolivia,2020,97.2,2765.0927178860243
BOL,Bolivia,2021,98.6,3011.5511082530124
BOL,Bolivia,2022,99.9,3088.241261734365
BOL,Bolivia,2023,99.8,3122.770494662225
BIH,Bosnia and Herzegovina,2000,99.0,2567.3413709461875
BIH,Bosnia and Herzegovina,2001,99.4,2617.1823035081184
BIH,Bosnia and Herzegovina,2002,98.5,2743.1387861583803
BIH,Bosnia and Herzegovina,2003,99.0,2855.683149398492
BIH,Bosnia and Herzegovina,2004,99.1,3063.835434489364
BIH,Bosnia and Herzegovina,2005,99.1,3217.813416153448
BIH,Bosnia and Herzegovina,2006,99.4,3419.758874571924
BIH,Bosnia and Herzegovina,2007,99.7,3665.0896652949914
BIH,Bosnia and Herzegovina,2008,99.3,3929.032977173364
BIH,Bosnia and Herzegovina,2009,99.4,3877.535400784561
BIH,Bosnia and Herzegovina,2010,99.5,3981.209856920324
BIH,Bosnia and Herzegovina,2011,99.7,4094.2532954187673
BIH,Bosnia and Herzegovina,2012,99.7,4139.917327736571
BIH,Bosnia and Herzegovina,2013,99.5,4306.731750722136
BIH,Bosnia and Herzegovina,2014,99.9,4412.676178177339
BIH,Bosnia and Herzegovina,2015,99.7,4662.258692194478
BIH,Bosnia and Herzegovina,2016,100.0,4876.5347149563295
BIH,Bosnia and Herzegovina,2017,100.0,5099.81602856447
BIH,Bosnia and Herzegovina,2018,100.0,5360.252010176329
BIH,Bosnia and Herzegovina,2019,100.0,5583.297212764579
BIH,Bosnia and Herzegovina,2020,100.0,5490.753666351392
BIH,Bosnia and Herzegovina,2021,100.0,5995.541975904936
BIH,Bosnia and Herzegovina,2022,100.0,6327.162068491737
BIH,Bosnia and Herzegovina,2023,100.0,6493.324005144626
BWA,Botswana,2000,26.5,5062.642891735881
BWA,Botswana,2001,24.8,4971.963717941883
BWA,Botswana,2002,27.0,5175.476553172314
BWA,Botswana,2003,33.1,5320.440295139003
BWA,Botswana,2004,35.3,5369.42516766112
BWA,Botswana,2005,37.5,5514.217426647054
BWA,Botswana,2006,39.7,5865.000265213611
BWA,Botswana,2007,41.9,6085.6354476126
BWA,Botswana,2008,44.5,6158.61629368051
BWA,Botswana,2009,43.4,5179.413860714604
BWA,Botswana,2010,52.0,5584.5034321846
BWA,Botswana,2011,53.2,5850.078585754607
BWA,Botswana,2012,56.0,5742.9192445263625
BWA,Botswana,2013,58.0,6284.976780026177
BWA,Botswana,2014,60.0,6547.122541158922
BWA,Botswana,2015,62.1,6141.203947266163
BWA,Botswana,2016,64.2,6490.834635934826
BWA,Botswana,2017,67.4,6662.576448054672
BWA,Botswana,2018,68.3,6843.846120277393
BWA,Botswana,2019,70.1,6951.731890511457
BWA,Botswana,2020,71.8,6254.248062410908
BWA,Botswana,2021,73.7,6895.911849431069
BWA,Botswana,2022,75.9,7159.586061826801
BWA,Botswana,2023,76.0,7269.051706644575
BRA,Brazil,2000,94.4,6817.784240857004
BRA,Brazil,2001,96.0,6823.033969998905
BRA,Brazil,2002,96.7,6944.623374957547
BRA,Brazil,2003,97.0,6941.440457450799
BRA,Brazil,2004,96.8,7258.78185165912
BRA,Brazil,2005,97.1,7409.569132327184
BRA,Brazil,2006,97.6,7622.040071332641
BRA,Brazil,2007,98.1,8003.254130960475
BRA,Brazil,2008,98.5,8330.76459841304
BRA,Brazil,2009,98.9,8246.09706995094
BRA,Brazil,2010,98.6,8792.634361203416
BRA,Brazil,2011,99.3,9067.993163480473
BRA,Brazil,2012,99.5,9167.499239298157
BRA,Brazil,2013,99.6,9366.739324343584
BRA,Brazil,2014,99.7,9338.342782781145
BRA,Brazil,2015,99.7,8936.196617121128
BRA,Brazil,2016,99.7,8577.843766509106
BRA,Brazil,2017,99.8,8628.253089080426
BRA,Brazil,2018,99.7,8722.336303179345
BRA,Brazil,2019,99.8,8771.44051292177
BRA,Brazil,2020,99.7,8435.01143254978
BRA,Brazil,2021,99.5,8799.229458109006
BRA,Brazil,2022,100.0,9032.084815662993
BRA,Brazil,2023,99.8,9288.027014700689
BRN,Brunei Darussalam,2000,100.0,37509.59838477423
BRN,Brunei Darussalam,2001,100.0,37269.30992165869
BRN,Brunei Darussalam,2002,100.0,37976.26275736014
BRN,Brunei Darussalam,2003,100.0,38595.16885137023
BRN,Brunei Darussalam,2004,100.0,37948.65908251944
BRN,Brunei Darussalam,2005,100.0,37312.27787971215
BRN,Brunei Darussalam,2006,100.0,38229.35656841831
BRN,Brunei Darussalam,2007,100.0,36174.51651548605
BRN,Brunei Darussalam,2008,100.0,34126.69415639692
BRN,Brunei Darussalam,2009,100.0,32855.602160246635
BRN,Brunei Darussalam,2010,100.0,33121.31782417236
BRN,Brunei Darussalam,2011,100.0,33754.364078371254
BRN,Brunei Darussalam,2012,100.0,33544.53894578774
BRN,Brunei Darussalam,2013,100.0,32381.07397952309
BRN,Brunei Darussalam,2014,100.0,31148.72974054006
BRN,Brunei Darussalam,2015,100.0,30625.12877446564
BRN,Brunei Darussalam,2016,100.0,29492.414592778878
BRN,Brunei Darussalam,2017,100.0,29524.659127890023
BRN,Brunei Darussalam,2018,100.0,29200.19520242216
BRN,Brunei Darussalam,2019,100.0,29996.240722317503
BRN,Brunei Darussalam,2020,100.0,30015.9588506697
BRN,Brunei Darussalam,2021,100.0,29256.183367834252
BRN,Brunei Darussalam,2022,100.0,28549.17560604654
BRN,Brunei Darussalam,2023,100.0,28645.96453962838
BGR,Bulgaria,2000,88.1,3718.118959938633
BGR,Bulgaria,2001,88.6,3937.90285118373
BGR,Bulgaria,2002,89.1,4260.62251956893
BGR,Bulgaria,2003,89.6,4519.415326977
BGR,Bulgaria,2004,90.1,4850.119171845773
BGR,Bulgaria,2005,90.6,5231.605386070981
BGR,Bulgaria,2006,91.2,5630.089072453924
BGR,Bulgaria,2007,91.7,6049.051367264182
BGR,Bulgaria,2008,92.3,6465.052310711944
BGR,Bulgaria,2009,92.9,6289.046666092156
BGR,Bulgaria,2010,93.5,6429.045992331077
BGR,Bulgaria,2011,94.1,6605.646167368586
BGR,Bulgaria,2012,94.7,6693.769830607974
BGR,Bulgaria,2013,95.3,6793.0825359274495
BGR,Bulgaria,2014,95.9,6941.373198257762
BGR,Bulgaria,2015,96.6,7269.025865137114
BGR,Bulgaria,2016,97.3,7586.8917466811645
BGR,Bulgaria,2017,98.1,7899.110565898705
BGR,Bulgaria,2018,98.7,8194.79296320014
BGR,Bulgaria,2019,99.2,8626.575026574197
BGR,Bulgaria,2020,99.7,8440.514169645556
BGR,Bulgaria,2021,99.8,9161.945417593472
BGR,Bulgaria,2022,100.0,9598.358285715794
BGR,Bulgaria,2023,100.0,9787.76510584614
BFA,Burkina Faso,2000,9.1,428.3097965661981
BFA,Burkina Faso,2001,9.5,442.91412287004846
BFA,Burkina Faso,2002,9.9,448.1288563170914
BFA,Burkina Faso,2003,11.4,468.2630477901242
BFA,Burkina Faso,2004,10.7,474.086412333459
BFA,Burkina Faso,2005,11.1,499.1927975712173
BFA,Burkina Faso,2006,11.6,514.1131317570615
BFA,Burkina Faso,2007,12.0,519.2610121843395
BFA,Burkina Faso,2008,12.5,533.4712999382883
BFA,Burkina Faso,2009,12.6,533.470084831931
BFA,Burkina Faso,2010,13.1,561.8472213024888
BFA,Burkina Faso,2011,14.8,581.6036587374068
BFA,Burkina Faso,2012,15.1,600.731343697818
BFA,Burkina Faso,2013,15.4,616.7413311640822
BFA,Burkina Faso,2014,19.2,624.5768851876654
BFA,Burkina Faso,2015,16.2,630.124750752312
BFA,Burkina Faso,2016,16.6,648.4204801760125
BFA,Burkina Faso,2017,17.0,669.2763103283327
BFA,Burkina Faso,2018,14.4,694.4928131263506
BFA,Burkina Faso,2019,17.6,717.021595096634
BFA,Burkina Faso,2020,18.5,713.8421779223995
BFA,Burkina Faso,2021,19.0,745.4725634351441
BFA,Burkina Faso,2022,19.5,740.3063199302587
BFA,Burkina Faso,2023,21.7,745.4053346184086
BDI,Burundi,2000,2.5,264.154407180223
BDI,Burundi,2001,2.8,262.91388577438363
BDI,Burundi,2002,3.1,266.96814164834177
BDI,Burundi,2003,3.4,255.5008233856123
BDI,Burundi,2004,3.7,258.0500091153332
BDI,Burundi,2005,3.2,250.87893347593544
BDI,Burundi,2006,2.7,255.1055822519254
BDI,Burundi,2007,4.7,254.31172551633097
BDI,Burundi,2008,4.8,256.01246155449644
BDI,Burundi,2009,5.4,252.5820198758858
BDI,Burundi,2010,5.3,253.30857774992384
BDI,Burundi,2011,6.2,254.2421106482151
BDI,Burundi,2012,6.5,256.18039393187394
BDI,Burundi,2013,6.9,259.3111172033546
BDI,Burundi,2014,7.0,261.2967217520021
BDI,Burundi,2015,7.9,254.4025852267877
BDI,Burundi,2016,8.5,258.06197080406275
BDI,Burundi,2017,9.3,261.7258392872387
BDI,Burundi,2018,9.5,267.5086921726873
BDI,Burundi,2019,9.8,270.4110057108094
BDI,Burundi,2020,9.1,263.4638763625973
BDI,Burundi,2021,10.2,264.6826516584216
BDI,Burundi,2022,10.3,263.5875500491186
BDI,Burundi,2023,11.6,264.8433079451201
CPV,Cabo Verde,2000,58.6,2037.3172091271383
CPV,Cabo Verde,2001,60.3,2051.217338881015
CPV,Cabo Verde,2002,58.6,2127.708722965024
CPV,Cabo Verde,2003,63.7,2186.8950042276465
CPV,Cabo Verde,2004,65.4,2379.7963622413467
CPV,Cabo Verde,2005,67.0,2514.167792553269
CPV,Cabo Verde,2006,68.8,2683.839438568925
CPV,Cabo Verde,2007,70.5,3056.9710285115443
CPV,Cabo Verde,2008,72.3,3238.4415928749763
CPV,Cabo Verde,2009,74.1,3159.5869869397743
CPV,Cabo Verde,2010,81.1,3194.6166773423265
CPV,Cabo Verde,2011,82.3,3309.201216438979
CPV,Cabo Verde,2012,83.2,3341.742105483601
CPV,Cabo Verde,2013,84.3,3361.0938770220514
CPV,Cabo Verde,2014,85.3,3383.8422809790954
CPV,Cabo Verde,2015,86.4,3415.062667309312
CPV,Cabo Verde,2016,87.5,3560.140072953397
CPV,Cabo Verde,2017,88.6,3719.713060479148
CPV,Cabo Verde,2018,90.2,3853.679400352415
CPV,Cabo Verde,2019,91.4,4115.90283469406
CPV,Cabo Verde,2020,93.7,3255.936289840575
CPV,Cabo Verde,2021,95.5,3471.655342178596
CPV,Cabo Verde,2022,97.1,3997.7676325065327
CPV,Cabo Verde,2023,98.6,4168.677484075933
KHM,Cambodia,2000,16.6,598.5619152521472
KHM,Cambodia,2001,9.5,632.8335739808495
KHM,Cambodia,2002,13.1,662.1883412834542
KHM,Cambodia,2003,19.3,719.3334942405086
KHM,Cambodia,2004,14.2,775.8471390309785
KHM,Cambodia,2005,20.5,866.3402901232085
KHM,Cambodia,2006,27.5,947.0652200506912
KHM,Cambodia,2007,20.2,1030.2311762079162
KHM,Cambodia,2008,26.4,1090.5747580614675
KHM,Cambodia,2009,25.6,1117.2583419451437
KHM,Cambodia,2010,31.1,1155.8523685669866
KHM,Cambodia,2011,37.4,1221.388398524541
KHM,Cambodia,2012,42.3,1295.2527147789317
KHM,Cambodia,2013,50.9,1376.295575959256
KHM,Cambodia,2014,56.1,1464.531158669268
KHM,Cambodia,2015,62.7,1547.320104443935
KHM,Cambodia,2016,68.8,1645.4667157812587
KHM,Cambodia,2017,89.1,1753.9353050466204
KHM,Cambodia,2018,80.7,1884.28374817086
KHM,Cambodia,2019,84.0,2008.32094006706
KHM,Cambodia,2020,86.4,1908.6342751833563
KHM,Cambodia,2021,82.5,1938.764367417284
KHM,Cambodia,2022,92.3,2011.2743331326217
KHM,Cambodia,2023,95.0,2085.057484621225
CMR,Cameroon,2000,41.0,1151.2768930294671
CMR,Cameroon,2001,46.2,1169.9267046498426
CMR,Cameroon,2002,44.0,1189.9670789702654
CMR,Cameroon,2003,45.1,1221.0944614145385
CMR,Cameroon,2004,47.1,1271.7432687416708
CMR,Cameroon,2005,47.2,1264.74345218659
CMR,Cameroon,2006,49.0,1277.329907123417
CMR,Cameroon,2007,48.2,1295.7306747128673
CMR,Cameroon,2008,50.6,1295.0221127605205
CMR,Cameroon,2009,51.7,1290.8996135114862
CMR,Cameroon,2010,52.8,1290.9013745759012
CMR,Cameroon,2011,53.7,1297.3064962694025
CMR,Cameroon,2012,55.2,1319.669616340536
CMR,Cameroon,2013,56.3,1347.2130636705986
CMR,Cameroon,2014,56.8,1381.8193845490673
CMR,Cameroon,2015,58.6,1415.0000971056854
CMR,Cameroon,2016,59.8,1435.618307278388
CMR,Cameroon,2017,60.9,1444.9068291657331
CMR,Cameroon,2018,62.2,1461.0196999931686
CMR,Cameroon,2019,63.2,1470.3178527618725
CMR,Cameroon,2020,64.3,1434.5191372340912
CMR,Cameroon,2021,65.4,1443.576002376632
CMR,Cameroon,2022,71.0,1458.661804316926
CMR,Cameroon,2023,72.0,1468.1783700733736
CAN,Canada,2000,100.0,37906.898210120016
CAN,Canada,2001,100.0,38200.494502539535
CAN,Canada,2002,100.0,38921.70640545142
CAN,Canada,2003,100.0,39270.0629084669
CAN,Canada,2004,100.0,40108.79902629159
CAN,Canada,2005,100.0,41006.26414402396
CAN,Canada,2006,100.0,41663.55415881658
CAN,Canada,2007,100.0,42106.914718616485
CAN,Canada,2008,100.0,42067.610977794975
CAN,Canada,2009,100.0,40376.45593309276
CAN,Canada,2010,100.0,41164.38124865782
CAN,Canada,2011,100.0,42043.68420440078
CAN,Canada,2012,100.0,42320.685653001805
CAN,Canada,2013,100.0,42851.21358762322
CAN,Canada,2014,100.0,43643.27949109958
CAN,Canada,2015,100.0,43594.23790807062
CAN,Canada,2016,100.0,43551.38635582362
CAN,Canada,2017,100.0,44339.43322178779
CAN,Canada,2018,100.0,44907.38879944694
CAN,Canada,2019,100.0,45100.33680585898
CAN,Canada,2020,100.0,42366.17109352646
CAN,Canada,2021,100.0,44639.23811719925
CAN,Canada,2022,100.0,45883.005894189206
CAN,Canada,2023,100.0,45495.51008926053
CYM,Cayman Islands,2006,100.0,96066.62908323552
CYM,Cayman Islands,2007,100.0,96202.73794154928
CYM,Cayman Islands,2008,100.0,93115.31684163136
CYM,Cayman Islands,2009,100.0,84001.42156576074
CYM,Cayman Islands,2010,100.0,79483.09728136045
CYM,Cayman Islands,2011,100.0,78233.01875518762
CYM,Cayman Islands,2012,100.0,77074.38908725111
CYM,Cayman Islands,2013,100.0,76038.87955403497
CYM,Cayman Islands,2014,100.0,76104.62157274161
CYM,Cayman Islands,2015,100.0,76379.2095108681
CYM,Cayman Islands,2016,100.0,77031.86438736245
CYM,Cayman Islands,2017,100.0,77717.1752058822
CYM,Cayman Islands,2018,100.0,79305.76967299603
CYM,Cayman Islands,2019,100.0,80714.57182229875
CYM,Cayman Islands,2020,100.0,75199.64460062837
CYM,Cayman Islands,2021,100.0,77259.63310960575
CYM,Cayman Islands,2022,100.0,79942.11962902479
CYM,Cayman Islands,2023,100.0,82906.54549439541
CAF,Central African Republic,2000,6.0,437.1689284148256
CAF,Central African Republic,2001,5.7,446.6586341920831
CAF,Central African Republic,2002,6.1,452.8087022170347
CAF,Central African Republic,2003,6.6,418.2405322898585
CAF,Central African Republic,2004,7.0,433.8252277702332
CAF,Central African Republic,2005,7.4,427.9680431552368
CAF,Central African Republic,2006,7.8,439.2943309027676
CAF,Central African Republic,2007,8.4,450.7627854018929
CAF,Central African Republic,2008,7.5,450.3136168860222
CAF,Central African Republic,2009,9.4,492.2153989148365
CAF,Central African Republic,2010,9.8,519.1414564084844
CAF,Central African Republic,2011,10.4,532.3829549385199
CAF,Central African Republic,2012,11.0,553.7295783149125
CAF,Central African Republic,2013,11.5,349.82117168897287
CAF,Central African Republic,2014,12.0,351.5615549116249
CAF,Central African Republic,2015,12.7,366.3228539381206
CAF,Central African Republic,2016,13.4,376.8582541203984
CAF,Central African Republic,2017,14.1,387.3579513174203
CAF,Central African Republic,2018,14.6,395.02001545590855
CAF,Central African Republic,2019,14.3,401.8258216143503
CAF,Central African Republic,2020,15.4,398.8342741221393
CAF,Central African Republic,2021,15.7,396.02062293196144
CAF,Central African Republic,2022,15.7,398.9153979564201
CAF,Central African Republic,2023,17.6,397.4677957504514
TCD,Chad,2000,3.1,530.6003312663962
TCD,Chad,2001,3.4,572.8067068263921
TCD,Chad,2002,3.8,600.1714519749629
TCD,Chad,2003,4.1,661.5569166789703
TCD,Chad,2004,3.5,845.5181311657375
TCD,Chad,2005,4.8,952.8719100873194
TCD,Chad,2006,5.1,914.21066458867
TCD,Chad,2007,5.5,920.3528156776404
TCD,Chad,2008,5.9,916.08727463451
TCD,Chad,2009,6.3,871.4853112782074
TCD,Chad,2010,6.4,956.9530187073956
TCD,Chad,2011,9.0,965.2869635595667
TCD,Chad,2012,7.8,1016.4215206194192
TCD,Chad,2013,8.1,1008.6171142896144
TCD,Chad,2014,8.4,993.3211577064556
TCD,Chad,2015,7.7,993.9907306108692
TCD,Chad,2016,9.2,923.5658720511964
TCD,Chad,2017,10.9,879.0758954644166
TCD,Chad,2018,10.1,898.8347940050459
TCD,Chad,2019,8.4,917.203710060136
TCD,Chad,2020,10.9,884.9805419349386
TCD,Chad,2021,11.3,857.5276305797602
TCD,Chad,2022,11.7,862.602128172536
TCD,Chad,2023,12.0,856.9855072836983
CHI,Channel Islands,2009,100.0,67617.82054036959
CHI,Channel Islands,2010,100.0,64722.98329902972
CHI,Channel Islands,2011,100.0,65006.487128721565
CHI,Channel Islands,2012,100.0,60861.90064605009
CHI,Channel Islands,2013,100.0,60780.669022098
CHI,Channel Islands,2014,100.0,61892.80834457077
CHI,Channel Islands,2015,100.0,61847.82122388566
CHI,Channel Islands,2016,100.0,62434.18594442176
CHI,Channel Islands,2017,100.0,63393.39386986436
CHI,Channel Islands,2018,100.0,63859.98260966154
CHI,Channel Islands,2019,100.0,64594.52139086843
CHI,Channel Islands,2020,100.0,58636.70361433651
CHI,Channel Islands,2021,100.0,64267.6930018122
CHI,Channel Islands,2022,100.0,67508.93852766637
CHI,Channel Islands,2023,100.0,69818.15281191039
CHL,Chile,2000,97.9,8465.353032588642
CHL,Chile,2001,97.1,8632.014824405604
CHL,Chile,2002,97.3,8810.690527122566
CHL,Chile,2003,98.8,9130.7842621819
CHL,Chile,2004,97.5,9642.374786512277
CHL,Chile,2005,97.7,10104.420839137292
CHL,Chile,2006,99.4,10611.614401287736
CHL,Chile,2007,98.0,11051.345071767772
CHL,Chile,2008,98.2,11356.092210598314
CHL,Chile,2009,99.6,11116.409344310288
CHL,Chile,2010,99.5,11649.28970908564
CHL,Chile,2011,99.6,12252.844107461458
CHL,Chile,2012,100.0,12882.834417927044
CHL,Chile,2013,99.6,13182.732961985574
CHL,Chile,2014,100.0,13285.954036119225
CHL,Chile,2015,99.7,13433.920298703231
CHL,Chile,2016,100.0,13505.097711132956
CHL,Chile,2017,99.7,13473.345853293376
CHL,Chile,2018,100.0,13763.006884479451
CHL,Chile,2019,100.0,13631.928488517196
CHL,Chile,2020,100.0,12680.77615243779
CHL,Chile,2021,100.0,14056.251601954968
CHL,Chile,2022,100.0,14275.409464621072
CHL,Chile,2023,100.0,14294.710663559546
CHN,China,2000,96.7,2237.3004791869166
CHN,China,2001,97.0,2405.99411858042
CHN,China,2002,97.2,2610.662750704443
CHN,China,2003,97.4,2856.8505329321865
CHN,China,2004,97.7,3127.914448923372
CHN,China,2005,97.9,3465.7276706764223
CHN,China,2006,98.2,3883.27464370816
CHN,China,2007,98.5,4409.697094459863
CHN,China,2008,98.8,4811.3448634626175
CHN,China,2009,99.1,5237.788099823767
CHN,China,2010,99.7,5764.650123663753
CHN,China,2011,99.9,6275.716342888141
CHN,China,2012,99.9,6723.09003744607
CHN,China,2013,100.0,7197.937319496001
CHN,China,2014,100.0,7686.373695204032
CHN,China,2015,100.0,8175.332850773929
CHN,China,2016,100.0,8679.225288050411
CHN,China,2017,100.0,9221.350456398422
CHN,China,2018,100.0,9798.578905664015
CHN,China,2019,100.0,10356.292489058234
CHN,China,2020,100.0,10573.37940642114
CHN,China,2021,100.0,11469.317451451188
CHN,China,2022,100.0,11830.298767860955
CHN,China,2023,100.0,12483.979110124916
COL,Colombia,2000,95.2,4016.809517481673
COL,Colombia,2001,98.5,4020.50789754842
COL,Colombia,2002,94.9,4058.2849357873793
COL,Colombia,2003,95.1,4154.175285236175
COL,Colombia,2004,95.3,4311.915912552334
COL,Colombia,2005,96.8,4457.275374604425
COL,Colombia,2006,95.7,4694.034429391747
COL,Colombia,2007,96.0,4947.2526081310825
COL,Colombia,2008,96.8,5048.571872452488
COL,Colombia,2009,96.1,5046.971217577268
COL,Colombia,2010,96.8,5214.245476201313
COL,Colombia,2011,96.7,5517.101108689902
COL,Colombia,2012,97.0,5675.756179783048
COL,Colombia,2013,97.8,5910.8059230116605
COL,Colombia,2014,97.8,6121.839820198248
COL,Colombia,2015,98.2,6248.514905345122
COL,Colombia,2016,98.4,6316.070677825417
COL,Colombia,2017,98.5,6309.677452925182
COL,Colombia,2018,98.5,6353.546428539201
COL,Colombia,2019,99.4,6439.9635981264655
COL,Colombia,2020,99.7,5891.955232154031
COL,Colombia,2021,100.0,6457.169218070858
COL,Colombia,2022,100.0,6856.725905053739
COL,Colombia,2023,98.7,6837.373920845344
COM,Comoros,2000,39.8,1150.828710918071
COM,Comoros,2001,42.0,1188.5013904912664
COM,Comoros,2002,44.8,1217.1153433012846
COM,Comoros,2003,46.5,1216.9806947950876
COM,Comoros,2004,48.7,1231.1477994685097
COM,Comoros,2005,51.0,1274.6147094806597
COM,Comoros,2006,53.2,1227.2466943509185
COM,Comoros,2007,55.5,1212.6966173611004
COM,Comoros,2008,57.8,1235.9728046528696
COM,Comoros,2009,60.1,1250.9023714576258
COM,Comoros,2010,69.7,1272.6071620800733
COM,Comoros,2011,69.3,1299.1109344940764
COM,Comoros,2012,69.3,1313.5818755966632
COM,Comoros,2013,69.4,1343.546832806564
COM,Comoros,2014,71.8,1342.3295858321028
COM,Comoros,2015,74.1,1329.3704823598596
COM,Comoros,2016,76.4,1345.626165283101
COM,Comoros,2017,78.7,1369.4118027596262
COM,Comoros,2018,81.0,1391.8457044326674
COM,Comoros,2019,83.3,1389.3648801485897
COM,Comoros,2020,85.6,1359.7070891824987
COM,Comoros,2021,87.9,1360.3266336146237
COM,Comoros,2022,89.9,1366.9513495528952
COM,Comoros,2023,89.8,1383.6420175957458
COD,"Congo, Dem. Rep.",2000,6.7,339.5268222241601
COD,"Congo, Dem. Rep.",2001,7.1,322.03392002649366
COD,"Congo, Dem. Rep.",2002,7.7,321.54784818930455
COD,"Congo, Dem. Rep.",2003,8.3,329.7095365418765
COD,"Congo, Dem. Rep.",2004,9.0,341.7149257527656
COD,"Congo, Dem. Rep.",2005,6.0,351.7084864116832
COD,"Congo, Dem. Rep.",2006,10.2,358.454382275579
COD,"Congo, Dem. Rep.",2007,15.2,377.6228300558604
COD,"Congo, Dem. Rep.",2008,11.6,393.6405178986153
COD,"Congo, Dem. Rep.",2009,12.3,383.7262545412172
COD,"Congo, Dem. Rep.",2010,13.0,403.7223738785253
COD,"Congo, Dem. Rep.",2011,13.7,389.11930844976223
COD,"Congo, Dem. Rep.",2012,15.4,408.9662328162881
COD,"Congo, Dem. Rep.",2013,15.2,464.5267154604937
COD,"Congo, Dem. Rep.",2014,13.5,481.8302418837761
COD,"Congo, Dem. Rep.",2015,16.6,495.8266330148833
COD,"Congo, Dem. Rep.",2016,17.3,480.4613778804748
COD,"Congo, Dem. Rep.",2017,18.0,482.8546821285406
COD,"Congo, Dem. Rep.",2018,18.7,495.3121057110268
COD,"Congo, Dem. Rep.",2019,19.1,482.5242951294715
COD,"Congo, Dem. Rep.",2020,20.1,470.8529500009291
COD,"Congo, Dem. Rep.",2021,20.8,485.1608059297844
COD,"Congo, Dem. Rep.",2022,21.5,513.5127043721666
COD,"Congo, Dem. Rep.",2023,22.1,539.4591263791301
COG,"Congo, Rep.",2000,29.4,2057.0192202355106
COG,"Congo, Rep.",2001,30.3,2056.165059226174
COG,"Congo, Rep.",2002,31.2,2100.168767145736
COG,"Congo, Rep.",2003,32.1,2058.886836750381
COG,"Congo, Rep.",2004,33.0,2058.8840294689585
COG,"Congo, Rep.",2005,33.8,2140.036862002514
COG,"Congo, Rep.",2006,34.9,2226.0233547376
COG,"Congo, Rep.",2007,35.8,2004.10103961966
COG,"Congo, Rep.",2008,36.8,2061.5582988057413
COG,"Congo, Rep.",2009,37.1,2211.315723820279
COG,"Congo, Rep.",2010,40.0,2332.285080559529
COG,"Congo, Rep.",2011,40.8,2307.4938439971515
COG,"Congo, Rep.",2012,41.6,2467.0610290683885
COG,"Congo, Rep.",2013,42.5,2390.6575493866167
COG,"Congo, Rep.",2014,43.4,2488.681185489924
COG,"Congo, Rep.",2015,44.3,2439.351894036956
COG,"Congo, Rep.",2016,45.3,2174.1931025122426
COG,"Congo, Rep.",2017,46.2,2003.271210751872
COG,"Congo, Rep.",2018,47.0,1909.9560382117047
COG,"Congo, Rep.",2019,47.7,1885.5108087773124
COG,"Congo, Rep.",2020,48.7,1725.5104004996258
COG,"Congo, Rep.",2021,49.7,1701.790604568719
COG,"Congo, Rep.",2022,50.6,1686.0023439138515
COG,"Congo, Rep.",2023,51.3,1677.085492059241
CRI,Costa Rica,2000,96.9,7726.519856174673
CRI,Costa Rica,2001,98.2,7854.233975638188
CRI,Costa Rica,2002,98.5,7989.559261061047
CRI,Costa Rica,2003,98.7,8207.457478261413
CRI,Costa Rica,2004,99.0,8445.529175774293
CRI,Costa Rica,2005,99.1,8655.339676673728
CRI,Costa Rica,2006,99.1,9160.294373133793
CRI,Costa Rica,2007,99.2,9779.511502218273
CRI,Costa Rica,2008,99.3,10104.909235200506
CRI,Costa Rica,2009,99.4,9883.67568633785
CRI,Costa Rica,2010,99.0,10285.08567776668
CRI,Costa Rica,2011,99.2,10612.46949604263
CRI,Costa Rica,2012,99.5,11001.51930843955
CRI,Costa Rica,2013,99.6,11151.1437937744
CRI,Costa Rica,2014,99.4,11422.673597244151
CRI,Costa Rica,2015,99.4,11714.710612167237
CRI,Costa Rica,2016,99.5,12084.435141998822
CRI,Costa Rica,2017,99.6,12468.565484933635
CRI,Costa Rica,2018,99.7,12708.804282835934
CRI,Costa Rica,2019,99.7,12944.013449340962
CRI,Costa Rica,2020,99.9,12322.235945853414
CRI,Costa Rica,2021,100.0,13267.254950803512
CRI,Costa Rica,2022,100.0,13931.846161476393
CRI,Costa Rica,2023,100.0,14531.500513746569
HRV,Croatia,2000,100.0,8880.477891264278
HRV,Croatia,2001,100.0,9515.927144764211
HRV,Croatia,2002,100.0,10062.060251676863
HRV,Croatia,2003,100.0,10619.335187498467
HRV,Croatia,2004,99.9,11059.127415515824
HRV,Croatia,2005,99.9,11522.944604729044
HRV,Croatia,2006,99.8,12104.294721936134
HRV,Croatia,2007,99.8,12718.200249897922
HRV,Croatia,2008,100.0,12970.514371230214
HRV,Croatia,2009,100.0,12099.704522836722
HRV,Croatia,2010,100.0,11965.14149566758
HRV,Croatia,2011,100.0,11993.133716645654
HRV,Croatia,2012,100.0,11780.585349125344
HRV,Croatia,2013,100.0,11838.45543885953
HRV,Croatia,2014,100.0,11862.781570626552
HRV,Croatia,2015,100.0,12283.875029917666
HRV,Croatia,2016,100.0,12848.473748279042
HRV,Croatia,2017,100.0,13485.37113605759
HRV,Croatia,2018,100.0,14061.059740291885
HRV,Croatia,2019,100.0,14641.87355784876
HRV,Croatia,2020,100.0,13545.74022894272
HRV,Croatia,2021,100.0,15395.286160512796
HRV,Croatia,2022,100.0,16618.333378618263
HRV,Croatia,2023,100.0,17225.45045156968
CUB,Cuba,2000,97.0,4112.2616835067065
CUB,Cuba,2001,96.2,4229.903094333557
CUB,Cuba,2002,95.5,4277.39565642359
CUB,Cuba,2003,96.5,4426.965995918332
CUB,Cuba,2004,96.6,4670.188021380245
CUB,Cuba,2005,96.8,5182.352836017325
CUB,Cuba,2006,96.9,5799.411636686153
CUB,Cuba,2007,97.1,6215.766037277716
CUB,Cuba,2008,97.3,6469.085078476681
CUB,Cuba,2009,97.6,6561.253050930061
CUB,Cuba,2010,97.8,6716.490484970583
CUB,Cuba,2011,98.0,6902.163975711391
CUB,Cuba,2012,98.3,7109.248341856352
CUB,Cuba,2013,98.5,7307.820044107413
CUB,Cuba,2014,98.7,7392.483246330271
CUB,Cuba,2015,99.0,7727.919972079983
CUB,Cuba,2016,99.2,7774.0698462623
CUB,Cuba,2017,99.4,7927.277694317665
CUB,Cuba,2018,99.6,8120.43123558256
CUB,Cuba,2019,99.8,8124.752820591077
CUB,Cuba,2020,99.9,7252.288111798439
CUB,Cuba,2021,100.0,7379.042752836741
CUB,Cuba,2022,100.0,7552.331522188416
CUB,Cuba,2023,100.0,7433.428853996736
CUW,Curaçao,2000,100.0,21523.645897370232
CUW,Curaçao,2001,99.9,22171.06554604216
CUW,Curaçao,2002,99.9,22231.87930916245
CUW,Curaçao,2003,99.8,21840.89131683964
CUW,Curaçao,2004,99.8,21512.11160351708
CUW,Curaçao,2005,99.7,21112.3219220136
CUW,Curaçao,2006,99.7,20913.663039440693
CUW,Curaçao,2007,99.7,21011.157062201062
CUW,Curaçao,2008,99.7,21202.430511557453
CUW,Curaçao,2009,99.7,20952.89984518639
CUW,Curaçao,2010,100.0,20706.437457765824
CUW,Curaçao,2011,100.0,20518.09860871025
CUW,Curaçao,2012,100.0,20277.511191657148
CUW,Curaçao,2013,100.0,19921.47706340639
CUW,Curaçao,2014,100.0,19529.52867049748
CUW,Curaçao,2015,100.0,19361.8130008678
CUW,Curaçao,2016,100.0,18953.053741500327
CUW,Curaçao,2017,100.0,18651.47981424409
CUW,Curaçao,2018,100.0,18355.1767135889
CUW,Curaçao,2019,100.0,17980.529817711413
CUW,Curaçao,2020,100.0,14849.96984749169
CUW,Curaçao,2021,100.0,15625.411322795304
CUW,Curaçao,2022,100.0,16772.81469891534
CUW,Curaçao,2023,100.0,17326.964548133557
CYP,Cyprus,2000,100.0,22383.955078125
CYP,Cyprus,2001,100.0,23019.240234375
CYP,Cyprus,2002,100.0,23604.177734375
CYP,Cyprus,2003,100.0,23930.7734375
CYP,Cyprus,2004,100.0,24799.63671875
CYP,Cyprus,2005,100.0,25631.35546875
CYP,Cyprus,2006,100.0,26395.490234375
CYP,Cyprus,2007,100.0,27156.806640625
CYP,Cyprus,2008,100.0,27449.212890625
CYP,Cyprus,2009,100.0,26183.673828125
CYP,Cyprus,2010,100.0,26090.037109375
CYP,Cyprus,2011,100.0,25538.76953125
CYP,Cyprus,2012,100.0,24285.484375
CYP,Cyprus,2013,100.0,22711.708984375
CYP,Cyprus,2014,100.0,22373.56640625
CYP,Cyprus,2015,100.0,23088.4296875
CYP,Cyprus,2016,100.0,24477.974609375
CYP,Cyprus,2017,100.0,25665.990234375
CYP,Cyprus,2018,100.0,26962.392578125
CYP,Cyprus,2019,100.0,28167.146484375
CYP,Cyprus,2020,100.0,26895.671875
CYP,Cyprus,2021,100.0,29517.05859375
CYP,Cyprus,2022,100.0,31505.2109375
CYP,Cyprus,2023,100.0,32022.01953125
CZE,Czechia,2000,100.0,12543.93643423666
CZE,Czechia,2001,100.0,12958.466760753296
CZE,Czechia,2002,100.0,13179.98780927412
CZE,Czechia,2003,100.0,13618.934963316413
CZE,Czechia,2004,100.0,14259.633427980036
CZE,Czechia,2005,100.0,15147.721441761109
CZE,Czechia,2006,100.0,16107.304250268831
CZE,Czechia,2007,100.0,16892.54285497405
CZE,Czechia,2008,100.0,17190.64703332894
CZE,Czechia,2009,100.0,16272.808476671911
CZE,Czechia,2010,100.0,16665.9317825137
CZE,Czechia,2011,100.0,16926.284667443535
CZE,Czechia,2012,100.0,16772.353922332768
CZE,Czechia,2013,100.0,16759.7808635642
CZE,Czechia,2014,100.0,17118.04255715785
CZE,Czechia,2015,100.0,17931.59876707676
CZE,Czechia,2016,100.0,18359.097810390373
CZE,Czechia,2017,100.0,19257.69306809109
CZE,Czechia,2018,100.0,19736.6295261285
CZE,Czechia,2019,100.0,20360.059922181357
CZE,Czechia,2020,100.0,19233.1469549829
CZE,Czechia,2021,100.0,20373.878304342365
CZE,Czechia,2022,100.0,20627.34865101097
CZE,Czechia,2023,100.0,20272.587401733424
CIV,Côte d’Ivoire,2000,48.7,1717.9538565123084
CIV,Côte d’Ivoire,2001,49.7,1636.5731870521795
CIV,Côte d’Ivoire,2002,51.4,1551.279259028382
CIV,Côte d’Ivoire,2003,51.5,1441.5880175503685
CIV,Côte d’Ivoire,2004,52.4,1451.8654714189363
CIV,Côte d’Ivoire,2005,58.9,1431.7332020311126
CIV,Côte d’Ivoire,2006,60.2,1437.7745379858582
CIV,Côte d’Ivoire,2007,55.3,1420.1738958245014
CIV,Côte d’Ivoire,2008,60.3,1454.627318000822
CIV,Côte d’Ivoire,2009,57.3,1473.9183699329042
CIV,Côte d’Ivoire,2010,58.4,1540.5292727024596
CIV,Côte d’Ivoire,2011,55.8,1426.4646386453364
CIV,Côte d’Ivoire,2012,55.8,1503.4343304668153
CIV,Côte d’Ivoire,2013,61.5,1632.3271278700586
CIV,Côte d’Ivoire,2014,61.9,1742.5369300117768
CIV,Côte d’Ivoire,2015,62.6,1814.7185508801676
CIV,Côte d’Ivoire,2016,64.3,1889.277779499377
CIV,Côte d’Ivoire,2017,65.6,1972.8143178894709
CIV,Côte d’Ivoire,2018,67.1,2013.323075984985
CIV,Côte d’Ivoire,2019,68.6,2093.0999433577917
CIV,Côte d’Ivoire,2020,69.9,2055.0848399643223
CIV,Côte d’Ivoire,2021,71.1,2146.460475290115
CIV,Côte d’Ivoire,2022,72.0,2227.0819782058425
CIV,Côte d’Ivoire,2023,72.4,2315.3643471032387
DNK,Denmark,2000,100.0,49266.98827578864
DNK,Denmark,2001,100.0,49557.1509962227
DNK,Denmark,2002,100.0,49624.59653595817
DNK,Denmark,2003,100.0,49708.09090841091
DNK,Denmark,2004,100.0,50956.30453988138
DNK,Denmark,2005,100.0,52015.18411690207
DNK,Denmark,2006,100.0,53823.159029548166
DNK,Denmark,2007,100.0,54113.97714713412
DNK,Denmark,2008,100.0,53572.53465681847
DNK,Denmark,2009,100.0,50635.91180619885
DNK,Denmark,2010,100.0,51209.449275777486
DNK,Denmark,2011,100.0,51667.53132104252
DNK,Denmark,2012,100.0,51470.68984542696
DNK,Denmark,2013,100.0,51970.39093248062
DNK,Denmark,2014,100.0,52368.36259692723
DNK,Denmark,2015,100.0,53094.01336075736
DNK,Denmark,2016,100.0,54300.20396219914
DNK,Denmark,2017,100.0,55601.01457177868
DNK,Denmark,2018,100.0,56355.07330847141
DNK,Denmark,2019,100.0,57114.62273363469
DNK,Denmark,2020,100.0,55934.55559455232
DNK,Denmark,2021,100.0,59312.81580437706
DNK,Denmark,2022,100.0,59108.74493740683
DNK,Denmark,2023,100.0,59026.98436509993
DJI,Djibouti,2013,58.6,2140.1376944233584
DJI,Djibouti,2014,58.9,2253.1408224976817
DJI,Djibouti,2015,59.1,2376.1255471987265
DJI,Djibouti,2016,59.8,2502.8518144943146
DJI,Djibouti,2017,60.2,2596.45134698268
DJI,Djibouti,2018,62.4,2677.1650334451
DJI,Djibouti,2019,64.7,2781.9435011348387
DJI,Djibouti,2020,64.5,2773.4066178009693
DJI,Djibouti,2021,65.4,2854.15987035097
DJI,Djibouti,2022,65.0,2959.786730112679
DJI,Djibouti,2023,65.2,3117.8155381531
DMA,Dominica,2000,81.1,6879.597372739179
DMA,Dominica,2001,82.1,6897.656740865178
DMA,Dominica,2002,87.7,6676.972714679568
DMA,Dominica,2003,84.0,7047.661895959456
DMA,Dominica,2004,85.0,7323.853000827505
DMA,Dominica,2005,86.0,7381.747285294527
DMA,Dominica,2006,87.0,7698.5370148382435
DMA,Dominica,2007,88.1,8106.189518783252
DMA,Dominica,2008,90.9,8682.573781797728
DMA,Dominica,2009,90.2,8582.714814357185
DMA,Dominica,2010,91.3,8574.273086822379
DMA,Dominica,2011,90.1,8553.838467010395
DMA,Dominica,2012,93.5,8532.34388117289
DMA,Dominica,2013,94.6,8459.658698802403
DMA,Dominica,2014,95.7,8576.26367623609
DMA,Dominica,2015,96.7,8282.598747021415
DMA,Dominica,2016,97.8,8499.522919031491
DMA,Dominica,2017,98.9,7985.6341102129
DMA,Dominica,2018,99.6,8261.16492553236
DMA,Dominica,2019,99.9,8624.516959935374
DMA,Dominica,2020,100.0,7302.944549512538
DMA,Dominica,2021,100.0,7738.317300703863
DMA,Dominica,2022,100.0,8590.922090698159
DMA,Dominica,2023,100.0,8946.988225880425
DOM,Dominican Republic,2000,88.8,4123.105731631146
DOM,Dominican Republic,2001,89.8,4158.984302824295
DOM,Dominican Republic,2002,89.7,4280.801823974078
DOM,Dominican Republic,2003,89.2,4162.666861176606
DOM,Dominican Republic,2004,90.3,4212.010441217729
DOM,Dominican Republic,2005,90.1,4549.24957008857
DOM,Dominican Republic,2006,90.1,4904.717158393978
DOM,Dominican Republic,2007,96.9,5204.785006522538
DOM,Dominican Republic,2008,97.6,5308.92664966814
DOM,Dominican Republic,2009,97.9,5294.649533744258
DOM,Dominican Republic,2010,98.1,5666.456334302058
DOM,Dominican Republic,2011,97.9,5773.574034591559
DOM,Dominican Republic,2012,97.9,5860.298933210133
DOM,Dominican Republic,2013,98.4,6075.033999727373
DOM,Dominican Republic,2014,98.5,6430.278110513385
DOM,Dominican Republic,2015,98.6,6800.953093954736
DOM,Dominican Republic,2016,98.9,7177.753764754883
DOM,Dominican Republic,2017,100.0,7379.399780671366
DOM,Dominican Republic,2018,98.9,7818.70593240469
DOM,Dominican Republic,2019,99.0,8117.046391857863
DOM,Dominican Republic,2020,100.0,7395.873426239604
DOM,Dominican Republic,2021,98.1,8344.905103123949
DOM,Dominican Republic,2022,98.1,8698.135920943952
DOM,Dominican Republic,2023,99.6,8809.96335385949
ECU,Ecuador,2000,93.7,3953.398797283572
ECU,Ecuador,2001,94.0,4049.000188995097
ECU,Ecuador,2002,94.2,4174.8979357996495
ECU,Ecuador,2003,95.0,4220.212984666379
ECU,Ecuador,2004,94.8,4430.237179841884
ECU,Ecuador,2005,95.8,4589.328492034524
ECU,Ecuador,2006,96.3,4706.980568238164
ECU,Ecuador,2007,96.8,4715.303598425548
ECU,Ecuador,2008,97.2,4939.902150217888
ECU,Ecuador,2009,96.5,4909.336817056835
ECU,Ecuador,2010,97.5,5022.203743872045
ECU,Ecuador,2011,96.9,5359.457246156387
ECU,Ecuador,2012,97.2,5579.856242821576
ECU,Ecuador,2013,98.0,5893.321726830364
ECU,Ecuador,2014,99.0,6055.041727614853
ECU,Ecuador,2015,98.8,5976.159680565097
ECU,Ecuador,2016,98.7,5849.135879336722
ECU,Ecuador,2017,99.2,6104.272535217513
ECU,Ecuador,2018,98.7,6063.095617877599
ECU,Ecuador,2019,99.1,5971.389383867231
ECU,Ecuador,2020,98.9,5355.689341964435
ECU,Ecuador,2021,100.0,5815.094773909489
ECU,Ecuador,2022,100.0,6107.494950065426
ECU,Ecuador,2023,98.7,6165.409775556953
EGY,"Egypt, Arab Rep.",2000,97.7,2458.608350031538
EGY,"Egypt, Arab Rep.",2001,97.4,2492.034411888607
EGY,"Egypt, Arab Rep.",2002,97.5,2498.4812119433955
EGY,"Egypt, Arab Rep.",2003,98.8,2524.8047719575266
EGY,"Egypt, Arab Rep.",2004,97.8,2574.42341789647
EGY,"Egypt, Arab Rep.",2005,99.4,2635.7030522663404
EGY,"Egypt, Arab Rep.",2006,99.0,2761.624107683114
EGY,"Egypt, Arab Rep.",2007,98.4,2902.065598032591
EGY,"Egypt, Arab Rep.",2008,99.8,3052.2129784594026
EGY,"Egypt, Arab Rep.",2009,98.9,3135.0966130571187
EGY,"Egypt, Arab Rep.",2010,99.4,3233.845212493056
EGY,"Egypt, Arab Rep.",2011,99.4,3222.3765011139703
EGY,"Egypt, Arab Rep.",2012,99.7,3220.991942011885
EGY,"Egypt, Arab Rep.",2013,99.9,3216.378390244536
EGY,"Egypt, Arab Rep.",2014,99.8,3235.6624623551925
EGY,"Egypt, Arab Rep.",2015,99.3,3306.981594141408
EGY,"Egypt, Arab Rep.",2016,100.0,3381.2224630771243
EGY,"Egypt, Arab Rep.",2017,100.0,3452.9096124597622
EGY,"Egypt, Arab Rep.",2018,100.0,3568.639662863646
EGY,"Egypt, Arab Rep.",2019,100.0,3701.2446344954
EGY,"Egypt, Arab Rep.",2020,100.0,3770.869478685437
EGY,"Egypt, Arab Rep.",2021,100.0,3837.3199232525626
EGY,"Egypt, Arab Rep.",2022,100.0,4029.782954582041
EGY,"Egypt, Arab Rep.",2023,100.0,4111.311847901801
SLV,El Salvador,2000,84.5,2964.893468814063
SLV,El Salvador,2001,87.1,2978.597348446685
SLV,El Salvador,2002,87.5,3016.06307728602
SLV,El Salvador,2003,87.0,3057.164676290973
SLV,El Salvador,2004,87.4,3081.2362966523388
SLV,El Salvador,2005,87.5,3163.361183768327
SLV,El Salvador,2006,89.2,3302.348173543466
SLV,El Salvador,2007,91.1,3359.1623024135038
SLV,El Salvador,2008,91.0,3420.4492735744348
SLV,El Salvador,2009,91.1,3337.8115087821066
SLV,El Salvador,2010,91.6,3398.493460603629
SLV,El Salvador,2011,92.6,3515.196646348464
SLV,El Salvador,2012,93.7,3600.319125055182
SLV,El Salvador,2013,95.0,3665.900441678543
SLV,El Salvador,2014,95.1,3713.94992016222
SLV,El Salvador,2015,95.4,3790.340891081616
SLV,El Salvador,2016,96.0,3875.846913579542
SLV,El Salvador,2017,96.8,3954.840142775724
SLV,El Salvador,2018,97.0,4046.162917205832
SLV,El Salvador,2019,97.4,4143.114370978674
SLV,El Salvador,2020,99.7,3808.531954364088
SLV,El Salvador,2021,97.9,4247.547503949775
SLV,El Salvador,2022,100.0,4355.960371085554
SLV,El Salvador,2023,98.3,4481.196641083564
GNQ,Equatorial Guinea,2000,64.8,3839.086427371285
GNQ,Equatorial Guinea,2001,64.9,5882.850503065864
GNQ,Equatorial Guinea,2002,64.9,6604.005463108096
GNQ,Equatorial Guinea,2003,64.9,7082.654891869213
GNQ,Equatorial Guinea,2004,64.9,9208.605667071624
GNQ,Equatorial Guinea,2005,65.0,10212.45450514976
GNQ,Equatorial Guinea,2006,65.1,10521.999677482723
GNQ,Equatorial Guinea,2007,65.1,11594.917206845575
GNQ,Equatorial Guinea,2008,65.2,13048.070305016829
GNQ,Equatorial Guinea,2009,65.4,12627.86238154495
GNQ,Equatorial Guinea,2010,66.1,10984.324393242552
GNQ,Equatorial Guinea,2011,66.1,11203.907367909114
GNQ,Equatorial Guinea,2012,65.7,11650.719627088396
GNQ,Equatorial Guinea,2013,65.9,10731.645572919062
GNQ,Equatorial Guinea,2014,66.0,10363.487247354897
GNQ,Equatorial Guinea,2015,66.1,9068.910032386446
GNQ,Equatorial Guinea,2016,66.2,7971.834019045732
GNQ,Equatorial Guinea,2017,66.4,7259.109364548028
GNQ,Equatorial Guinea,2018,66.5,6578.900397657107
GNQ,Equatorial Guinea,2019,66.6,6018.120663218655
GNQ,Equatorial Guinea,2020,66.7,5575.262415114922
GNQ,Equatorial Guinea,2021,66.8,5487.924792019916
GNQ,Equatorial Guinea,2022,67.0,5524.243124185794
GNQ,Equatorial Guinea,2023,66.9,4992.260768145712
ERI,Eritrea,2000,29.3,845.1324300605436
ERI,Eritrea,2001,30.3,893.2687354391927
ERI,Eritrea,2002,32.2,889.0091135929823
ERI,Eritrea,2003,32.4,830.3796722826013
ERI,Eritrea,2004,33.4,808.5914201845922
ERI,Eritrea,2005,34.5,809.7947934688887
ERI,Eritrea,2006,35.6,789.4024320180846
ERI,Eritrea,2007,36.7,789.072701743247
ERI,Eritrea,2008,37.8,693.3988742124936
ERI,Eritrea,2009,38.9,702.4309364807783
ERI,Eritrea,2010,40.1,703.8773743816538
ERI,Eritrea,2011,41.2,751.3748997946678
EST,Estonia,2000,100.0,10006.7696280939
EST,Estonia,2001,100.0,10662.94550203306
EST,Estonia,2002,100.0,11474.662272192318
EST,Estonia,2003,100.0,12424.044153569328
EST,Estonia,2004,100.0,13348.528446332368
EST,Estonia,2005,100.0,14703.61797077725
EST,Estonia,2006,100.0,16234.5152041417
EST,Estonia,2007,100.0,17543.46617857232
EST,Estonia,2008,100.0,16688.997772177965
EST,Estonia,2009,100.0,14274.851108678657
EST,Estonia,2010,100.0,14657.939813611953
EST,Estonia,2011,100.0,15820.922342204003
EST,Estonia,2012,100.0,16460.68434790011
EST,Estonia,2013,100.0,16809.53266837812
EST,Estonia,2014,100.0,17413.68675602116
EST,Estonia,2015,100.0,17722.155766952314
EST,Estonia,2016,100.0,18264.9873304279
EST,Estonia,2017,100.0,19270.8141210511
EST,Estonia,2018,100.0,19914.34549228784
EST,Estonia,2019,100.0,20579.87567323757
EST,Estonia,2020,100.0,19946.945696898005
EST,Estonia,2021,100.0,21570.66584552681
EST,Estonia,2022,100.0,21023.299493724604
EST,Estonia,2023,100.0,20126.37304869572
SWZ,Eswatini,2000,20.4,2273.046837610558
SWZ,Eswatini,2001,26.9,2283.9831681536107
SWZ,Eswatini,2002,25.9,2358.569356434677
SWZ,Eswatini,2003,28.7,2448.83792077995
SWZ,Eswatini,2004,31.4,2522.1434209716667
SWZ,Eswatini,2005,34.2,2658.7518050818708
SWZ,Eswatini,2006,35.2,2823.4872821540225
SWZ,Eswatini,2007,39.8,2928.468458230149
SWZ,Eswatini,2008,42.6,2950.673343621323
SWZ,Eswatini,2009,38.6,2973.834569123791
SWZ,Eswatini,2010,45.6,3069.5217572588367
SWZ,Eswatini,2011,51.2,3108.7022525309217
SWZ,Eswatini,2012,54.3,3218.5013820549298
SWZ,Eswatini,2013,57.5,3332.119839279124
SWZ,Eswatini,2014,65.0,3381.7929207129114
SWZ,Eswatini,2015,64.1,3419.822765595284
SWZ,Eswatini,2016,63.4,3500.176888479416
SWZ,Eswatini,2017,73.5,3596.236054004921
SWZ,Eswatini,2018,74.0,3565.54285067501
SWZ,Eswatini,2019,77.0,3759.671069646664
SWZ,Eswatini,2020,80.0,3609.3669136859
SWZ,Eswatini,2021,82.9,3719.03838239806
SWZ,Eswatini,2022,82.3,3695.649571795481
SWZ,Eswatini,2023,86.4,3790.165767880914
ETH,Ethiopia,2000,12.7,247.50541365969403
ETH,Ethiopia,2001,10.2,260.0423160813501
ETH,Ethiopia,2002,11.9,256.06663588370867
ETH,Ethiopia,2003,13.5,243.07666602000856
ETH,Ethiopia,2004,15.2,267.92351339171177
ETH,Ethiopia,2005,14.0,290.8333814250588
ETH,Ethiopia,2006,18.6,313.01389672150344
ETH,Ethiopia,2007,20.3,338.7990646543079
ETH,Ethiopia,2008,22.0,364.6422081557351
ETH,Ethiopia,2009,23.7,385.63241971137353
ETH,Ethiopia,2010,25.5,421.89862237863287
ETH,Ethiopia,2011,23.0,455.90962864855527
ETH,Ethiopia,2012,29.0,481.6399999098084
ETH,Ethiopia,2013,30.8,518.324662208106
ETH,Ethiopia,2014,27.2,556.3625322438668
ETH,Ethiopia,2015,29.0,597.9121132186633
ETH,Ethiopia,2016,42.9,636.835680951429
ETH,Ethiopia,2017,44.3,678.9854191575698
ETH,Ethiopia,2018,44.8,705.9688120733598
ETH,Ethiopia,2019,48.0,744.7027897400424
ETH,Ethiopia,2020,51.1,768.7054244848733
ETH,Ethiopia,2021,54.2,790.6570196024576
ETH,Ethiopia,2022,55.4,811.1777293373209
ETH,Ethiopia,2023,55.4,842.446604881663
FRO,Faroe Islands,2008,100.0,44623.031587197496
FRO,Faroe Islands,2009,100.0,42379.08511760438
FRO,Faroe Islands,2010,100.0,42334.39162898797
FRO,Faroe Islands,2011,100.0,43947.15706258205
FRO,Faroe Islands,2012,100.0,47304.8451728204
FRO,Faroe Islands,2013,100.0,50121.79196845739
FRO,Faroe Islands,2014,100.0,52645.87699577282
FRO,Faroe Islands,2015,100.0,52638.26682184536
FRO,Faroe Islands,2016,100.0,52758.46264615401
FRO,Faroe Islands,2017,100.0,53832.10227527976
FRO,Faroe Islands,2018,100.0,54432.52576580663
FRO,Faroe Islands,2019,100.0,56031.66287012926
FRO,Faroe Islands,2020,100.0,54305.79188233342
FRO,Faroe Islands,2021,100.0,56275.53066141242
FRO,Faroe Islands,2022,100.0,57784.72237029138
FRO,Faroe Islands,2023,100.0,59067.56374462965
FJI,Fiji,2000,76.8,3960.889034581931
FJI,Fiji,2001,77.7,3998.7973000803577
FJI,Fiji,2002,79.6,4086.104329813304
FJI,Fiji,2003,80.0,4087.72446536081
FJI,Fiji,2004,80.6,4264.597258023763
FJI,Fiji,2005,81.6,4255.450960250109
FJI,Fiji,2006,82.6,4295.406770748057
FJI,Fiji,2007,88.9,4223.44802067613
FJI,Fiji,2008,86.2,4240.772648986161
FJI,Fiji,2009,85.6,4164.293148155687
FJI,Fiji,2010,92.4,4272.359162103824
FJI,Fiji,2011,92.5,4375.580835140774
FJI,Fiji,2012,92.6,4427.9784152355205
FJI,Fiji,2013,91.8,4630.351273848801
FJI,Fiji,2014,93.0,4883.242993407986
FJI,Fiji,2015,93.2,5097.531068646955
FJI,Fiji,2016,93.4,5218.858245734775
FJI,Fiji,2017,96.0,5500.678402800717
FJI,Fiji,2018,95.1,5720.214457529074
FJI,Fiji,2019,96.1,5701.104345323565
FJI,Fiji,2020,97.1,4721.122812872529
FJI,Fiji,2021,92.1,4507.333530133352
FJI,Fiji,2022,92.0,5291.516924394506
FJI,Fiji,2023,99.3,5761.56947891018
FIN,Finland,2000,100.0,37872.60203435044
FIN,Finland,2001,100.0,38784.13081157258
FIN,Finland,2002,100.0,39343.06989976267
FIN,Finland,2003,100.0,40038.983970227695
FIN,Finland,2004,100.0,41521.962874475976
FIN,Finland,2005,100.0,42529.35069208835
FIN,Finland,2006,100.0,44069.39588347173
FIN,Finland,2007,100.0,46213.689897573706
FIN,Finland,2008,100.0,46359.87328440548
FIN,Finland,2009,100.0,42412.51335135337
FIN,Finland,2010,100.0,43556.53858343677
FIN,Finland,2011,100.0,44391.45356679841
FIN,Finland,2012,100.0,43507.934537157846
FIN,Finland,2013,100.0,42883.63849864172
FIN,Finland,2014,100.0,42502.488019985794
FIN,Finland,2015,100.0,42560.34567671027
FIN,Finland,2016,100.0,43529.676161696894
FIN,Finland,2017,100.0,44862.22040420497
FIN,Finland,2018,100.0,45337.24095505746
FIN,Finland,2019,100.0,45898.57084489545
FIN,Finland,2020,100.0,44690.98011030744
FIN,Finland,2021,100.0,45792.04541808715
FIN,Finland,2022,100.0,46016.149210392905
FIN,Finland,2023,100.0,45196.481440013646
FRA,France,2000,100.0,33255.137964233465
FRA,France,2001,100.0,33640.673800256496
FRA,France,2002,100.0,33753.57829797584
FRA,France,2003,100.0,33840.617572010065
FRA,France,2004,100.0,34557.147111158134
FRA,France,2005,100.0,34946.03724947029
FRA,France,2006,100.0,35645.41624271162
FRA,France,2007,100.0,36322.16851410037
FRA,France,2008,100.0,36257.365893093775
FRA,France,2009,100.0,35052.851077268315
FRA,France,2010,100.0,35578.196801018275
FRA,France,2011,100.0,36269.95615308881
FRA,France,2012,100.0,36161.29182534653
FRA,France,2013,100.0,36256.08668098103
FRA,France,2014,100.0,36444.39490891461
FRA,France,2015,100.0,36702.432373337935
FRA,France,2016,100.0,36920.53428469139
FRA,France,2017,100.0,37580.59793293561
FRA,France,2018,100.0,38062.44359614122
FRA,France,2019,100.0,38705.20729406184
FRA,France,2020,100.0,35709.20459259257
FRA,France,2021,100.0,38030.85716851778
FRA,France,2022,100.0,38868.330333055725
FRA,France,2023,100.0,39319.41522272951
PYF,French Polynesia,2000,100.0,22498.828553032785
PYF,French Polynesia,2001,100.0,22076.59191626245
PYF,French Polynesia,2002,100.0,21932.91953334184
PYF,French Polynesia,2003,100.0,22055.641970219614
PYF,French Polynesia,2004,100.0,21919.94105893778
PYF,French Polynesia,2005,100.0,21661.42446640536
PYF,French Polynesia,2006,100.0,21545.59971364725
PYF,French Polynesia,2007,100.0,21648.53223768196
PYF,French Polynesia,2008,100.0,21493.417831124894
PYF,French Polynesia,2009,100.0,20499.7723032831
PYF,French Polynesia,2010,100.0,19913.02526879148
PYF,French Polynesia,2011,100.0,19241.64379516245
PYF,French Polynesia,2012,100.0,18968.44221579036
PYF,French Polynesia,2013,100.0,18930.12688870117
PYF,French Polynesia,2014,100.0,18928.18586201284
PYF,French Polynesia,2015,100.0,19166.959476193068
PYF,French Polynesia,2016,100.0,19516.071835327573
PYF,French Polynesia,2017,100.0,20287.768583166308
PYF,French Polynesia,2018,100.0,20674.420682902863
PYF,French Polynesia,2019,100.0,21289.87512411394
PYF,French Polynesia,2020,100.0,19026.790444196
PYF,French Polynesia,2021,100.0,19626.23325402057
PYF,French Polynesia,2022,100.0,20160.49942983793
PYF,French Polynesia,2023,100.0,20664.97702592248
GAB,Gabon,2000,73.6,7596.099706505193
GAB,Gabon,2001,77.2,7556.769953148979
GAB,Gabon,2002,77.8,7338.75620613605
GAB,Gabon,2003,78.5,7301.671544428417
GAB,Gabon,2004,79.2,7148.98713447497
GAB,Gabon,2005,81.6,7130.225057717536
GAB,Gabon,2006,80.5,6724.0814897727405
GAB,Gabon,2007,81.3,6908.673991629991
GAB,Gabon,2008,82.0,6468.385233576093
GAB,Gabon,2009,82.7,6264.836114801538
GAB,Gabon,2010,89.3,6481.496120735622
GAB,Gabon,2011,88.7,6699.233946065119
GAB,Gabon,2012,89.3,6803.226680792107
GAB,Gabon,2013,86.4,6938.257538622355
GAB,Gabon,2014,87.1,6998.605454395762
GAB,Gabon,2015,87.3,7047.126546343554
GAB,Gabon,2016,88.1,6991.325144673602
GAB,Gabon,2017,86.3,6840.0595934780185
GAB,Gabon,2018,89.6,6724.5961429107965
GAB,Gabon,2019,90.3,6817.568794687638
GAB,Gabon,2020,91.1,6534.279665294444
GAB,Gabon,2021,91.8,6479.049006925196
GAB,Gabon,2022,93.5,6527.482079018615
GAB,Gabon,2023,94.1,6541.253686180423
GMB,"Gambia, The",2000,34.3,659.9112376411409
GMB,"Gambia, The",2001,29.9,679.539755947951
GMB,"Gambia, The",2002,31.5,640.0389321361304
GMB,"Gambia, The",2003,27.8,665.8342223261942
GMB,"Gambia, The",2004,34.8,693.563314497133
GMB,"Gambia, The",2005,30.5,658.676285443081
GMB,"Gambia, The",2006,38.1,636.5960269088658
GMB,"Gambia, The",2007,39.8,637.2093059753702
GMB,"Gambia, The",2008,41.5,657.6756791922277
GMB,"Gambia, The",2009,43.2,681.4334690865713
GMB,"Gambia, The",2010,46.8,701.0145245910613
GMB,"Gambia, The",2011,48.3,625.4643602709834
GMB,"Gambia, The",2012,49.9,639.1398818890478
GMB,"Gambia, The",2013,51.5,638.5223685322139
GMB,"Gambia, The",2014,53.0,611.879472952196
GMB,"Gambia, The",2015,54.7,619.5363642964605
GMB,"Gambia, The",2016,56.4,615.1933654943861
GMB,"Gambia, The",2017,56.2,628.7772992729253
GMB,"Gambia, The",2018,60.3,658.1278332585633
GMB,"Gambia, The",2019,62.1,682.7976429404264
GMB,"Gambia, The",2020,62.2,670.7586428912512
GMB,"Gambia, The",2021,63.7,689.4932395573704
GMB,"Gambia, The",2022,65.4,710.6869792163163
GMB,"Gambia, The",2023,66.9,735.6123840626163
GEO,Georgia,2000,99.8,1561.198676388466
GEO,Georgia,2001,99.8,1661.8301910642062
GEO,Georgia,2002,99.9,1768.597011688804
GEO,Georgia,2003,100.0,1977.4614333874115
GEO,Georgia,2004,99.9,2105.0047284379875
GEO,Georgia,2005,97.9,2321.6008428516348
GEO,Georgia,2006,100.0,2554.8125350391365
GEO,Georgia,2007,100.0,2891.13702331846
GEO,Georgia,2008,100.0,2970.1585828242805
GEO,Georgia,2009,100.0,2887.256079359217
GEO,Georgia,2010,100.0,3090.065136623185
GEO,Georgia,2011,100.0,3362.103003196797
GEO,Georgia,2012,100.0,3609.780798625996
GEO,Georgia,2013,100.0,3806.5060064905138
GEO,Georgia,2014,100.0,3960.3508009190073
GEO,Georgia,2015,100.0,4086.6223465965
GEO,Georgia,2016,100.0,4225.091549048057
GEO,Georgia,2017,100.0,4442.50744127374
GEO,Georgia,2018,99.9,4713.653548453031
GEO,Georgia,2019,100.0,4975.811481948139
GEO,Georgia,2020,100.0,4659.609253182341
GEO,Georgia,2021,100.0,5175.198651858251
GEO,Georgia,2022,100.0,5736.304495785975
GEO,Georgia,2023,100.0,6180.6206023429
DEU,Germany,2000,100.0,35104.13084678444
DEU,Germany,2001,100.0,35618.514369849334
DEU,Germany,2002,100.0,35477.51515443008
DEU,Germany,2003,100.0,35270.02272842671
DEU,Germany,2004,100.0,35687.63787085418
DEU,Germany,2005,100.0,36024.09470470206
DEU,Germany,2006,100.0,37459.26132804203
DEU,Germany,2007,100.0,38593.07499105082
DEU,Germany,2008,100.0,39009.84776363574
DEU,Germany,2009,100.0,36940.40786726612
DEU,Germany,2010,100.0,38526.73710426949
DEU,Germany,2011,100.0,40722.48492682419
DEU,Germany,2012,100.0,40834.5088218456
DEU,Germany,2013,100.0,40884.89267590277
DEU,Germany,2014,100.0,41602.46612816679
DEU,Germany,2015,100.0,41929.75491107217
DEU,Germany,2016,100.0,42516.93370631032
DEU,Germany,2017,100.0,43543.480705055095
DEU,Germany,2018,100.0,43905.85500619728
DEU,Germany,2019,100.0,44235.2658954682
DEU,Germany,2020,100.0,42372.87267842554
DEU,Germany,2021,100.0,44011.019463167424
DEU,Germany,2022,100.0,44817.13163313894
DEU,Germany,2023,100.0,44368.99200748806
GHA,Ghana,2000,43.7,1022.2752071456551
GHA,Ghana,2001,44.8,1035.226660532575
GHA,Ghana,2002,46.8,1052.465916443987
GHA,Ghana,2003,48.3,1077.6999086664457
GHA,Ghana,2004,50.8,1108.3047535363305
GHA,Ghana,2005,41.3,1143.311789343014
GHA,Ghana,2006,55.1,1185.2657073859518
GHA,Ghana,2007,56.9,1205.3170580420865
GHA,Ghana,2008,60.5,1282.6341688674677
GHA,Ghana,2009,61.1,1311.6305376012513
GHA,Ghana,2010,64.2,1381.2279503505983
GHA,Ghana,2011,64.1,1537.8183401928263
GHA,Ghana,2012,56.5,1640.5407208800264
GHA,Ghana,2013,70.7,1718.597047699585
GHA,Ghana,2014,78.3,1726.3693013464651
GHA,Ghana,2015,74.0,1722.7728283360616
GHA,Ghana,2016,79.3,1740.8110190292823
GHA,Ghana,2017,79.0,1841.446361532492
GHA,Ghana,2018,80.4,1915.4532323780977
GHA,Ghana,2019,83.5,1999.553722202112
GHA,Ghana,2020,85.4,1970.194114603976
GHA,Ghana,2021,86.3,2030.0486650096652
GHA,Ghana,2022,85.1,2067.2089585552126
GHA,Ghana,2023,89.5,2091.8133559646526
GRC,Greece,2000,100.0,18002.90646139847
GRC,Greece,2001,100.0,18742.42357806911
GRC,Greece,2002,100.0,19548.36774473961
GRC,Greece,2003,100.0,20632.25570419422
GRC,Greece,2004,100.0,21688.105095955776
GRC,Greece,2005,100.0,21880.526583580104
GRC,Greece,2006,100.0,23220.53244191973
GRC,Greece,2007,100.0,23973.693609131267
GRC,Greece,2008,100.0,23923.88007313115
GRC,Greece,2009,100.0,22878.134664439654
GRC,Greece,2010,100.0,21547.724178239
GRC,Greece,2011,100.0,19448.255802524985
GRC,Greece,2012,100.0,17924.662049688624
GRC,Greece,2013,100.0,17644.876663502073
GRC,Greece,2014,100.0,17903.525244001194
GRC,Greece,2015,100.0,17980.72982381374
GRC,Greece,2016,100.0,18049.928997892017
GRC,Greece,2017,100.0,18352.088446125785
GRC,Greece,2018,100.0,18769.03896219764
GRC,Greece,2019,100.0,19216.675957978478
GRC,Greece,2020,100.0,17486.95133332298
GRC,Greece,2021,100.0,19231.28888035165
GRC,Greece,2022,100.0,20550.50491582973
GRC,Greece,2023,100.0,21050.86481115808
GRL,Greenland,2000,100.0,31623.059150194324
GRL,Greenland,2001,100.0,31914.17109644813
GRL,Greenland,2002,100.0,31483.60747800938
GRL,Greenland,2003,100.0,32787.9680355213
GRL,Greenland,2004,100.0,34961.93560972569
GRL,Greenland,2005,100.0,36681.80558906187
GRL,Greenland,2006,100.0,38828.85249432221
GRL,Greenland,2007,100.0,39896.87536409396
GRL,Greenland,2008,100.0,42527.66684697657
GRL,Greenland,2009,100.0,42899.744198586246
GRL,Greenland,2010,100.0,43481.51610878045
GRL,Greenland,2011,100.0,42994.87908747395
GRL,Greenland,2012,100.0,43655.70046642546
GRL,Greenland,2013,100.0,43338.38392469072
GRL,Greenland,2014,100.0,45545.142941491664
GRL,Greenland,2015,100.0,44536.35497053773
GRL,Greenland,2016,100.0,46561.78314340133
GRL,Greenland,2017,100.0,46597.94524703485
GRL,Greenland,2018,100.0,47012.9860350276
GRL,Greenland,2019,100.0,48170.7896955512
GRL,Greenland,2020,100.0,48169.940695738886
GRL,Greenland,2021,100.0,48709.93397588946
GRL,Greenland,2022,100.0,49679.33654148947
GRL,Greenland,2023,100.0,49929.77554286051
GRD,Grenada,2000,86.0,6677.126523092204
GRD,Grenada,2001,86.3,6509.516603133743
GRD,Grenada,2002,86.6,6707.368735327766
GRD,Grenada,2003,86.9,7309.785470945788
GRD,Grenada,2004,87.2,7233.294944349623
GRD,Grenada,2005,87.5,8162.912321247273
GRD,Grenada,2006,87.9,7808.243583234343
GRD,Grenada,2007,88.2,8257.362256826887
GRD,Grenada,2008,90.0,8307.49221491819
GRD,Grenada,2009,89.0,7733.129906000582
GRD,Grenada,2010,89.4,7670.711658276631
GRD,Grenada,2011,88.8,7695.376160172874
GRD,Grenada,2012,90.2,7559.562848395603
GRD,Grenada,2013,90.6,7688.752977013425
GRD,Grenada,2014,91.0,8206.628621123333
GRD,Grenada,2015,91.4,8694.12438005692
GRD,Grenada,2016,91.8,8983.683973378986
GRD,Grenada,2017,92.2,9357.40728883583
GRD,Grenada,2018,92.3,9744.16919577204
GRD,Grenada,2019,93.0,9785.56040240592
GRD,Grenada,2020,93.4,8413.283355003718
GRD,Grenada,2021,93.7,8782.321934260775
GRD,Grenada,2022,94.2,9406.193376432257
GRD,Grenada,2023,94.4,9817.863835839164
GUM,Guam,2002,100.0,29576.221681311046
GUM,Guam,2003,100.0,29685.95317456572
GUM,Guam,2004,100.0,31483.81419495578
GUM,Guam,2005,100.0,32520.372956535222
GUM,Guam,2006,100.0,31242.46290094705
GUM,Guam,2007,100.0,31385.047516211307
GUM,Guam,2008,100.0,31941.270602587352
GUM,Guam,2009,100.0,31988.722935825463
GUM,Guam,2010,100.0,32644.148405620457
GUM,Guam,2011,100.0,32665.37874833792
GUM,Guam,2012,100.0,33404.931763691275
GUM,Guam,2013,100.0,34044.319041545474
GUM,Guam,2014,100.0,34755.26911072982
GUM,Guam,2015,100.0,35165.70146447955
GUM,Guam,2016,100.0,35373.8483143417
GUM,Guam,2017,100.0,35850.90255205063
GUM,Guam,2018,100.0,35731.22037430808
GUM,Guam,2019,100.0,36830.12644109731
GUM,Guam,2020,100.0,32884.88526467872
GUM,Guam,2021,100.0,33239.48463278749
GUM,Guam,2022,100.0,34627.986278183744
GTM,Guatemala,2000,73.3,3165.933886028003
GTM,Guatemala,2001,73.7,3166.20502444306
GTM,Guatemala,2002,78.7,3213.2699076319795
GTM,Guatemala,2003,78.5,3222.156221115093
GTM,Guatemala,2004,77.2,3250.205611945291
GTM,Guatemala,2005,78.3,3284.811284216578
GTM,Guatemala,2006,83.7,3388.151650819668
GTM,Guatemala,2007,80.7,3527.7799562119285
GTM,Guatemala,2008,81.9,3569.930315412464
GTM,Guatemala,2009,83.1,3516.193955797208
GTM,Guatemala,2010,84.3,3546.6275092987894
GTM,Guatemala,2011,84.0,3621.37582644774
GTM,Guatemala,2012,86.8,3655.574902994124
GTM,Guatemala,2013,88.1,3717.3045796027873
GTM,Guatemala,2014,85.5,3809.615843328022
GTM,Guatemala,2015,90.5,3893.5053329906814
GTM,Guatemala,2016,91.8,3924.7789643023984
GTM,Guatemala,2017,93.3,3972.7405926267184
GTM,Guatemala,2018,94.2,4040.212143747416
GTM,Guatemala,2019,95.4,4139.12206338632
GTM,Guatemala,2020,96.6,4005.839163606888
GTM,Guatemala,2021,97.9,4268.6286446149215
GTM,Guatemala,2022,99.1,4383.903261604806
GTM,Guatemala,2023,100.0,4469.05514652918
GIN,Guinea,2000,15.2,614.1372350836383
GIN,Guinea,2001,16.4,628.3205548649361
GIN,Guinea,2002,17.7,650.5549639732907
GIN,Guinea,2003,18.9,644.0712179088938
GIN,Guinea,2004,20.2,645.1828433906887
GIN,Guinea,2005,20.2,651.3596068716035
GIN,Guinea,2006,22.8,645.4720019236535
GIN,Guinea,2007,24.1,673.6989974206261
GIN,Guinea,2008,25.4,684.7757803773655
GIN,Guinea,2009,26.7,660.7567013302843
GIN,Guinea,2010,28.1,675.7369173277077
GIN,Guinea,2011,29.5,696.199991395571
GIN,Guinea,2012,26.2,719.5059167945462
GIN,Guinea,2013,32.2,729.833143236326
GIN,Guinea,2014,33.5,738.2722744813078
GIN,Guinea,2015,34.9,747.3569667594476
GIN,Guinea,2016,33.5,807.2364210438877
GIN,Guinea,2017,35.4,867.907502577607
GIN,Guinea,2018,45.0,899.9073280451746
GIN,Guinea,2019,42.2,926.4222195485298
GIN,Guinea,2020,44.7,945.570903389665
GIN,Guinea,2021,46.8,973.646890096159
GIN,Guinea,2022,47.7,987.5025014653368
GIN,Guinea,2023,51.1,1016.880948003239
GNB,Guinea-Bissau,2002,1.3,594.0405351515517
GNB,Guinea-Bissau,2003,2.6,579.0925068218363
GNB,Guinea-Bissau,2004,3.9,572.5264646272938
GNB,Guinea-Bissau,2005,5.2,595.9425556018699
GNB,Guinea-Bissau,2006,14.5,597.2571517220462
GNB,Guinea-Bissau,2007,7.9,597.4820209359483
GNB,Guinea-Bissau,2008,9.3,608.9586204969247
GNB,Guinea-Bissau,2009,4.7,608.2021318798818
GNB,Guinea-Bissau,2010,6.0,625.9040272905823
GNB,Guinea-Bissau,2011,13.5,658.9534705281158
GNB,Guinea-Bissau,2012,14.9,630.6686230282501
GNB,Guinea-Bissau,2013,16.3,634.0954560893521
GNB,Guinea-Bissau,2014,17.2,623.6101591033649
GNB,Guinea-Bissau,2015,20.1,645.0668372070388
GNB,Guinea-Bissau,2016,22.9,663.2426080320048
GNB,Guinea-Bissau,2017,26.0,677.4661313113672
GNB,Guinea-Bissau,2018,28.4,686.4568198395259
GNB,Guinea-Bissau,2019,30.9,706.2985628749851
GNB,Guinea-Bissau,2020,33.4,710.2758307556112
GNB,Guinea-Bissau,2021,35.8,729.3968827579417
GNB,Guinea-Bissau,2022,37.4,752.1492552172493
GNB,Guinea-Bissau,2023,40.5,769.5046524617952
GUY,Guyana,2000,74.6,3759.607896999892
GUY,Guyana,2001,75.1,3847.0946185136713
GUY,Guyana,2002,75.7,3894.871074151978
GUY,Guyana,2003,76.2,3873.0412368426064
GUY,Guyana,2004,76.8,3937.114353045219
GUY,Guyana,2005,77.5,3867.9330815864714
GUY,Guyana,2006,73.4,4076.779817157066
GUY,Guyana,2007,78.5,4382.104496668132
GUY,Guyana,2008,79.1,4472.345178896992
GUY,Guyana,2009,77.6,4649.341447927557
GUY,Guyana,2010,83.3,4860.091109805662
GUY,Guyana,2011,84.2,5133.895398136366
GUY,Guyana,2012,85.1,5403.798994289215
GUY,Guyana,2013,86.0,5573.342179046299
GUY,Guyana,2014,86.9,5635.717041179471
GUY,Guyana,2015,88.0,5640.41560569466
GUY,Guyana,2016,89.0,5818.616822046457
GUY,Guyana,2017,90.0,5997.182714268255
GUY,Guyana,2018,90.9,6080.906121327456
GUY,Guyana,2019,91.6,6278.630540795525
GUY,Guyana,2020,92.3,9010.610004698785
GUY,Guyana,2021,92.9,10711.99733741478
GUY,Guyana,2022,93.0,17365.333642864207
GUY,Guyana,2023,98.9,23101.353828274085
HTI,Haiti,2000,33.7,1342.894904505233
HTI,Haiti,2001,31.5,1314.1141969396865
HTI,Haiti,2002,33.1,1304.5293810385035
HTI,Haiti,2003,31.6,1326.4716104221166
HTI,Haiti,2004,34.1,1286.902821282212
HTI,Haiti,2005,34.5,1304.3330373123065
HTI,Haiti,2006,33.9,1305.0381381561094
HTI,Haiti,2007,35.5,1343.611114220476
HTI,Haiti,2008,36.1,1356.5340014004755
HTI,Haiti,2009,36.6,1412.8965352342875
HTI,Haiti,2010,37.2,1317.5838933974644
HTI,Haiti,2011,37.8,1369.1692125585246
HTI,Haiti,2012,37.9,1354.885461244991
HTI,Haiti,2013,38.9,1392.3820473685928
HTI,Haiti,2014,39.6,1411.7683480215371
HTI,Haiti,2015,40.8,1411.1268474679646
HTI,Haiti,2016,40.4,1416.7488187969846
HTI,Haiti,2017,43.3,1432.672286095407
HTI,Haiti,2018,44.4,1437.352519283492
HTI,Haiti,2019,45.4,1394.4211407111234
HTI,Haiti,2020,46.3,1331.6977850693163
HTI,Haiti,2021,47.2,1292.7195496355114
HTI,Haiti,2022,49.3,1256.7214359244783
HTI,Haiti,2023,51.3,1219.118716458474
HND,Honduras,2000,67.4,1789.477985126372
HND,Honduras,2001,64.2,1789.1881603211712
HND,Honduras,2002,63.1,1807.9730554729165
HND,Honduras,2003,65.1,1842.2975001881248
HND,Honduras,2004,67.1,1908.9095005046436
HND,Honduras,2005,68.9,1975.8564791323588
HND,Honduras,2006,71.3,2056.5349146923136
HND,Honduras,2007,73.5,2134.195406394847
HND,Honduras,2008,76.4,2175.14709403064
HND,Honduras,2009,78.3,2076.3085989563792
HND,Honduras,2010,81.0,2108.473144596029
HND,Honduras,2011,82.2,2144.562655404912
HND,Honduras,2012,83.6,2188.393788178909
HND,Honduras,2013,87.2,2205.401267280672
HND,Honduras,2014,88.7,2229.2477223221786
HND,Honduras,2015,90.0,2271.2026598034863
HND,Honduras,2016,91.6,2315.7298305819804
HND,Honduras,2017,86.5,2383.373984397137
HND,Honduras,2018,91.6,2430.1350365776216
HND,Honduras,2019,91.1,2447.616492821808
HND,Honduras,2020,93.1,2189.4316866822246
HND,Honduras,2021,94.1,2423.766349169109
HND,Honduras,2022,94.4,2482.2238490471364
HND,Honduras,2023,95.6,2527.273663331885
HKG,"Hong Kong SAR, China",2000,100.0,26933.213075470307
HKG,"Hong Kong SAR, China",2001,100.0,26885.405327559616
HKG,"Hong Kong SAR, China",2002,100.0,27210.050236465395
HKG,"Hong Kong SAR, China",2003,100.0,28097.09713973081
HKG,"Hong Kong SAR, China",2004,100.0,30304.290161959834
HKG,"Hong Kong SAR, China",2005,100.0,32401.35586265731
HKG,"Hong Kong SAR, China",2006,100.0,34458.00323480887
HKG,"Hong Kong SAR, China",2007,100.0,36371.64342339873
HKG,"Hong Kong SAR, China",2008,100.0,36924.052964389695
HKG,"Hong Kong SAR, China",2009,100.0,35938.57839174198
HKG,"Hong Kong SAR, China",2010,100.0,38090.01544201286
HKG,"Hong Kong SAR, China",2011,100.0,39656.31845101305
HKG,"Hong Kong SAR, China",2012,100.0,39887.8192650568
HKG,"Hong Kong SAR, China",2013,100.0,40959.97763492486
HKG,"Hong Kong SAR, China",2014,100.0,41796.85931500915
HKG,"Hong Kong SAR, China",2015,100.0,42432.16197404415
HKG,"Hong Kong SAR, China",2016,100.0,43087.55371281275
HKG,"Hong Kong SAR, China",2017,100.0,44380.81767531468
HKG,"Hong Kong SAR, China",2018,100.0,45280.49718920756
HKG,"Hong Kong SAR, China",2019,100.0,44195.274114290565
HKG,"Hong Kong SAR, China",2020,100.0,41451.29895862821
HKG,"Hong Kong SAR, China",2021,100.0,44530.9213833761
HKG,"Hong Kong SAR, China",2022,100.0,43281.00673096465
HKG,"Hong Kong SAR, China",2023,100.0,43518.93117899184
HUN,Hungary,2000,100.0,8979.735786029494
HUN,Hungary,2001,100.0,9365.95393193015
HUN,Hungary,2002,100.0,9836.940650833209
HUN,Hungary,2003,100.0,10253.723920764
HUN,Hungary,2004,100.0,10786.488199149457
HUN,Hungary,2005,99.9,11272.734542812172
HUN,Hungary,2006,99.9,11734.454472981344
HUN,Hungary,2007,100.0,11791.707441687611
HUN,Hungary,2008,100.0,11929.7209867703
HUN,Hungary,2009,100.0,11142.88592852402
HUN,Hungary,2010,100.0,11287.368666610791
HUN,Hungary,2011,100.0,11536.3578996772
HUN,Hungary,2012,100.0,11440.76227188248
HUN,Hungary,2013,100.0,11729.572079850072
HUN,Hungary,2014,100.0,12287.377944103324
HUN,Hungary,2015,100.0,12782.941257797267
HUN,Hungary,2016,100.0,13145.655988556287
HUN,Hungary,2017,100.0,13734.2442804335
HUN,Hungary,2018,100.0,14533.778314431238
HUN,Hungary,2019,100.0,15290.808546633109
HUN,Hungary,2020,100.0,14664.297119538538
HUN,Hungary,2021,100.0,15787.953542756264
HUN,Hungary,2022,100.0,16487.797393594446
HUN,Hungary,2023,100.0,16375.046272419238
ISL,Iceland,2000,100.0,43472.33699513062
ISL,Iceland,2001,100.0,44545.98227384645
ISL,Iceland,2002,100.0,44389.55606049089
ISL,Iceland,2003,100.0,45088.922608238325
ISL,Iceland,2004,100.0,48101.711641574286
ISL,Iceland,2005,100.0,50674.44114066493
ISL,Iceland,2006,100.0,52306.12848578896
ISL,Iceland,2007,100.0,55457.36016145035
ISL,Iceland,2008,100.0,55360.81360124065
ISL,Iceland,2009,100.0,50581.08461673364
ISL,Iceland,2010,100.0,49528.48647334112
ISL,Iceland,2011,100.0,50058.83026651438
ISL,Iceland,2012,100.0,50375.41170541952
ISL,Iceland,2013,100.0,51696.08765073257
ISL,Iceland,2014,100.0,52102.57581019496
ISL,Iceland,2015,100.0,53505.69640793393
ISL,Iceland,2016,100.0,56049.29286720394
ISL,Iceland,2017,100.0,56657.98003227972
ISL,Iceland,2018,100.0,57731.6523639512
ISL,Iceland,2019,100.0,57118.84527771977
ISL,Iceland,2020,100.0,52464.30732405891
ISL,Iceland,2021,100.0,54285.020920324176
ISL,Iceland,2022,100.0,57626.25337175845
ISL,Iceland,2023,100.0,59951.753773969234
IND,India,2000,60.3,756.7041095331869
IND,India,2001,62.0,778.5073775224986
IND,India,2002,62.3,793.6159129010017
IND,India,2003,65.4,841.2788945624084
IND,India,2004,64.4,892.5966145807181
IND,India,2005,68.8,947.7325656442716
IND,India,2006,67.9,1008.2327534481848
IND,India,2007,72.3,1069.246968122337
IND,India,2008,74.1,1086.506052510045
IND,India,2009,75.0,1155.10163273817
IND,India,2010,76.3,1235.1593913293866
IND,India,2011,79.5,1281.610543549368
IND,India,2012,79.9,1333.0962655764886
IND,India,2013,83.1,1399.453798028096
IND,India,2014,85.1,1484.316406829612
IND,India,2015,88.0,1583.998159079848
IND,India,2016,89.6,1694.465349737867
IND,India,2017,91.8,1788.697703184812
IND,India,2018,95.7,1883.3577270505516
IND,India,2019,95.9,1936.030677410632
IND,India,2020,96.5,1806.501105838652
IND,India,2021,99.6,1965.3094343747164
IND,India,2022,99.2,2098.2112447612194
IND,India,2023,99.5,2229.71491223037
IDN,Indonesia,2000,86.3,1828.1026596836075
IDN,Indonesia,2001,86.3,1868.5917230729224
IDN,Indonesia,2002,87.6,1926.3743586814855
IDN,Indonesia,2003,87.9,1991.9182050647316
IDN,Indonesia,2004,89.0,2065.706174708416
IDN,Indonesia,2005,84.8,2155.4478015920963
IDN,Indonesia,2006,90.6,2244.0802226201995
IDN,Indonesia,2007,91.1,2355.1528565328035
IDN,Indonesia,2008,92.7,2464.6019341827223
IDN,Indonesia,2009,93.6,2546.2196970776718
IDN,Indonesia,2010,94.2,2670.812909895296
IDN,Indonesia,2011,94.8,2799.624687903184
IDN,Indonesia,2012,96.0,2930.5184453229954
IDN,Indonesia,2013,96.5,3055.242460064688
IDN,Indonesia,2014,97.0,3170.7210301142886
IDN,Indonesia,2015,97.5,3288.222697255384
IDN,Indonesia,2016,97.6,3416.810051709715
IDN,Indonesia,2017,98.1,3553.519992623214
IDN,Indonesia,2018,98.5,3701.3215546191177
IDN,Indonesia,2019,98.9,3850.903217389789
IDN,Indonesia,2020,97.0,3739.4490656316098
IDN,Indonesia,2021,99.2,3850.688772539029
IDN,Indonesia,2022,100.0,4024.912252883909
IDN,Indonesia,2023,99.4,4192.644010341808
IRN,"Iran, Islamic Rep.",2000,97.9,3885.301833606487
IRN,"Iran, Islamic Rep.",2001,98.1,3917.299354890156
IRN,"Iran, Islamic Rep.",2002,98.1,4198.953560807271
IRN,"Iran, Islamic Rep.",2003,98.2,4511.431340344584
IRN,"Iran, Islamic Rep.",2004,98.3,4607.451690882092
IRN,"Iran, Islamic Rep.",2005,98.4,4650.3584149070775
IRN,"Iran, Islamic Rep.",2006,98.4,4778.7934584732
IRN,"Iran, Islamic Rep.",2007,98.7,5084.717960436231
IRN,"Iran, Islamic Rep.",2008,98.8,5035.940085336179
IRN,"Iran, Islamic Rep.",2009,99.7,5023.893143629412
IRN,"Iran, Islamic Rep.",2010,99.4,5249.061333697586
IRN,"Iran, Islamic Rep.",2011,99.5,5321.7587074445255
IRN,"Iran, Islamic Rep.",2012,99.5,5058.646378118354
IRN,"Iran, Islamic Rep.",2013,99.8,4916.972919484754
IRN,"Iran, Islamic Rep.",2014,100.0,5093.203197021866
IRN,"Iran, Islamic Rep.",2015,100.0,4952.733555321775
IRN,"Iran, Islamic Rep.",2016,100.0,5312.6172495419205
IRN,"Iran, Islamic Rep.",2017,99.9,5395.239839859798
IRN,"Iran, Islamic Rep.",2018,100.0,5127.224953670179
IRN,"Iran, Islamic Rep.",2019,100.0,4952.456690810781
IRN,"Iran, Islamic Rep.",2020,100.0,5132.824307621181
IRN,"Iran, Islamic Rep.",2021,100.0,5300.622719618949
IRN,"Iran, Islamic Rep.",2022,100.0,5465.314475394131
IRN,"Iran, Islamic Rep.",2023,100.0,5687.843962687416
IRQ,Iraq,2000,96.8,4172.780251052443
IRQ,Iraq,2001,96.9,4116.094053202787
IRQ,Iraq,2002,97.1,3660.9252750717696
IRQ,Iraq,2003,97.2,2250.0699012336904
IRQ,Iraq,2004,97.3,3354.2658875671505
IRQ,Iraq,2005,97.4,3310.8634447399286
IRQ,Iraq,2006,97.6,3471.987446985685
IRQ,Iraq,2007,98.1,3565.5805407904086
IRQ,Iraq,2008,97.9,3781.780017127623
IRQ,Iraq,2009,98.1,3768.172843289835
IRQ,Iraq,2010,98.4,3881.943270453025
IRQ,Iraq,2011,98.0,4030.016868609864
IRQ,Iraq,2012,99.3,4387.904690587073
IRQ,Iraq,2013,99.0,4504.826875373541
IRQ,Iraq,2014,99.2,4446.973432348619
IRQ,Iraq,2015,99.4,4440.141892523674
IRQ,Iraq,2016,99.7,4932.927291143899
IRQ,Iraq,2017,99.9,4736.327108098566
IRQ,Iraq,2018,99.9,4749.009218368956
IRQ,Iraq,2019,100.0,4898.148976685819
IRQ,Iraq,2020,100.0,4213.998437660611
IRQ,Iraq,2021,100.0,4182.500640458252
IRQ,Iraq,2022,100.0,4412.997331465115
IRQ,Iraq,2023,100.0,4337.087053242201
IRL,Ireland,2000,100.0,42599.48039213193
IRL,Ireland,2001,100.0,44151.15360325575
IRL,Ireland,2002,100.0,45974.48819888424
IRL,Ireland,2003,100.0,46594.86202676163
IRL,Ireland,2004,100.0,48856.3238587396
IRL,Ireland,2005,100.0,50547.212372976304
IRL,Ireland,2006,100.0,51656.819485588734
IRL,Ireland,2007,100.0,52849.69484294582
IRL,Ireland,2008,100.0,49461.15942813527
IRL,Ireland,2009,100.0,46466.37942692225
IRL,Ireland,2010,100.0,46991.6464673949
IRL,Ireland,2011,100.0,47539.91817399676
IRL,Ireland,2012,100.0,47147.16046694206
IRL,Ireland,2013,100.0,47928.03464870052
IRL,Ireland,2014,100.0,52044.62011818866
IRL,Ireland,2015,100.0,64250.138518125656
IRL,Ireland,2016,100.0,64205.979777350985
IRL,Ireland,2017,100.0,69748.62210340142
IRL,Ireland,2018,100.0,74029.05506114359
IRL,Ireland,2019,100.0,76485.63585465105
IRL,Ireland,2020,100.0,80927.936475395
IRL,Ireland,2021,100.0,92781.2322150786
IRL,Ireland,2022,100.0,97793.53666716968
IRL,Ireland,2023,100.0,93541.96436783814
IMN,Isle of Man,2000,100.0,46274.970969140304
IMN,Isle of Man,2001,100.0,48252.76384982769
IMN,Isle of Man,2002,100.0,50714.58247033826
IMN,Isle of Man,2003,100.0,53224.35277578037
IMN,Isle of Man,2004,100.0,55464.022099335634
IMN,Isle of Man,2005,100.0,58201.59908381779
IMN,Isle of Man,2006,100.0,62075.76016049945
IMN,Isle of Man,2007,100.0,66029.97559071833
IMN,Isle of Man,2008,100.0,68520.68256249373
IMN,Isle of Man,2009,100.0,69192.02582216909
IMN,Isle of Man,2010,100.0,70747.8417587183
IMN,Isle of Man,2011,100.0,71727.50550827035
IMN,Isle of Man,2012,100.0,77009.29786120116
IMN,Isle of Man,2013,100.0,80383.82730885272
IMN,Isle of Man,2014,100.0,84778.58066393471
IMN,Isle of Man,2015,100.0,84753.51874227317
IMN,Isle of Man,2016,100.0,90783.7647245394
IMN,Isle of Man,2017,100.0,93200.31080838574
IMN,Isle of Man,2018,100.0,95040.40617489375
IMN,Isle of Man,2019,100.0,95110.13859907376
IMN,Isle of Man,2020,100.0,86595.06760992752
IMN,Isle of Man,2021,100.0,89873.54200935694
IMN,Isle of Man,2022,100.0,86100.56729170374
IMN,Isle of Man,2023,100.0,84315.13799295397
ISR,Israel,2000,100.0,29411.499942878683
ISR,Israel,2001,100.0,28804.039634196903
ISR,Israel,2002,100.0,28186.55481677515
ISR,Israel,2003,100.0,28079.32539669426
ISR,Israel,2004,100.0,28870.00808680565
ISR,Israel,2005,100.0,29600.14672433321
ISR,Israel,2006,100.0,30707.435814096963
ISR,Israel,2007,100.0,32071.310740416226
ISR,Israel,2008,100.0,32519.762446157536
ISR,Israel,2009,100.0,32139.114649091727
ISR,Israel,2010,100.0,33307.10443161966
ISR,Israel,2011,100.0,34499.95092628247
ISR,Israel,2012,100.0,34685.09159810129
ISR,Israel,2013,100.0,35436.291287327265
ISR,Israel,2014,100.0,36055.08530225004
ISR,Israel,2015,100.0,36138.135613859966
ISR,Israel,2016,100.0,37044.01186237639
ISR,Israel,2017,100.0,37911.02172811569
ISR,Israel,2018,100.0,38695.01000797059
ISR,Israel,2019,100.0,39322.038041422034
ISR,Israel,2020,100.0,37938.38093547551
ISR,Israel,2021,100.0,40788.23917851977
ISR,Israel,2022,100.0,42539.27487666889
ISR,Israel,2023,100.0,42131.74156758061
ITA,Italy,2000,100.0,32609.66746282998
ITA,Italy,2001,100.0,33243.59934397605
ITA,Italy,2002,100.0,33267.44744820484
ITA,Italy,2003,100.0,33110.169849481164
ITA,Italy,2004,100.0,33348.97448204555
ITA,Italy,2005,100.0,33407.675471647206
ITA,Italy,2006,100.0,33873.04936800926
ITA,Italy,2007,100.0,34159.910924407384
ITA,Italy,2008,100.0,33550.634080006326
ITA,Italy,2009,100.0,31587.063841630465
ITA,Italy,2010,100.0,31928.55436210961
ITA,Italy,2011,100.0,32039.503249431586
ITA,Italy,2012,100.0,30953.41474474265
ITA,Italy,2013,100.0,30330.022159966797
ITA,Italy,2014,100.0,30325.02877939232
ITA,Italy,2015,100.0,30639.882975143213
ITA,Italy,2016,100.0,31077.679267521067
ITA,Italy,2017,100.0,31635.522771080043
ITA,Italy,2018,100.0,31963.641714882386
ITA,Italy,2019,100.0,32180.434101742845
ITA,Italy,2020,100.0,29469.798923862585
ITA,Italy,2021,100.0,32267.70910502011
ITA,Italy,2022,100.0,33891.886652621615
ITA,Italy,2023,100.0,34221.71829282708
JAM,Jamaica,2000,84.4,5197.396922106646
JAM,Jamaica,2001,87.7,5234.027443978055
JAM,Jamaica,2002,86.7,5305.876586972441
JAM,Jamaica,2003,86.5,5467.174069882359
JAM,Jamaica,2004,87.2,5507.20135110043
JAM,Jamaica,2005,88.0,5525.735778337132
JAM,Jamaica,2006,88.7,5656.668035799879
JAM,Jamaica,2007,89.4,5710.5387844675815
JAM,Jamaica,2008,92.0,5639.58974873397
JAM,Jamaica,2009,91.0,5372.142341695113
JAM,Jamaica,2010,92.2,5271.572214779385
JAM,Jamaica,2011,91.1,5339.621701887982
JAM,Jamaica,2012,93.1,5284.008525575893
JAM,Jamaica,2013,93.9,5289.884385461113
JAM,Jamaica,2014,93.3,5307.191653808015
JAM,Jamaica,2015,94.9,5339.307182568061
JAM,Jamaica,2016,96.6,5472.28314023034
JAM,Jamaica,2017,97.4,5586.136572313298
JAM,Jamaica,2018,98.2,5717.876211075321
JAM,Jamaica,2019,98.9,5814.792753116917
JAM,Jamaica,2020,99.7,5317.841450339663
JAM,Jamaica,2021,100.0,5607.453782538768
JAM,Jamaica,2022,100.0,5965.461274648727
JAM,Jamaica,2023,97.7,6127.907712634335
JPN,Japan,2000,100.0,31779.378845903226
JPN,Japan,2001,100.0,31793.126948548885
JPN,Japan,2002,100.0,31746.24301057128
JPN,Japan,2003,100.0,32115.581078537303
JPN,Japan,2004,100.0,32783.1292835489
JPN,Japan,2005,100.0,33385.91795903275
JPN,Japan,2006,100.0,33880.68900934556
JPN,Japan,2007,100.0,34426.69371248669
JPN,Japan,2008,100.0,34008.59151473621
JPN,Japan,2009,100.0,31993.858805370623
JPN,Japan,2010,100.0,33311.2872381879
JPN,Japan,2011,100.0,33306.18022597194
JPN,Japan,2012,100.0,33909.491185524326
JPN,Japan,2013,100.0,34636.692474616626
JPN,Japan,2014,100.0,34996.87967566315
JPN,Japan,2015,100.0,35664.64461106127
JPN,Japan,2016,100.0,35934.44678866619
JPN,Japan,2017,100.0,36547.73574373052
JPN,Japan,2018,100.0,36899.38470794352
JPN,Japan,2019,100.0,36837.25836531125
JPN,Japan,2020,100.0,35363.29969517887
JPN,Japan,2021,100.0,36792.55642947405
JPN,Japan,2022,100.0,37448.35048248489
JPN,Japan,2023,100.0,37902.54922044109
JOR,Jordan,2000,99.0,3725.495447092572
JOR,Jordan,2001,99.0,3841.985118467427
JOR,Jordan,2002,99.5,3979.403886539526
JOR,Jordan,2003,99.0,4054.2261260976848
JOR,Jordan,2004,99.2,4296.623673708863
JOR,Jordan,2005,99.0,4532.962482585382
JOR,Jordan,2006,100.0,4596.56909353547
JOR,Jordan,2007,98.8,4681.170067669309
JOR,Jordan,2008,100.0,4902.383480738495
JOR,Jordan,2009,99.4,5043.626387293034
JOR,Jordan,2010,100.0,5066.497200277247
JOR,Jordan,2011,99.6,5085.980050253857
JOR,Jordan,2012,99.5,5135.032793958902
JOR,Jordan,2013,99.7,5007.761620671615
JOR,Jordan,2014,99.8,4703.3994498681495
JOR,Jordan,2015,99.9,4441.618960137543
JOR,Jordan,2016,100.0,4326.172615715049
JOR,Jordan,2017,100.0,4335.92512689541
JOR,Jordan,2018,99.9,4320.029787424999
JOR,Jordan,2019,99.9,4313.807914266082
JOR,Jordan,2020,99.9,4188.212400957193
JOR,Jordan,2021,99.9,4266.3790298994
JOR,Jordan,2022,100.0,4309.614328568043
JOR,Jordan,2023,100.0,4373.38088482368
KAZ,Kazakhstan,2000,99.6,4269.330167827909
KAZ,Kazakhstan,2001,99.7,4822.5286280266855
KAZ,Kazakhstan,2002,99.8,5267.699032026304
KAZ,Kazakhstan,2003,99.9,5724.431992480542
KAZ,Kazakhstan,2004,100.0,6233.294393733068
KAZ,Kazakhstan,2005,100.0,6787.411554878899
KAZ,Kazakhstan,2006,99.8,7450.396870626147
KAZ,Kazakhstan,2007,100.0,8036.875998115046
KAZ,Kazakhstan,2008,100.0,8216.521815895847
KAZ,Kazakhstan,2009,100.0,8218.399125560478
KAZ,Kazakhstan,2010,100.0,8704.706554845556
KAZ,Kazakhstan,2011,99.8,9223.302133631498
KAZ,Kazakhstan,2012,100.0,9531.914776170575
KAZ,Kazakhstan,2013,100.0,9959.72586930534
KAZ,Kazakhstan,2014,100.0,10226.710053968292
KAZ,Kazakhstan,2015,100.0,10196.122625598213
KAZ,Kazakhstan,2016,100.0,10151.423313301964
KAZ,Kazakhstan,2017,100.0,10404.271864631695
KAZ,Kazakhstan,2018,100.0,10670.21201482792
KAZ,Kazakhstan,2019,100.0,10989.684071838816
KAZ,Kazakhstan,2020,100.0,10565.035981623536
KAZ,Kazakhstan,2021,100.0,10873.391527527603
KAZ,Kazakhstan,2022,100.0,11058.348241340698
KAZ,Kazakhstan,2023,100.0,11453.39527253626
KEN,Kenya,2000,15.2,1195.41296851656
KEN,Kenya,2001,17.0,1202.293487599874
KEN,Kenya,2002,18.9,1171.426251734903
KEN,Kenya,2003,16.0,1169.1443367405077
KEN,Kenya,2004,22.6,1191.2544360455595
KEN,Kenya,2005,24.5,1223.4473847201932
KEN,Kenya,2006,26.4,1263.5416466621134
KEN,Kenya,2007,28.3,1309.9109294821587
KEN,Kenya,2008,30.3,1273.7722610307271
KEN,Kenya,2009,23.0,1276.7350348607429
KEN,Kenya,2010,19.2,1340.164674088561
KEN,Kenya,2011,36.2,1370.58000874482
KEN,Kenya,2012,38.1,1396.301787097564
KEN,Kenya,2013,40.1,1413.9414252258257
KEN,Kenya,2014,36.0,1450.5933820227672
KEN,Kenya,2015,41.6,1489.1195977728398
KEN,Kenya,2016,53.1,1517.97796057742
KEN,Kenya,2017,55.8,1542.3377397337213
KEN,Kenya,2018,61.2,1596.69045914945
KEN,Kenya,2019,69.7,1645.7096177786214
KEN,Kenya,2020,71.5,1609.334140782809
KEN,Kenya,2021,76.5,1698.8957827144363
KEN,Kenya,2022,76.0,1747.5319880442844
KEN,Kenya,2023,76.2,1811.2165183842496
KIR,Kiribati,2000,55.6,1555.582048120974
KIR,Kiribati,2001,57.3,1477.951776212168
KIR,Kiribati,2002,59.0,1467.9927324165506
KIR,Kiribati,2003,60.7,1415.5457786930438
KIR,Kiribati,2004,62.4,1378.9583696721977
KIR,Kiribati,2005,69.7,1368.9972876579293
KIR,Kiribati,2006,68.8,1419.387230313607
KIR,Kiribati,2007,67.7,1433.357478056192
KIR,Kiribati,2008,69.4,1361.8359977560767
KIR,Kiribati,2009,64.2,1340.276056002214
KIR,Kiribati,2010,63.2,1328.7877643880545
KIR,Kiribati,2011,74.9,1348.060236987302
KIR,Kiribati,2012,76.7,1405.5029344967047
KIR,Kiribati,2013,78.8,1493.4914867640225
KIR,Kiribati,2014,83.4,1492.850820048096
KIR,Kiribati,2015,90.6,1639.8527474065236
KIR,Kiribati,2016,92.6,1731.4370200169403
KIR,Kiribati,2017,85.7,1768.8787484193272
KIR,Kiribati,2018,87.5,1802.348507146568
KIR,Kiribati,2019,89.3,1834.4262782484705
KIR,Kiribati,2020,91.0,1779.6297302491682
KIR,Kiribati,2021,92.8,1895.6136295722151
KIR,Kiribati,2022,94.4,1960.154758449764
KIR,Kiribati,2023,95.9,1990.1460592210367
KOR,"Korea, Rep.",2000,100.0,17763.13534172973
KOR,"Korea, Rep.",2001,100.0,18460.42881938288
KOR,"Korea, Rep.",2002,100.0,19775.380065513928
KOR,"Korea, Rep.",2003,100.0,20278.0406421178
KOR,"Korea, Rep.",2004,100.0,21244.813680052805
KOR,"Korea, Rep.",2005,100.0,22123.761306685057
KOR,"Korea, Rep.",2006,100.0,23162.186011129663
KOR,"Korea, Rep.",2007,100.0,24391.76510134481
KOR,"Korea, Rep.",2008,100.0,24934.539636769117
KOR,"Korea, Rep.",2009,100.0,25009.914831199934
KOR,"Korea, Rep.",2010,100.0,26623.048712292744
KOR,"Korea, Rep.",2011,100.0,27393.455357271963
KOR,"Korea, Rep.",2012,100.0,27944.05641900452
KOR,"Korea, Rep.",2013,100.0,28732.71115203303
KOR,"Korea, Rep.",2014,100.0,29470.673299165515
KOR,"Korea, Rep.",2015,100.0,30171.79065452224
KOR,"Korea, Rep.",2016,100.0,31005.407287638827
KOR,"Korea, Rep.",2017,100.0,31979.902730246704
KOR,"Korea, Rep.",2018,100.0,32852.88874889417
KOR,"Korea, Rep.",2019,100.0,33496.31138156434
KOR,"Korea, Rep.",2020,100.0,33215.929892810826
KOR,"Korea, Rep.",2021,100.0,34792.93972145982
KOR,"Korea, Rep.",2022,100.0,35809.01381051443
KOR,"Korea, Rep.",2023,100.0,36347.7036392553
KWT,Kuwait,2000,100.0,31341.97808194192
KWT,Kuwait,2001,100.0,30573.428422419875
KWT,Kuwait,2002,100.0,30702.216206812103
KWT,Kuwait,2003,100.0,35169.633573786254
KWT,Kuwait,2004,100.0,37918.54058292379
KWT,Kuwait,2005,100.0,40451.25516569738
KWT,Kuwait,2006,100.0,41137.96992767196
KWT,Kuwait,2007,100.0,41113.86939427348
KWT,Kuwait,2008,100.0,39852.51291156986
KWT,Kuwait,2009,100.0,35124.08539410256
KWT,Kuwait,2010,100.0,32568.498175450142
KWT,Kuwait,2011,100.0,33545.346271839
KWT,Kuwait,2012,100.0,33578.33096519638
KWT,Kuwait,2013,100.0,32311.18000085365
KWT,Kuwait,2014,100.0,31073.153730062422
KWT,Kuwait,2015,100.0,29882.21264956976
KWT,Kuwait,2016,100.0,29454.442638882883
KWT,Kuwait,2017,100.0,27048.37069359583
KWT,Kuwait,2018,100.0,26706.01916608642
KWT,Kuwait,2019,100.0,26580.226474160663
KWT,Kuwait,2020,100.0,25541.5378987908
KWT,Kuwait,2021,100.0,26203.261725785575
KWT,Kuwait,2022,100.0,26579.832164687632
KWT,Kuwait,2023,100.0,24722.814370185697
KGZ,Kyrgyz Republic,2000,99.6,718.3428323976618
KGZ,Kyrgyz Republic,2001,99.5,749.423779561565
KGZ,Kyrgyz Republic,2002,100.0,742.4430011183196
KGZ,Kyrgyz Republic,2003,99.4,786.3504749641338
KGZ,Kyrgyz Republic,2004,99.3,831.4821039443813
KGZ,Kyrgyz Republic,2005,99.4,820.7095194375921
KGZ,Kyrgyz Republic,2006,98.9,837.1380266473458
KGZ,Kyrgyz Republic,2007,99.5,900.0279648972895
KGZ,Kyrgyz Republic,2008,99.5,966.4099711848172
KGZ,Kyrgyz Republic,2009,99.5,981.220904665529
KGZ,Kyrgyz Republic,2010,99.0,962.7647898287244
KGZ,Kyrgyz Republic,2011,98.3,1005.4831781814984
KGZ,Kyrgyz Republic,2012,99.8,985.8472865972002
KGZ,Kyrgyz Republic,2013,98.9,1069.7840443871623
KGZ,Kyrgyz Republic,2014,99.8,1088.5821422950764
KGZ,Kyrgyz Republic,2015,98.7,1105.6519384426072
KGZ,Kyrgyz Republic,2016,99.7,1128.3161612818033
KGZ,Kyrgyz Republic,2017,100.0,1157.182757580675
KGZ,Kyrgyz Republic,2018,100.0,1175.071277874696
KGZ,Kyrgyz Republic,2019,99.9,1201.8770142972055
KGZ,Kyrgyz Republic,2020,99.9,1093.328564614224
KGZ,Kyrgyz Republic,2021,99.7,1132.5546781282012
KGZ,Kyrgyz Republic,2022,99.7,1212.1781272176838
KGZ,Kyrgyz Republic,2023,100.0,1298.2572448221135
LAO,Lao PDR,2000,42.6,917.2280386175293
LAO,Lao PDR,2001,45.3,954.1235054146342
LAO,Lao PDR,2002,46.3,994.4922419637948
LAO,Lao PDR,2003,48.0,1038.7119276778294
LAO,Lao PDR,2004,53.5,1088.7603472883077
LAO,Lao PDR,2005,57.2,1148.681538520707
LAO,Lao PDR,2006,57.0,1228.0892761992318
LAO,Lao PDR,2007,55.0,1301.085975498645
LAO,Lao PDR,2008,66.0,1381.737542239532
LAO,Lao PDR,2009,67.4,1463.3379666845951
LAO,Lao PDR,2010,70.2,1564.9106831164688
LAO,Lao PDR,2011,70.0,1666.4008618987125
LAO,Lao PDR,2012,76.4,1774.6358520367198
LAO,Lao PDR,2013,79.3,1890.278612948748
LAO,Lao PDR,2014,82.5,2006.3119544444687
LAO,Lao PDR,2015,89.7,2121.013390973629
LAO,Lao PDR,2016,89.0,2234.7609874184627
LAO,Lao PDR,2017,93.6,2351.5744174759507
LAO,Lao PDR,2018,92.9,2459.97874636195
LAO,Lao PDR,2019,98.4,2554.9563801924505
LAO,Lao PDR,2020,99.3,2529.746226987609
LAO,Lao PDR,2021,100.0,2556.5891264040542
LAO,Lao PDR,2022,100.0,2589.0501519162817
LAO,Lao PDR,2023,96.5,2648.8872660803527
LVA,Latvia,2000,99.9,6336.382967079871
LVA,Latvia,2001,99.9,6833.435432315701
LVA,Latvia,2002,99.8,7443.229446590585
LVA,Latvia,2003,99.8,8149.00183600084
LVA,Latvia,2004,99.7,8957.233935550817
LVA,Latvia,2005,99.7,10106.262615773165
LVA,Latvia,2006,99.6,11507.46482656584
LVA,Latvia,2007,99.7,12810.04095025424
LVA,Latvia,2008,99.7,12506.694504101246
LVA,Latvia,2009,100.0,10675.425174228005
LVA,Latvia,2010,99.8,10500.86662230144
LVA,Latvia,2011,99.8,11018.515242158346
LVA,Latvia,2012,100.0,11971.010746652242
LVA,Latvia,2013,100.0,12353.538613530114
LVA,Latvia,2014,100.0,12731.677195934162
LVA,Latvia,2015,100.0,13321.975314061565
LVA,Latvia,2016,100.0,13787.33674400234
LVA,Latvia,2017,100.0,14382.86127271338
LVA,Latvia,2018,100.0,15120.069817180374
LVA,Latvia,2019,100.0,15328.385993329515
LVA,Latvia,2020,100.0,14900.72957188658
LVA,Latvia,2021,100.0,16070.168003232237
LVA,Latvia,2022,100.0,16421.37485959996
LVA,Latvia,2023,100.0,16229.384452024511
LBN,Lebanon,2000,99.3,5958.978367503007
LBN,Lebanon,2001,99.3,6085.760414201461
LBN,Lebanon,2002,99.3,6207.241338937457
LBN,Lebanon,2003,99.2,6319.7651829864735
LBN,Lebanon,2004,99.9,6633.752580023928
LBN,Lebanon,2005,99.2,6707.180246353159
LBN,Lebanon,2006,99.4,6696.374282005955
LBN,Lebanon,2007,97.8,7179.345200923063
LBN,Lebanon,2008,99.9,7701.298230279795
LBN,Lebanon,2009,99.3,8375.48851252821
LBN,Lebanon,2010,99.5,8955.543361847072
LBN,Lebanon,2011,99.7,8936.20027462737
LBN,Lebanon,2012,99.5,8920.805698467304
LBN,Lebanon,2013,99.6,8443.538565287841
LBN,Lebanon,2014,99.7,7830.415111333605
LBN,Lebanon,2015,99.7,7714.109999880404
LBN,Lebanon,2016,99.8,8019.141691342605
LBN,Lebanon,2017,99.9,8305.57405425721
LBN,Lebanon,2018,99.7,8388.723512383496
LBN,Lebanon,2019,100.0,8064.048734162358
LBN,Lebanon,2020,100.0,6440.828430929219
LBN,Lebanon,2021,100.0,5973.419338929876
LBN,Lebanon,2022,100.0,5909.036515550277
LBN,Lebanon,2023,100.0,5834.634157393939
LSO,Lesotho,2000,4.3,725.2636687077727
LSO,Lesotho,2001,1.3,752.243212493971
LSO,Lesotho,2002,3.4,760.0334431803064
LSO,Lesotho,2003,5.4,798.5405005544542
LSO,Lesotho,2004,6.8,817.7935978971864
LSO,Lesotho,2005,9.6,853.9605006297973
LSO,Lesotho,2006,9.7,893.7506866271556
LSO,Lesotho,2007,13.9,927.2686332734196
LSO,Lesotho,2008,16.0,971.8813668213514
LSO,Lesotho,2009,17.0,952.7479297465286
LSO,Lesotho,2010,17.0,995.2334324516808
LSO,Lesotho,2011,22.5,1031.997215643429
LSO,Lesotho,2012,20.6,1086.390348162832
LSO,Lesotho,2013,26.9,1093.953234892717
LSO,Lesotho,2014,27.8,1100.049936842151
LSO,Lesotho,2015,31.8,1121.1985134251822
LSO,Lesotho,2016,35.1,1147.5874880167062
LSO,Lesotho,2017,33.7,1097.821668127518
LSO,Lesotho,2018,47.0,1068.444629133729
LSO,Lesotho,2019,44.6,1040.9935101411727
LSO,Lesotho,2020,47.5,944.8341283754288
LSO,Lesotho,2021,50.4,955.221236301503
LSO,Lesotho,2022,50.0,967.5192859832496
LSO,Lesotho,2023,57.3,973.116561960912
LBR,Liberia,2007,3.0,574.6093943485428
LBR,Liberia,2008,1.3,591.1853781419074
LBR,Liberia,2009,1.9,603.2562110776055
LBR,Liberia,2010,5.3,621.7832950715754
LBR,Liberia,2011,4.1,646.9087270165967
LBR,Liberia,2012,9.3,674.360011422232
LBR,Liberia,2013,9.8,717.0072803589749
LBR,Liberia,2014,9.4,707.157694930142
LBR,Liberia,2015,15.2,692.590082351257
LBR,Liberia,2016,17.7,668.0315131756014
LBR,Liberia,2017,24.2,671.2608998353553
LBR,Liberia,2018,22.8,665.8754396371369
LBR,Liberia,2019,23.1,636.6993848248694
LBR,Liberia,2020,27.6,605.025475431411
LBR,Liberia,2021,29.8,621.9279830634256
LBR,Liberia,2022,31.8,638.0051838582892
LBR,Liberia,2023,32.5,653.3291883431617
LBY,Libya,2000,99.8,10853.80595165262
LBY,Libya,2001,96.9,10467.87761460117
LBY,Libya,2002,95.2,10170.309577633829
LBY,Libya,2003,93.5,11267.0627623548
LBY,Libya,2004,91.8,11529.10866462207
LBY,Libya,2005,90.1,12628.896152655974
LBY,Libya,2006,88.4,13176.775891190397
LBY,Libya,2007,86.8,13712.960258397208
LBY,Libya,2008,85.1,13403.00046459112
LBY,Libya,2009,83.5,12549.085434552127
LBY,Libya,2010,81.9,12913.933493938615
LBY,Libya,2011,80.3,6569.594775789572
LBY,Libya,2012,78.7,12599.258882136044
LBY,Libya,2013,77.1,10126.314927806048
LBY,Libya,2014,75.5,7644.248439474036
LBY,Libya,2015,73.8,7458.489177563744
LBY,Libya,2016,72.2,7236.164099235018
LBY,Libya,2017,70.6,9435.600600400456
LBY,Libya,2018,67.0,10020.9165751361
LBY,Libya,2019,68.5,8768.410487458603
LBY,Libya,2020,69.4,6102.798640325124
LBY,Libya,2021,70.2,7731.354481525813
LBY,Libya,2022,70.0,7002.681892963579
LBY,Libya,2023,73.2,7630.49664928174
LIE,Liechtenstein,2015,100.0,167187.15730982038
LTU,Lithuania,2000,99.5,6384.308654263736
LTU,Lithuania,2001,99.5,6854.525128266709
LTU,Lithuania,2002,99.4,7374.097971011604
LTU,Lithuania,2003,99.4,8218.693362898477
LTU,Lithuania,2004,99.4,8851.92598922347
LTU,Lithuania,2005,99.4,9692.868537632668
LTU,Lithuania,2006,99.4,10577.21455228714
LTU,Lithuania,2007,99.4,11889.35452346568
LTU,Lithuania,2008,99.4,12324.519733138692
LTU,Lithuania,2009,99.5,10612.920404458186
LTU,Lithuania,2010,99.7,10884.116185258248
LTU,Lithuania,2011,99.7,11836.720038403324
LTU,Lithuania,2012,100.0,12516.618406566748
LTU,Lithuania,2013,100.0,13145.806930996938
LTU,Lithuania,2014,100.0,13753.189598230538
LTU,Lithuania,2015,100.0,14269.803987828654
LTU,Lithuania,2016,100.0,14823.107153522033
LTU,Lithuania,2017,100.0,15695.999328845572
LTU,Lithuania,2018,100.0,16604.902144080865
LTU,Lithuania,2019,100.0,17431.723908159103
LTU,Lithuania,2020,100.0,17443.655263279987
LTU,Lithuania,2021,100.0,18572.289505109296
LTU,Lithuania,2022,100.0,18873.84275272736
LTU,Lithuania,2023,100.0,18748.93026471908
LUX,Luxembourg,2000,100.0,92533.13937564786
LUX,Luxembourg,2001,100.0,94249.16258534776
LUX,Luxembourg,2002,100.0,96275.03213148708
LUX,Luxembourg,2003,100.0,97603.40281372756
LUX,Luxembourg,2004,100.0,100296.95699662768
LUX,Luxembourg,2005,100.0,101226.1096317913
LUX,Luxembourg,2006,100.0,105618.33285332345
LUX,Luxembourg,2007,100.0,112422.14649373504
LUX,Luxembourg,2008,100.0,110096.65668308576
LUX,Luxembourg,2009,100.0,104576.12219543388
LUX,Luxembourg,2010,100.0,106545.85491621752
LUX,Luxembourg,2011,100.0,105292.01234607362
LUX,Luxembourg,2012,100.0,104489.29808332823
LUX,Luxembourg,2013,100.0,105340.41498623048
LUX,Luxembourg,2014,100.0,105585.40176749244
LUX,Luxembourg,2015,100.0,105462.01258442264
LUX,Luxembourg,2016,100.0,108351.45219444884
LUX,Luxembourg,2017,100.0,107142.05542834976
LUX,Luxembourg,2018,100.0,106788.66120275638
LUX,Luxembourg,2019,100.0,107591.89950524757
LUX,Luxembourg,2020,100.0,105274.18226074362
LUX,Luxembourg,2021,100.0,110873.11526902091
LUX,Luxembourg,2022,100.0,107467.1239653066
LUX,Luxembourg,2023,100.0,105422.76466019188
MAC,"Macao SAR, China",2000,100.0,31772.63025316557
MAC,"Macao SAR, China",2001,100.0,32441.67601835812
MAC,"Macao SAR, China",2002,100.0,34967.891456181336
MAC,"Macao SAR, China",2003,100.0,38581.69761893217
MAC,"Macao SAR, China",2004,100.0,47665.93303866428
MAC,"Macao SAR, China",2005,100.0,49470.94029574798
MAC,"Macao SAR, China",2006,100.0,53240.204575027645
MAC,"Macao SAR, China",2007,100.0,58376.11760472746
MAC,"Macao SAR, China",2008,100.0,58146.32858467136
MAC,"Macao SAR, China",2009,100.0,59528.8350159491
MAC,"Macao SAR, China",2010,100.0,74195.05777623436
MAC,"Macao SAR, China",2011,100.0,88168.9713699088
MAC,"Macao SAR, China",2012,100.0,93192.88585394096
MAC,"Macao SAR, China",2013,100.0,99054.49802897162
MAC,"Macao SAR, China",2014,100.0,92383.84349152764
MAC,"Macao SAR, China",2015,100.0,69902.96057412325
MAC,"Macao SAR, China",2016,100.0,68391.34154919215
MAC,"Macao SAR, China",2017,100.0,75650.12618404519
MAC,"Macao SAR, China",2018,100.0,79178.65062905595
MAC,"Macao SAR, China",2019,100.0,75724.6078280261
MAC,"Macao SAR, China",2020,100.0,33853.77615501092
MAC,"Macao SAR, China",2021,100.0,41634.23861399028
MAC,"Macao SAR, China",2022,100.0,34000.71341283081
MAC,"Macao SAR, China",2023,100.0,59474.396425161365
MDG,Madagascar,2000,12.6,465.52950982702055
MDG,Madagascar,2001,14.8,478.4056149498696
MDG,Madagascar,2002,14.0,406.70122213637006
MDG,Madagascar,2003,20.3,433.6010403012136
MDG,Madagascar,2004,15.3,443.2786549859671
MDG,Madagascar,2005,16.0,450.95523091122834
MDG,Madagascar,2006,16.8,461.5403378977289
MDG,Madagascar,2007,17.5,473.7854623284488
MDG,Madagascar,2008,18.3,490.9639353895181
MDG,Madagascar,2009,17.4,457.78975486606834
MDG,Madagascar,2010,12.3,447.4171430306868
MDG,Madagascar,2011,14.3,441.7551584141205
MDG,Madagascar,2012,18.7,442.6415001235433
MDG,Madagascar,2013,12.9,440.6746589036283
MDG,Madagascar,2014,23.0,443.3438699082055
MDG,Madagascar,2015,23.8,445.3200694805676
MDG,Madagascar,2016,22.9,451.1565943314605
MDG,Madagascar,2017,24.1,456.8518595740305
MDG,Madagascar,2018,36.5,459.3303677995432
MDG,Madagascar,2019,31.0,467.2774134964799
MDG,Madagascar,2020,32.0,422.9242554223186
MDG,Madagascar,2021,35.1,431.5991030777461
MDG,Madagascar,2022,36.1,438.43811210231496
MDG,Madagascar,2023,39.4,445.8741020522671
MWI,Malawi,2000,4.8,418.5929850384615
MWI,Malawi,2001,5.2,388.2600397635689
MWI,Malawi,2002,5.6,385.3089802370948
MWI,Malawi,2003,6.2,397.224846758815
MWI,Malawi,2004,6.9,408.0649160527647
MWI,Malawi,2005,6.6,410.2679795925361
MWI,Malawi,2006,3.7,417.8776897765029
MWI,Malawi,2007,7.4,445.2543054195864
MWI,Malawi,2008,7.8,465.5514729800698
MWI,Malawi,2009,8.3,489.6314187901578
MWI,Malawi,2010,8.7,508.0886505528461
MWI,Malawi,2011,7.6,517.8337366242317
MWI,Malawi,2012,7.4,512.7403179745099
MWI,Malawi,2013,9.0,525.3576455165572
MWI,Malawi,2014,11.9,539.562601918057
MWI,Malawi,2015,10.8,539.605363240686
MWI,Malawi,2016,11.0,538.2219908109595
MWI,Malawi,2017,12.7,544.7957292203486
MWI,Malawi,2018,18.0,553.528790902088
MWI,Malawi,2019,11.2,569.8662493719476
MWI,Malawi,2020,11.5,559.4470860860672
MWI,Malawi,2021,14.2,569.9689673224348
MWI,Malawi,2022,14.0,560.6357597149408
MWI,Malawi,2023,15.6,557.0352396579104
MYS,Malaysia,2000,98.6,6455.614197925831
MYS,Malaysia,2001,98.6,6334.927956516982
MYS,Malaysia,2002,98.6,6516.906715601545
MYS,Malaysia,2003,98.7,6732.920494580987
MYS,Malaysia,2004,98.7,7025.345580043809
MYS,Malaysia,2005,98.7,7234.024426891415
MYS,Malaysia,2006,98.8,7469.810692121099
MYS,Malaysia,2007,98.9,7769.596933504883
MYS,Malaysia,2008,99.0,7976.117853747733
MYS,Malaysia,2009,99.3,7700.46111294033
MYS,Malaysia,2010,99.5,8118.922705119811
MYS,Malaysia,2011,99.5,8400.322486835577
MYS,Malaysia,2012,99.8,8710.526713599022
MYS,Malaysia,2013,99.6,8964.807248962034
MYS,Malaysia,2014,99.7,9341.730559712778
MYS,Malaysia,2015,99.9,9648.679793752302
MYS,Malaysia,2016,99.9,9901.479601798124
MYS,Malaysia,2017,100.0,10293.762920536155
MYS,Malaysia,2018,100.0,10610.195024047913
MYS,Malaysia,2019,100.0,10902.983485585608
MYS,Malaysia,2020,100.0,10171.4657842762
MYS,Malaysia,2021,100.0,10388.266712085682
MYS,Malaysia,2022,100.0,11191.65117569426
MYS,Malaysia,2023,100.0,11445.392527507936
MDV,Maldives,2000,83.8,7037.085461046135
MDV,Maldives,2001,87.5,6647.650382003897
MDV,Maldives,2002,88.3,7012.255688731729
MDV,Maldives,2003,89.1,7845.29307409315
MDV,Maldives,2004,90.0,8174.416073012476
MDV,Maldives,2005,90.9,7141.883770498914
MDV,Maldives,2006,91.7,8620.728146781827
MDV,Maldives,2007,92.6,8933.171663638575
MDV,Maldives,2008,93.6,9396.497336104858
MDV,Maldives,2009,99.9,8313.409836972301
MDV,Maldives,2010,99.0,8569.524946007254
MDV,Maldives,2011,99.1,9005.813913751042
MDV,Maldives,2012,99.2,8907.66134868182
MDV,Maldives,2013,99.4,9213.327914424754
MDV,Maldives,2014,100.0,9612.078618067391
MDV,Maldives,2015,99.8,9644.906550281454
MDV,Maldives,2016,100.0,9909.076697234152
MDV,Maldives,2017,99.8,10263.29911476718
MDV,Maldives,2018,100.0,10793.894132536663
MDV,Maldives,2019,100.0,11194.925374806371
MDV,Maldives,2020,100.0,7295.602209564536
MDV,Maldives,2021,100.0,9759.2219360708
MDV,Maldives,2022,100.0,10939.996327173774
MDV,Maldives,2023,100.0,11439.536434287054
MLI,Mali,2000,9.6,682.4974204515122
MLI,Mali,2001,10.8,766.9603432509641
MLI,Mali,2002,13.0,766.0736690394017
MLI,Mali,2003,14.7,814.8084665187839
MLI,Mali,2004,16.4,800.5018167052422
MLI,Mali,2005,18.2,794.3733282120822
MLI,Mali,2006,16.6,797.1005328846403
MLI,Mali,2007,21.7,784.8939150135305
MLI,Mali,2008,23.4,787.1565189820909
MLI,Mali,2009,24.0,803.4867389300679
MLI,Mali,2010,27.0,821.1812865869043
MLI,Mali,2011,28.8,818.3990309971252
MLI,Mali,2012,25.6,786.3234713371872
MLI,Mali,2013,32.4,788.8194482086963
MLI,Mali,2014,34.2,813.97566128646
MLI,Mali,2015,37.6,838.1198694010295
MLI,Mali,2016,38.8,860.7530755456903
MLI,Mali,2017,34.8,878.5613483780993
MLI,Mali,2018,50.9,892.9783227873056
MLI,Mali,2019,47.9,909.7510697069976
MLI,Mali,2020,50.6,872.3894268152671
MLI,Mali,2021,53.4,872.332509422409
MLI,Mali,2022,53.0,877.8178424346419
MLI,Mali,2023,54.5,892.6892195324289
MLT,Malta,2000,100.0,17178.36936211735
MLT,Malta,2001,100.0,16920.722974351287
MLT,Malta,2002,100.0,17255.42177097261
MLT,Malta,2003,100.0,17775.418093655077
MLT,Malta,2004,100.0,17728.357605098157
MLT,Malta,2005,100.0,18123.26018733456
MLT,Malta,2006,100.0,18479.204378514703
MLT,Malta,2007,100.0,19342.316278394137
MLT,Malta,2008,100.0,20064.45178955472
MLT,Malta,2009,100.0,19635.906718672497
MLT,Malta,2010,100.0,20750.63824775683
MLT,Malta,2011,100.0,20867.92130220841
MLT,Malta,2012,100.0,21529.38826437777
MLT,Malta,2013,100.0,22626.48768438868
MLT,Malta,2014,100.0,23866.05558335569
MLT,Malta,2015,100.0,25529.66932106732
MLT,Malta,2016,100.0,25969.4999809345
MLT,Malta,2017,100.0,28546.646494310444
MLT,Malta,2018,100.0,29536.79138689492
MLT,Malta,2019,100.0,29522.64801650284
MLT,Malta,2020,100.0,27861.807321480028
MLT,Malta,2021,100.0,31419.503171469325
MLT,Malta,2022,100.0,31447.39173154184
MLT,Malta,2023,100.0,33429.817209233646
MHL,Marshall Islands,2000,68.6,3040.5967735573704
MHL,Marshall Islands,2001,70.1,3224.791189875399
MHL,Marshall Islands,2002,71.5,3322.411278561012
MHL,Marshall Islands,2003,72.9,3256.972443308353
MHL,Marshall Islands,2004,74.3,3234.1526520051752
MHL,Marshall Islands,2005,75.7,3284.7840326744504
MHL,Marshall Islands,2006,77.2,3285.1207878135106
MHL,Marshall Islands,2007,72.3,3403.478427981167
MHL,Marshall Islands,2008,80.2,3146.2617720545845
MHL,Marshall Islands,2009,81.7,3262.269555354774
MHL,Marshall Islands,2010,89.4,3441.3188840212133
MHL,Marshall Islands,2011,89.9,3433.0629780183795
MHL,Marshall Islands,2012,90.4,3420.9144479667057
MHL,Marshall Islands,2013,90.9,3602.9281190189618
MHL,Marshall Islands,2014,91.5,3620.7727528315527
MHL,Marshall Islands,2015,92.1,3764.344262295082
MHL,Marshall Islands,2016,92.7,3946.844410907795
MHL,Marshall Islands,2017,93.8,4190.934685894818
MHL,Marshall Islands,2018,95.3,4542.342939163078
MHL,Marshall Islands,2019,96.8,5162.815006703479
MHL,Marshall Islands,2020,98.3,5172.575282161756
MHL,Marshall Islands,2021,99.8,5455.317040152778
MHL,Marshall Islands,2022,100.0,5591.463931931031
MHL,Marshall Islands,2023,100.0,5460.117959152135
MRT,Mauritania,2000,19.1,1307.910786761115
MRT,Mauritania,2001,22.2,1265.8169433588191
MRT,Mauritania,2002,21.7,1255.237854655825
MRT,Mauritania,2003,23.0,1311.8392829069912
MRT,Mauritania,2004,24.3,1342.019260869978
MRT,Mauritania,2005,18.2,1422.0835539581242
MRT,Mauritania,2006,27.0,1641.140522109945
MRT,Mauritania,2007,33.0,1567.521038747611
MRT,Mauritania,2008,30.0,1518.0567199374923
MRT,Mauritania,2009,31.1,1472.7322928285143
MRT,Mauritania,2010,34.2,1463.8476324253104
MRT,Mauritania,2011,35.3,1476.2392386786178
MRT,Mauritania,2012,36.4,1492.6996669258258
MRT,Mauritania,2013,37.6,1506.664190330063
MRT,Mauritania,2014,38.8,1524.453409695022
MRT,Mauritania,2015,39.5,1558.842054734161
MRT,Mauritania,2016,41.2,1531.8772566169923
MRT,Mauritania,2017,42.9,1580.01453100123
MRT,Mauritania,2018,43.6,1606.9153915902616
MRT,Mauritania,2019,44.9,1609.15396170643
MRT,Mauritania,2020,45.4,1557.1951187515308
MRT,Mauritania,2021,47.7,1524.1175350230887
MRT,Mauritania,2022,49.0,1580.7039152874677
MRT,Mauritania,2023,50.3,1638.9922158302293
MUS,Mauritius,2000,99.0,5724.49584395791
MUS,Mauritius,2001,99.2,5869.56961565396
MUS,Mauritius,2002,99.4,5923.09482066607
MUS,Mauritius,2003,99.1,6228.825455606512
MUS,Mauritius,2004,99.0,6457.9097776109365
MUS,Mauritius,2005,99.0,6533.899943006827
MUS,Mauritius,2006,99.0,6819.927085803248
MUS,Mauritius,2007,99.0,7180.23173197486
MUS,Mauritius,2008,99.0,7545.156837890941
MUS,Mauritius,2009,99.0,7778.258113311629
MUS,Mauritius,2010,99.4,8100.952825995074
MUS,Mauritius,2011,99.6,8423.28220250903
MUS,Mauritius,2012,99.4,8694.845607479678
MUS,Mauritius,2013,99.4,8968.512435367727
MUS,Mauritius,2014,99.5,9297.64820128968
MUS,Mauritius,2015,99.6,9630.543783750698
MUS,Mauritius,2016,99.7,9997.89198315532
MUS,Mauritius,2017,99.6,10383.883268257754
MUS,Mauritius,2018,99.8,10805.46152137389
MUS,Mauritius,2019,100.0,11111.342366952567
MUS,Mauritius,2020,99.5,9533.598279604905
MUS,Mauritius,2021,99.6,9849.348911218456
MUS,Mauritius,2022,100.0,10703.236427146154
MUS,Mauritius,2023,100.0,11330.733565576717
MEX,Mexico,2000,98.0,9581.969702028226
MEX,Mexico,2001,97.1,9398.35074347946
MEX,Mexico,2002,97.9,9242.27886122367
MEX,Mexico,2003,97.4,9221.99666685464
MEX,Mexico,2004,98.6,9421.289761326949
MEX,Mexico,2005,98.9,9491.51730268004
MEX,Mexico,2006,99.1,9813.828041866587
MEX,Mexico,2007,97.9,9877.695326365616
MEX,Mexico,2008,98.9,9826.342184484856
MEX,Mexico,2009,98.3,9074.118814481291
MEX,Mexico,2010,99.2,9389.06722076504
MEX,Mexico,2011,99.0,9575.934377346175
MEX,Mexico,2012,99.1,9782.517762518391
MEX,Mexico,2013,99.1,9738.71059661101
MEX,Mexico,2014,99.2,9862.481253474496
MEX,Mexico,2015,99.0,10021.23861136156
MEX,Mexico,2016,99.5,10100.50211958192
MEX,Mexico,2017,100.0,10193.772718831327
MEX,Mexico,2018,99.5,10296.869094045864
MEX,Mexico,2019,99.6,10159.444836769642
MEX,Mexico,2020,99.4,9234.64362226594
MEX,Mexico,2021,100.0,9728.056800245044
MEX,Mexico,2022,100.0,10013.24792270636
MEX,Mexico,2023,99.7,10234.68402656512
FSM,"Micronesia, Fed. Sts.",2000,46.0,2735.195656928296
FSM,"Micronesia, Fed. Sts.",2001,48.4,2777.0246648919883
FSM,"Micronesia, Fed. Sts.",2002,50.1,2787.2741327606745
FSM,"Micronesia, Fed. Sts.",2003,51.8,2840.524490688648
FSM,"Micronesia, Fed. Sts.",2004,53.5,2758.745903900985
FSM,"Micronesia, Fed. Sts.",2005,55.2,2847.482295255373
FSM,"Micronesia, Fed. Sts.",2006,57.0,2853.207137328466
FSM,"Micronesia, Fed. Sts.",2007,58.7,2827.530721061632
FSM,"Micronesia, Fed. Sts.",2008,60.5,2779.829711130983
FSM,"Micronesia, Fed. Sts.",2009,62.2,2841.467459460789
FSM,"Micronesia, Fed. Sts.",2010,64.5,2901.246047982146
FSM,"Micronesia, Fed. Sts.",2011,66.3,3006.539762370064
FSM,"Micronesia, Fed. Sts.",2012,67.8,2952.5870965681665
FSM,"Micronesia, Fed. Sts.",2013,69.4,2837.157467291353
FSM,"Micronesia, Fed. Sts.",2014,71.2,2757.396548788895
FSM,"Micronesia, Fed. Sts.",2015,73.0,2869.862761691012
FSM,"Micronesia, Fed. Sts.",2016,74.8,2896.472822454675
FSM,"Micronesia, Fed. Sts.",2017,76.5,2945.601473844623
FSM,"Micronesia, Fed. Sts.",2018,78.3,2946.0582784642847
FSM,"Micronesia, Fed. Sts.",2019,80.1,3043.07718989012
FSM,"Micronesia, Fed. Sts.",2020,81.9,2963.443605290217
FSM,"Micronesia, Fed. Sts.",2021,83.6,3035.922517792324
FSM,"Micronesia, Fed. Sts.",2022,85.3,2928.5246424595134
FSM,"Micronesia, Fed. Sts.",2023,86.9,2948.077209752764
MDA,Moldova,2000,98.7,1346.9156717656128
MDA,Moldova,2001,98.8,1432.276892823399
MDA,Moldova,2002,99.0,1547.5742123161233
MDA,Moldova,2003,98.8,1654.366293031951
MDA,Moldova,2004,99.1,1781.1914532372407
MDA,Moldova,2005,98.6,1919.445507637476
MDA,Moldova,2006,98.9,2017.177300629081
MDA,Moldova,2007,99.0,2082.512600976692
MDA,Moldova,2008,99.1,2249.225897193717
MDA,Moldova,2009,99.2,2116.9435754409674
MDA,Moldova,2010,99.3,2269.511161459965
MDA,Moldova,2011,99.4,2402.9444630605094
MDA,Moldova,2012,99.5,2389.086661475289
MDA,Moldova,2013,99.6,2605.850299861424
MDA,Moldova,2014,99.8,2737.801850566472
MDA,Moldova,2015,99.9,2749.55137054338
MDA,Moldova,2016,99.9,2910.954868723758
MDA,Moldova,2017,100.0,3085.333058442626
MDA,Moldova,2018,100.0,3267.9961042871973
MDA,Moldova,2019,100.0,3438.677326707123
MDA,Moldova,2020,100.0,3188.916916026994
MDA,Moldova,2021,100.0,3688.167294421437
MDA,Moldova,2022,100.0,3610.143153447185
MDA,Moldova,2023,100.0,3758.368819408199
MCO,Monaco,2000,100.0,120456.44975519917
MCO,Monaco,2001,100.0,123122.06508030112
MCO,Monaco,2002,100.0,124481.82174779462
MCO,Monaco,2003,100.0,126022.1798947638
MCO,Monaco,2004,100.0,129403.34417051758
MCO,Monaco,2005,100.0,132253.1562791387
MCO,Monaco,2006,100.0,140615.11273668267
MCO,Monaco,2007,100.0,162028.40453360346
MCO,Monaco,2008,100.0,163243.6755304565
MCO,Monaco,2009,100.0,142375.46512883404
MCO,Monaco,2010,100.0,141814.7200267325
MCO,Monaco,2011,100.0,148272.64234346544
MCO,Monaco,2012,100.0,146472.609057682
MCO,Monaco,2013,100.0,157167.9012011486
MCO,Monaco,2014,100.0,165288.12270432178
MCO,Monaco,2015,100.0,170437.0211286285
MCO,Monaco,2016,100.0,173120.1084651284
MCO,Monaco,2017,100.0,165781.7012486441
MCO,Monaco,2018,100.0,173041.67977474286
MCO,Monaco,2019,100.0,185582.6685164802
MCO,Monaco,2020,100.0,161262.85013416669
MCO,Monaco,2021,100.0,194674.68616426204
MCO,Monaco,2022,100.0,214359.5051345753
MCO,Monaco,2023,100.0,225884.0771991251
MNG,Mongolia,2000,67.3,1598.3128204060547
MNG,Mongolia,2001,71.7,1625.4615225948448
MNG,Mongolia,2002,72.8,1680.653353375546
MNG,Mongolia,2003,76.3,1775.649066761373
MNG,Mongolia,2004,74.8,1942.3626369401736
MNG,Mongolia,2005,86.2,2060.261682231712
MNG,Mongolia,2006,77.0,2209.7432178762783
MNG,Mongolia,2007,78.1,2403.724162586616
MNG,Mongolia,2008,79.2,2576.7129583860665
MNG,Mongolia,2009,80.3,2498.729674932535
MNG,Mongolia,2010,78.5,2611.6732656392364
MNG,Mongolia,2011,72.1,3010.816426726228
MNG,Mongolia,2012,83.7,3318.1649659708924
MNG,Mongolia,2013,81.2,3628.907080695749
MNG,Mongolia,2014,86.0,3830.358920495929
MNG,Mongolia,2015,88.0,3838.921269899843
MNG,Mongolia,2016,90.8,3817.9196271670194
MNG,Mongolia,2017,93.6,3956.204943713404
MNG,Mongolia,2018,98.1,4183.85566447661
MNG,Mongolia,2019,98.9,4337.8167085432015
MNG,Mongolia,2020,99.5,4066.034108827912
MNG,Mongolia,2021,100.0,4063.5366984924535
MNG,Mongolia,2022,100.0,4205.885545135513
MNG,Mongolia,2023,100.0,4456.5362755272645
MNE,Montenegro,2000,99.1,4391.367535818007
MNE,Montenegro,2001,99.1,4421.83790075206
MNE,Montenegro,2002,99.0,4488.005067870316
MNE,Montenegro,2003,99.0,4581.104850109726
MNE,Montenegro,2004,99.0,4775.396615994008
MNE,Montenegro,2005,99.8,4967.682850961176
MNE,Montenegro,2006,99.0,5386.535807279816
MNE,Montenegro,2007,99.0,5763.037652441579
MNE,Montenegro,2008,99.0,6149.682692289132
MNE,Montenegro,2009,99.1,5768.65438505628
MNE,Montenegro,2010,99.2,5917.915107299772
MNE,Montenegro,2011,99.0,6110.657268802152
MNE,Montenegro,2012,99.3,5948.376325390141
MNE,Montenegro,2013,99.7,6138.248652751992
MNE,Montenegro,2014,97.7,6272.088217613547
MNE,Montenegro,2015,99.5,6421.000057314188
MNE,Montenegro,2016,99.6,6634.381972010028
MNE,Montenegro,2017,100.0,6840.908341012238
MNE,Montenegro,2018,100.0,7159.467784332518
MNE,Montenegro,2019,100.0,7470.29237568568
MNE,Montenegro,2020,99.9,6351.951879493132
MNE,Montenegro,2021,99.8,7198.301226544097
MNE,Montenegro,2022,100.0,7773.599587910738
MNE,Montenegro,2023,100.0,8278.024610062623
MAR,Morocco,2000,69.8,1957.14135742188
MAR,Morocco,2001,71.6,2078.96606445313
MAR,Morocco,2002,73.3,2127.50708007813
MAR,Morocco,2003,75.1,2229.576171875
MAR,Morocco,2004,78.2,2301.08178710938
MAR,Morocco,2005,78.6,2342.15478515625
MAR,Morocco,2006,96.5,2489.99291992188
MAR,Morocco,2007,82.2,2540.615234375
MAR,Morocco,2008,84.1,2648.58569335938
MAR,Morocco,2009,85.9,2710.66650390625
MAR,Morocco,2010,95.7,2767.04223632813
MAR,Morocco,2011,96.1,2879.53930664063
MAR,Morocco,2012,96.4,2927.45043945313
MAR,Morocco,2013,97.2,3008.185546875
MAR,Morocco,2014,97.3,3051.458984375
MAR,Morocco,2015,97.3,3146.24780273438
MAR,Morocco,2016,97.8,3124.42504882813
MAR,Morocco,2017,100.0,3242.64428710938
MAR,Morocco,2018,98.1,3304.7119140625
MAR,Morocco,2019,99.6,3364.73950195313
MAR,Morocco,2020,100.0,3090.89428710938
MAR,Morocco,2021,100.0,3309.130859375
MAR,Morocco,2022,100.0,3334.91162109375
MAR,Morocco,2023,100.0,3421.21704101563
MOZ,Mozambique,2000,6.1,287.39063034448367
MOZ,Mozambique,2001,5.7,317.1857035810339
MOZ,Mozambique,2002,8.4,340.13537022259
MOZ,Mozambique,2003,8.1,356.5211574041249
MOZ,Mozambique,2004,10.7,377.0649580848778
MOZ,Mozambique,2005,11.8,391.69975816397647
MOZ,Mozambique,2006,13.0,420.5264627647259
MOZ,Mozambique,2007,12.4,442.0495740577508
MOZ,Mozambique,2008,13.6,460.9472948567904
MOZ,Mozambique,2009,15.0,475.7881780511934
MOZ,Mozambique,2010,18.9,494.1628590747853
MOZ,Mozambique,2011,20.2,514.8699571919941
MOZ,Mozambique,2012,21.2,540.2945177803002
MOZ,Mozambique,2013,22.4,559.3939536856878
MOZ,Mozambique,2014,24.8,585.2667161339837
MOZ,Mozambique,2015,24.0,610.5637747065892
MOZ,Mozambique,2016,26.2,620.7797149545554
MOZ,Mozambique,2017,24.3,618.3976943603338
MOZ,Mozambique,2018,31.1,621.1537341947873
MOZ,Mozambique,2019,29.7,617.1393200019503
MOZ,Mozambique,2020,30.6,591.8040599859323
MOZ,Mozambique,2021,31.5,588.2158546954162
MOZ,Mozambique,2022,33.2,596.0866309189647
MOZ,Mozambique,2023,36.0,610.5910416115379
MMR,Myanmar,2000,41.9,298.5904645060466
MMR,Myanmar,2001,43.0,328.97387270899645
MMR,Myanmar,2002,47.0,364.8558001924773
MMR,Myanmar,2003,45.1,411.498764121919
MMR,Myanmar,2004,46.2,463.3301357153318
MMR,Myanmar,2005,47.3,522.0995447846614
MMR,Myanmar,2006,48.4,586.0855799274178
MMR,Myanmar,2007,49.5,651.7297308902677
MMR,Myanmar,2008,50.6,714.6204190173377
MMR,Myanmar,2009,51.8,785.6348531578935
MMR,Myanmar,2010,48.8,854.9324780160347
MMR,Myanmar,2011,54.1,895.512538750361
MMR,Myanmar,2012,55.3,953.1230819234252
MMR,Myanmar,2013,56.5,1024.6906047325424
MMR,Myanmar,2014,52.0,1099.243877500987
MMR,Myanmar,2015,60.5,1166.7330554633684
MMR,Myanmar,2016,55.6,1225.3791397098876
MMR,Myanmar,2017,69.8,1290.5640902568955
MMR,Myanmar,2018,66.1,1361.5683126411975
MMR,Myanmar,2019,68.3,1440.989882367336
MMR,Myanmar,2020,70.4,1301.3138635066707
MMR,Myanmar,2021,72.5,1136.9956605413986
MMR,Myanmar,2022,73.6,1174.7669794575463
MMR,Myanmar,2023,76.8,1177.7664964556272
NAM,Namibia,2000,36.5,3083.5965788469703
NAM,Namibia,2001,36.0,3055.4044483193625
NAM,Namibia,2002,36.9,3145.9456628124717
NAM,Namibia,2003,37.8,3232.3058965885657
NAM,Namibia,2004,38.7,3582.8950325970145
NAM,Namibia,2005,39.6,3627.750597722781
NAM,Namibia,2006,40.5,3834.998946661783
NAM,Namibia,2007,43.7,3987.61796106565
NAM,Namibia,2008,42.4,4036.381874847069
NAM,Namibia,2009,44.1,3989.2071138765054
NAM,Namibia,2010,44.4,4165.129902009883
NAM,Namibia,2011,42.3,4302.72451368462
NAM,Namibia,2012,46.4,4420.967413738616
NAM,Namibia,2013,47.4,4549.267590938971
NAM,Namibia,2014,48.4,4701.9569418909805
NAM,Namibia,2015,51.6,4774.106508657753
NAM,Namibia,2016,49.7,4648.627134602133
NAM,Namibia,2017,52.5,4476.733244021052
NAM,Namibia,2018,52.3,4400.4753770574325
NAM,Namibia,2019,53.3,4243.09274481966
NAM,Namibia,2020,52.3,3787.499439732857
NAM,Namibia,2021,55.2,3809.807533597145
NAM,Namibia,2022,56.2,3905.551352681636
NAM,Namibia,2023,56.7,3973.490105799979
NRU,Nauru,2000,99.1,6079.967006249796
NRU,Nauru,2001,99.0,5690.157298319002
NRU,Nauru,2002,99.0,5147.162016961775
NRU,Nauru,2003,99.0,5173.612287819752
NRU,Nauru,2004,99.0,4949.890969221197
NRU,Nauru,2005,99.0,4955.309299469125
NRU,Nauru,2006,99.0,5382.1016186909865
NRU,Nauru,2007,99.8,4199.705081417329
NRU,Nauru,2008,99.1,5045.184723644913
NRU,Nauru,2009,99.1,4761.566583923233
NRU,Nauru,2010,99.2,4748.765399240776
NRU,Nauru,2011,99.0,5417.444879237673
NRU,Nauru,2012,99.4,6626.1831707294505
NRU,Nauru,2013,99.4,6735.421280618617
NRU,Nauru,2014,99.5,7638.990652188922
NRU,Nauru,2015,99.0,7747.2558499360675
NRU,Nauru,2016,99.7,7925.577966204797
NRU,Nauru,2017,99.8,7308.317585165151
NRU,Nauru,2018,99.9,7149.781091383933
NRU,Nauru,2019,100.0,7687.196433225187
NRU,Nauru,2020,100.0,7770.698837840162
NRU,Nauru,2021,100.0,8325.882146634267
NRU,Nauru,2022,100.0,8260.973989911077
NRU,Nauru,2023,100.0,8150.433962639482
NPL,Nepal,2000,29.9,547.2210822736322
NPL,Nepal,2001,24.6,564.2862292039097
NPL,Nepal,2002,36.4,556.4384545387963
NPL,Nepal,2003,39.6,570.2896736342799
NPL,Nepal,2004,37.2,589.4699286861697
NPL,Nepal,2005,46.1,603.1901085709948
NPL,Nepal,2006,51.2,617.4776385887216
NPL,Nepal,2007,52.6,633.2261291365969
NPL,Nepal,2008,56.0,666.865095417138
NPL,Nepal,2009,59.3,692.4000008169188
NPL,Nepal,2010,68.6,721.2652213643022
NPL,Nepal,2011,67.3,742.6172526625764
NPL,Nepal,2012,75.2,775.3105784798393
NPL,Nepal,2013,77.4,801.0390608478565
NPL,Nepal,2014,84.9,846.6655417735989
NPL,Nepal,2015,82.0,875.5436354748624
NPL,Nepal,2016,90.7,875.188943730855
NPL,Nepal,2017,86.6,951.8572985636408
NPL,Nepal,2018,93.9,1021.914922040114
NPL,Nepal,2019,89.9,1077.117964981876
NPL,Nepal,2020,89.9,1031.5361878393398
NPL,Nepal,2021,89.9,1062.788843062899
NPL,Nepal,2022,91.3,1113.5546234122342
NPL,Nepal,2023,94.0,1136.4276931196962
NLD,Netherlands,2000,100.0,40665.30002115942
NLD,Netherlands,2001,100.0,41297.284710124026
NLD,Netherlands,2002,100.0,41135.40203538557
NLD,Netherlands,2003,100.0,40981.83997209197
NLD,Netherlands,2004,100.0,41663.12903445719
NLD,Netherlands,2005,100.0,42411.34808628108
NLD,Netherlands,2006,100.0,43841.09158185667
NLD,Netherlands,2007,100.0,45445.54218619603
NLD,Netherlands,2008,100.0,46227.19875455143
NLD,Netherlands,2009,100.0,44304.4041948677
NLD,Netherlands,2010,100.0,44659.27939014736
NLD,Netherlands,2011,100.0,45239.71987455894
NLD,Netherlands,2012,100.0,44631.885563323885
NLD,Netherlands,2013,100.0,44487.03785933936
NLD,Netherlands,2014,100.0,45042.05159074442
NLD,Netherlands,2015,100.0,45793.81354346971
NLD,Netherlands,2016,100.0,46655.03402647544
NLD,Netherlands,2017,100.0,47670.0858101833
NLD,Netherlands,2018,100.0,48463.005560873135
NLD,Netherlands,2019,100.0,49254.02478906401
NLD,Netherlands,2020,100.0,47086.56747554969
NLD,Netherlands,2021,100.0,49780.83283525421
NLD,Netherlands,2022,100.0,51777.531482827646
NLD,Netherlands,2023,100.0,50960.781030530845
NCL,New Caledonia,2015,100.0,30858.723706053293
NZL,New Zealand,2000,100.0,30839.29538660917
NZL,New Zealand,2001,100.0,31705.24835312529
NZL,New Zealand,2002,100.0,32628.4322594563
NZL,New Zealand,2003,100.0,33502.64907556964
NZL,New Zealand,2004,100.0,34358.62890461429
NZL,New Zealand,2005,100.0,35112.07694814743
NZL,New Zealand,2006,100.0,35649.02584952245
NZL,New Zealand,2007,100.0,36400.01533089522
NZL,New Zealand,2008,100.0,35722.22742625808
NZL,New Zealand,2009,100.0,35352.642845369184
NZL,New Zealand,2010,100.0,35476.371360915364
NZL,New Zealand,2011,100.0,35961.91195925897
NZL,New Zealand,2012,100.0,36588.81974717698
NZL,New Zealand,2013,100.0,37240.027916682186
NZL,New Zealand,2014,100.0,38025.46749986318
NZL,New Zealand,2015,100.0,38648.73025621088
NZL,New Zealand,2016,100.0,39205.0341298225
NZL,New Zealand,2017,100.0,39667.68842362722
NZL,New Zealand,2018,100.0,40257.91392608035
NZL,New Zealand,2019,100.0,40615.72669465428
NZL,New Zealand,2020,100.0,39702.31120904178
NZL,New Zealand,2021,100.0,41309.819845134414
NZL,New Zealand,2022,100.0,42716.08667830337
NZL,New Zealand,2023,100.0,42501.49320449682
NIC,Nicaragua,2000,73.0,1458.3749008455618
NIC,Nicaragua,2001,72.2,1482.3151724727911
NIC,Nicaragua,2002,74.1,1475.486354111786
NIC,Nicaragua,2003,74.6,1494.9561875256582
NIC,Nicaragua,2004,75.2,1555.8742569481628
NIC,Nicaragua,2005,73.8,1601.487707074579
NIC,Nicaragua,2006,76.3,1644.3719356525085
NIC,Nicaragua,2007,76.9,1703.2078029940528
NIC,Nicaragua,2008,77.5,1736.657406104083
NIC,Nicaragua,2009,77.9,1655.72028962416
NIC,Nicaragua,2010,80.1,1704.3787504905936
NIC,Nicaragua,2011,81.2,1786.6286341830844
NIC,Nicaragua,2012,81.3,1876.1759720148964
NIC,Nicaragua,2013,81.9,1941.4562855262573
NIC,Nicaragua,2014,81.9,2006.6486964653348
NIC,Nicaragua,2015,83.2,2074.4562063473063
NIC,Nicaragua,2016,83.9,2140.1440594160595
NIC,Nicaragua,2017,84.6,2209.63273423213
NIC,Nicaragua,2018,85.2,2107.3396261623006
NIC,Nicaragua,2019,85.7,2019.9151862004376
NIC,Nicaragua,2020,86.0,1950.1918121847316
NIC,Nicaragua,2021,86.3,2128.308800413338
NIC,Nicaragua,2022,86.5,2175.738458938742
NIC,Nicaragua,2023,88.3,2241.1228811163014
NER,Niger,2000,6.5,392.8986169410418
NER,Niger,2001,8.4,406.9234936652638
NER,Niger,2002,8.8,412.1237931925778
NER,Niger,2003,9.3,406.3337574978762
NER,Niger,2004,9.7,393.3987814531986
NER,Niger,2005,7.1,407.1909310599244
NER,Niger,2006,9.3,415.8520221148007
NER,Niger,2007,11.2,413.4191262610662
NER,Niger,2008,11.8,429.1955427988773
NER,Niger,2009,12.3,421.6509013331357
NER,Niger,2010,13.6,441.0791661120394
NER,Niger,2011,14.3,434.986264873953
NER,Niger,2012,14.4,463.0662654964024
NER,Niger,2013,15.2,469.6902142008783
NER,Niger,2014,15.7,482.7452474194604
NER,Niger,2015,16.6,485.6625741752788
NER,Niger,2016,17.0,488.18482380158105
NER,Niger,2017,17.6,497.1726083296084
NER,Niger,2018,17.6,513.4236997652889
NER,Niger,2019,18.5,526.6036174608603
NER,Niger,2020,18.7,532.208221196997
NER,Niger,2021,18.6,520.912751008043
NER,Niger,2022,19.5,565.8733857943585
NER,Niger,2023,20.1,561.960694711722
NGA,Nigeria,2000,43.2,1421.6798795201637
NGA,Nigeria,2001,43.9,1465.4572034236885
NGA,Nigeria,2002,44.6,1644.3951887770766
NGA,Nigeria,2003,52.2,1717.2145111173927
NGA,Nigeria,2004,46.1,1824.8026945683816
NGA,Nigeria,2005,46.8,1889.2517532584216
NGA,Nigeria,2006,47.6,1949.158568045824
NGA,Nigeria,2007,50.1,2020.833162994372
NGA,Nigeria,2008,50.3,2098.283392207301
NGA,Nigeria,2009,50.0,2204.6072560382304
NGA,Nigeria,2010,48.0,2315.466765096415
NGA,Nigeria,2011,55.9,2370.9765709188123
NGA,Nigeria,2012,53.0,2403.653878969874
NGA,Nigeria,2013,55.6,2495.341065738624
NGA,Nigeria,2014,54.2,2583.615569581706
NGA,Nigeria,2015,52.5,2585.733606717974
NGA,Nigeria,2016,59.3,2481.8149035040296
NGA,Nigeria,2017,54.4,2441.712364045374
NGA,Nigeria,2018,56.5,2431.778578325972
NGA,Nigeria,2019,55.4,2431.535284758741
NGA,Nigeria,2020,55.4,2228.686314265286
NGA,Nigeria,2021,59.5,2206.664062555641
NGA,Nigeria,2022,60.5,2254.290804145981
NGA,Nigeria,2023,61.2,2280.677771671623
MKD,North Macedonia,2000,99.0,3283.3793409535137
MKD,North Macedonia,2001,99.0,3169.3251436893106
MKD,North Macedonia,2002,99.0,3240.11064526089
MKD,North Macedonia,2003,99.0,3307.92040834712
MKD,North Macedonia,2004,99.4,3473.765448114508
MKD,North Macedonia,2005,99.1,3657.563076992162
MKD,North Macedonia,2006,99.0,3866.746506229773
MKD,North Macedonia,2007,99.1,4140.633548093642
MKD,North Macedonia,2008,99.2,4392.550716415098
MKD,North Macedonia,2009,99.2,4405.200457508667
MKD,North Macedonia,2010,99.5,4582.36517512347
MKD,North Macedonia,2011,99.7,4711.130278700812
MKD,North Macedonia,2012,99.6,4708.051685359227
MKD,North Macedonia,2013,99.7,4863.680886669677
MKD,North Macedonia,2014,99.8,5053.750012363666
MKD,North Macedonia,2015,99.9,5262.686719286744
MKD,North Macedonia,2016,100.0,5429.946783583586
MKD,North Macedonia,2017,100.0,5510.81862920922
MKD,North Macedonia,2018,99.8,5698.393344844888
MKD,North Macedonia,2019,100.0,5961.584753991911
MKD,North Macedonia,2020,100.0,5743.726494245812
MKD,North Macedonia,2021,100.0,6064.923151200224
MKD,North Macedonia,2022,100.0,6250.627209520625
MKD,North Macedonia,2023,100.0,6423.992213933695
MNP,Northern Mariana Islands,2002,99.9,24066.53615734451
MNP,Northern Mariana Islands,2003,99.9,24650.04055319092
MNP,Northern Mariana Islands,2004,99.8,24445.461844191865
MNP,Northern Mariana Islands,2005,99.8,21882.292793541477
MNP,Northern Mariana Islands,2006,99.7,20940.161977042768
MNP,Northern Mariana Islands,2007,100.0,20117.703733522947
MNP,Northern Mariana Islands,2008,100.0,18451.390545878738
MNP,Northern Mariana Islands,2009,100.0,15710.580728203866
MNP,Northern Mariana Islands,2010,100.0,16293.305949625856
MNP,Northern Mariana Islands,2011,100.0,15226.130880510824
MNP,Northern Mariana Islands,2012,100.0,15457.425819224669
MNP,Northern Mariana Islands,2013,100.0,16015.034916433757
MNP,Northern Mariana Islands,2014,100.0,16869.5270385638
MNP,Northern Mariana Islands,2015,100.0,17665.100749310866
MNP,Northern Mariana Islands,2016,100.0,23158.57449885378
MNP,Northern Mariana Islands,2017,100.0,28989.347022133905
MNP,Northern Mariana Islands,2018,100.0,23756.607582024782
MNP,Northern Mariana Islands,2019,100.0,21451.440163651096
MNP,Northern Mariana Islands,2020,100.0,15410.118692394402
MNP,Northern Mariana Islands,2021,100.0,16365.016735394987
MNP,Northern Mariana Islands,2022,100.0,19461.86111297444
NOR,Norway,2000,100.0,67611.34110218589
NOR,Norway,2001,100.0,68725.40431627979
NOR,Norway,2002,100.0,69352.0430510008
NOR,Norway,2003,100.0,69702.36115764103
NOR,Norway,2004,100.0,72292.1208978835
NOR,Norway,2005,100.0,73933.74462352639
NOR,Norway,2006,100.0,75428.8816534082
NOR,Norway,2007,100.0,77205.75459840077
NOR,Norway,2008,100.0,76876.87050280086
NOR,Norway,2009,100.0,74688.75314453713
NOR,Norway,2010,100.0,74505.43135863348
NOR,Norway,2011,100.0,74563.83490856692
NOR,Norway,2012,100.0,75669.0612719716
NOR,Norway,2013,100.0,75711.24103952623
NOR,Norway,2014,100.0,76430.73749746865
NOR,Norway,2015,100.0,77220.95243114144
NOR,Norway,2016,100.0,77532.27500226686
NOR,Norway,2017,100.0,78961.77579061675
NOR,Norway,2018,100.0,79313.28894340422
NOR,Norway,2019,100.0,79937.5097885912
NOR,Norway,2020,100.0,78387.04350231019
NOR,Norway,2021,100.0,81199.33914921395
NOR,Norway,2022,100.0,83756.73838050607
NOR,Norway,2023,100.0,83100.79446458716
OMN,Oman,2000,100.0,19881.73643167764
OMN,Oman,2001,100.0,20546.05540775985
OMN,Oman,2002,100.0,20150.11319714133
OMN,Oman,2003,100.0,19485.64415060765
OMN,Oman,2004,100.0,19534.860144526887
OMN,Oman,2005,99.9,19629.04515460148
OMN,Oman,2006,99.9,20096.39655761336
OMN,Oman,2007,100.0,20642.74895633772
OMN,Oman,2008,100.0,22007.733896351736
OMN,Oman,2009,100.0,22819.19773246465
OMN,Oman,2010,100.0,22766.05036207213
OMN,Oman,2011,100.0,20993.90794369353
OMN,Oman,2012,100.0,19824.12154859458
OMN,Oman,2013,100.0,19299.94005168688
OMN,Oman,2014,100.0,18726.202694697055
OMN,Oman,2015,100.0,18808.30779218389
OMN,Oman,2016,100.0,18830.6057208608
OMN,Oman,2017,100.0,18277.945563615027
OMN,Oman,2018,100.0,18269.67694355622
OMN,Oman,2019,100.0,18089.58666848805
OMN,Oman,2020,100.0,17743.885880047706
OMN,Oman,2021,100.0,18291.33879838881
OMN,Oman,2022,100.0,18792.4460565306
OMN,Oman,2023,100.0,17853.964489780064
PAK,Pakistan,2000,72.8,1049.5422968685218
PAK,Pakistan,2001,73.9,1057.8676777864584
PAK,Pakistan,2002,74.9,1059.0417102458912
PAK,Pakistan,2003,76.0,1090.2752399374565
PAK,Pakistan,2004,77.0,1146.996328426657
PAK,Pakistan,2005,78.1,1201.2335936721431
PAK,Pakistan,2006,79.1,1243.9414260254266
PAK,Pakistan,2007,80.2,1265.3556753984155
PAK,Pakistan,2008,81.4,1258.051889344521
PAK,Pakistan,2009,82.5,1269.0743211644408
PAK,Pakistan,2010,87.1,1256.694822013231
PAK,Pakistan,2011,87.8,1261.831619078569
PAK,Pakistan,2012,88.6,1275.4880689896625
PAK,Pakistan,2013,89.3,1309.7008044638596
PAK,Pakistan,2014,90.1,1343.3077812104252
PAK,Pakistan,2015,91.0,1380.4702083831723
PAK,Pakistan,2016,91.8,1452.1865826917658
PAK,Pakistan,2017,92.7,1495.261875280324
PAK,Pakistan,2018,93.4,1561.681698195586
PAK,Pakistan,2019,93.9,1573.8330826936988
PAK,Pakistan,2020,94.5,1526.0059748630656
PAK,Pakistan,2021,94.9,1595.027921754216
PAK,Pakistan,2022,95.0,1642.280669748258
PAK,Pakistan,2023,95.6,1610.3312283753653
PLW,Palau,2000,97.9,12216.97936261849
PLW,Palau,2001,98.0,12996.50903616664
PLW,Palau,2002,98.0,13503.92271743152
PLW,Palau,2003,98.1,13111.714200112276
PLW,Palau,2004,98.1,13456.813768642189
PLW,Palau,2005,98.9,13845.717232287489
PLW,Palau,2006,98.3,14037.370652363436
PLW,Palau,2007,98.4,14346.89958311294
PLW,Palau,2008,98.5,13759.00341216686
PLW,Palau,2009,98.6,13113.578666692129
PLW,Palau,2010,98.8,12933.06761021419
PLW,Palau,2011,98.9,13758.758738315224
PLW,Palau,2012,97.6,14289.783389183896
PLW,Palau,2013,99.2,14184.044952103706
PLW,Palau,2014,99.8,14725.843643277767
PLW,Palau,2015,99.5,15938.36522228475
PLW,Palau,2016,100.0,16179.395962874944
PLW,Palau,2017,100.0,15612.670018049808
PLW,Palau,2018,100.0,15545.721937167627
PLW,Palau,2019,100.0,15606.482763437403
PLW,Palau,2020,100.0,14673.884597577848
PLW,Palau,2021,100.0,12932.085706023285
PLW,Palau,2022,100.0,12889.621605828796
PLW,Palau,2023,100.0,13070.794450215351
PAN,Panama,2000,81.4,6856.149190058468
PAN,Panama,2001,81.5,6787.862678973484
PAN,Panama,2002,82.1,6825.177474371661
PAN,Panama,2003,87.8,7037.081657003492
PAN,Panama,2004,83.4,7468.765931398013
PAN,Panama,2005,84.1,7935.871350608215
PAN,Panama,2006,84.8,8557.980177036403
PAN,Panama,2007,85.5,9507.646410738544
PAN,Panama,2008,86.3,10288.154991149251
PAN,Panama,2009,87.0,10267.063315199344
PAN,Panama,2010,86.9,10698.071763391104
PAN,Panama,2011,88.6,11761.49885476036
PAN,Panama,2012,89.3,12668.294547410487
PAN,Panama,2013,89.1,13236.83067544486
PAN,Panama,2014,90.8,13611.54908095592
PAN,Panama,2015,91.6,14082.654850272787
PAN,Panama,2016,92.4,14474.124363634935
PAN,Panama,2017,93.7,15045.54564268271
PAN,Panama,2018,93.8,15375.650085570336
PAN,Panama,2019,93.9,15602.531520970882
PAN,Panama,2020,95.3,12647.09142272787
PAN,Panama,2021,95.3,14552.934527176769
PAN,Panama,2022,95.0,15956.067108787272
PAN,Panama,2023,97.0,16877.15434256459
PNG,Papua New Guinea,2000,12.4,1989.5788220427416
PNG,Papua New Guinea,2001,12.7,1920.780038893932
PNG,Papua New Guinea,2002,13.1,1854.4183173746192
PNG,Papua New Guinea,2003,13.4,1832.678703144467
PNG,Papua New Guinea,2004,13.8,1821.8474107100155
PNG,Papua New Guinea,2005,14.1,1875.8227348051391
PNG,Papua New Guinea,2006,12.4,1915.2349405787973
PNG,Papua New Guinea,2007,14.9,2000.9726186689031
PNG,Papua New Guinea,2008,15.3,1934.0320155875288
PNG,Papua New Guinea,2009,17.2,2003.2410972703904
PNG,Papua New Guinea,2010,19.5,2140.509390273843
PNG,Papua New Guinea,2011,17.3,2102.031920606388
PNG,Papua New Guinea,2012,17.5,2139.480966604284
PNG,Papua New Guinea,2013,17.8,2162.1059259559065
PNG,Papua New Guinea,2014,18.1,2391.357802816296
PNG,Papua New Guinea,2015,18.4,2484.5963398603
PNG,Papua New Guinea,2016,13.5,2557.0946303003548
PNG,Papua New Guinea,2017,19.2,2584.888363627105
PNG,Papua New Guinea,2018,16.6,2518.458993173212
PNG,Papua New Guinea,2019,23.6,2572.561779678961
PNG,Papua New Guinea,2020,20.5,2438.611379222932
PNG,Papua New Guinea,2021,20.9,2378.389391466602
PNG,Papua New Guinea,2022,19.0,2467.240086289727
PNG,Papua New Guinea,2023,20.5,2515.285750965886
PRY,Paraguay,2000,89.6,4074.489533204036
PRY,Paraguay,2001,91.0,3972.8842786668624
PRY,Paraguay,2002,91.7,3916.440223086796
PRY,Paraguay,2003,92.6,4035.7183391988265
PRY,Paraguay,2004,93.2,4151.345847993679
PRY,Paraguay,2005,94.7,4193.2808652562
PRY,Paraguay,2006,96.7,4349.311970661816
PRY,Paraguay,2007,96.5,4540.38235899198
PRY,Paraguay,2008,96.7,4788.663187779099
PRY,Paraguay,2009,96.9,4727.596858113951
PRY,Paraguay,2010,97.4,5191.05014254402
PRY,Paraguay,2011,98.2,5342.190157173764
PRY,Paraguay,2012,97.8,5230.262448587636
PRY,Paraguay,2013,99.0,5583.122744734626
PRY,Paraguay,2014,99.0,5794.476446897601
PRY,Paraguay,2015,99.3,5879.337923086712
PRY,Paraguay,2016,98.4,6041.958793672685
PRY,Paraguay,2017,99.3,6243.13363139058
PRY,Paraguay,2018,99.6,6354.239200529697
PRY,Paraguay,2019,99.7,6243.53620897773
PRY,Paraguay,2020,99.7,6109.196081006152
PRY,Paraguay,2021,100.0,6276.774842366298
PRY,Paraguay,2022,100.0,6204.208115319106
PRY,Paraguay,2023,99.8,6452.285668400343
PER,Peru,2000,72.5,3286.2730847552334
PER,Peru,2001,72.1,3261.664250513599
PER,Peru,2002,74.4,3398.749914192974
PER,Peru,2003,74.4,3502.7916568764595
PER,Peru,2004,75.7,3640.602998697444
PER,Peru,2005,77.2,3835.132192797219
PER,Peru,2006,80.2,4091.3626861558087
PER,Peru,2007,82.0,4407.791216864158
PER,Peru,2008,84.7,4778.526421723128
PER,Peru,2009,86.4,4801.171537405071
PER,Peru,2010,88.1,5167.392593259375
PER,Peru,2011,89.7,5453.45718713631
PER,Peru,2012,91.1,5740.0434627247205
PER,Peru,2013,92.1,6021.461427652321
PER,Peru,2014,92.9,6103.918647499693
PER,Peru,2015,93.9,6231.711503388939
PER,Peru,2016,94.2,6392.254749410137
PER,Peru,2017,94.8,6457.419402547214
PER,Peru,2018,95.2,6593.144374595259
PER,Peru,2019,95.6,6626.260834949689
PER,Peru,2020,96.2,5831.830247585214
PER,Peru,2021,95.6,6550.967475438716
PER,Peru,2022,96.2,6671.289020421373
PER,Peru,2023,96.2,6575.182955022283
PHL,Philippines,2000,74.7,1793.347611464365
PHL,Philippines,2001,75.7,1807.70892524758
PHL,Philippines,2002,76.7,1837.2542928685396
PHL,Philippines,2003,76.6,1892.821619950508
PHL,Philippines,2004,87.6,1978.3448913311336
PHL,Philippines,2005,79.8,2037.8776605945984
PHL,Philippines,2006,80.2,2110.420447812837
PHL,Philippines,2007,82.0,2209.346510833289
PHL,Philippines,2008,83.3,2264.946290728805
PHL,Philippines,2009,84.3,2256.7255483546305
PHL,Philippines,2010,85.5,2373.143120646636
PHL,Philippines,2011,87.2,2416.752120645418
PHL,Philippines,2012,87.1,2533.741419649587
PHL,Philippines,2013,87.5,2654.415069339782
PHL,Philippines,2014,89.8,2776.9200590947853
PHL,Philippines,2015,89.1,2909.8581801030064
PHL,Philippines,2016,92.0,3076.3374186758983
PHL,Philippines,2017,93.0,3247.450387836204
PHL,Philippines,2018,94.2,3410.936479761091
PHL,Philippines,2019,95.3,3575.881709229217
PHL,Philippines,2020,96.4,3198.6669000841307
PHL,Philippines,2021,97.5,3350.975875877763
PHL,Philippines,2022,94.8,3577.70136573244
PHL,Philippines,2023,98.0,3744.6976380268593
POL,Poland,2000,100.0,7401.576976478477
POL,Poland,2001,100.0,7494.960895032462
POL,Poland,2002,100.0,7640.993077577768
POL,Poland,2003,99.9,7915.554243897037
POL,Poland,2004,99.9,8323.38773754587
POL,Poland,2005,99.8,8598.57681241557
POL,Poland,2006,99.8,9137.658508498003
POL,Poland,2007,99.8,9760.704260435195
POL,Poland,2008,99.8,10187.201791088337
POL,Poland,2009,100.0,10446.528913852377
POL,Poland,2010,100.0,10808.39756742376
POL,Poland,2011,100.0,11370.313427172998
POL,Poland,2012,100.0,11542.235336801396
POL,Poland,2013,100.0,11628.22868095249
POL,Poland,2014,100.0,12093.162278739426
POL,Poland,2015,100.0,12637.522032440616
POL,Poland,2016,100.0,13026.185898871834
POL,Poland,2017,100.0,13695.645284872391
POL,Poland,2018,100.0,14551.085027708908
POL,Poland,2019,100.0,15221.309062445382
POL,Poland,2020,100.0,15090.22284401132
POL,Poland,2021,100.0,16368.6239689025
POL,Poland,2022,100.0,17303.644943229963
POL,Poland,2023,100.0,17410.383013706578
PRT,Portugal,2000,100.0,18822.09330929374
PRT,Portugal,2001,100.0,19053.08994565903
PRT,Portugal,2002,100.0,19095.1102477398
PRT,Portugal,2003,100.0,18846.541189363183
PRT,Portugal,2004,100.0,19137.83708989491
PRT,Portugal,2005,100.0,19251.714506830045
PRT,Portugal,2006,100.0,19529.312210047658
PRT,Portugal,2007,100.0,19979.57062807921
PRT,Portugal,2008,100.0,20014.4749330004
PRT,Portugal,2009,100.0,19371.131887685497
PRT,Portugal,2010,100.0,19698.68367913974
PRT,Portugal,2011,100.0,19389.639589616218
PRT,Portugal,2012,100.0,18679.76267895936
PRT,Portugal,2013,100.0,18597.72146239644
PRT,Portugal,2014,100.0,18836.89679789059
PRT,Portugal,2015,100.0,19215.781301434683
PRT,Portugal,2016,100.0,19662.82312461998
PRT,Portugal,2017,100.0,20364.1962735946
PRT,Portugal,2018,100.0,20997.77459870127
PRT,Portugal,2019,100.0,21569.1874752919
PRT,Portugal,2020,100.0,19778.7139525722
PRT,Portugal,2021,100.0,20747.69907341633
PRT,Portugal,2022,100.0,22042.868028364705
PRT,Portugal,2023,100.0,22417.16340609061
PRI,Puerto Rico,2000,100.0,26131.96306435837
PRI,Puerto Rico,2001,100.0,27722.36718727482
PRI,Puerto Rico,2002,100.0,27940.382621973386
PRI,Puerto Rico,2003,100.0,27937.816592256742
PRI,Puerto Rico,2004,100.0,30375.789575823677
PRI,Puerto Rico,2005,100.0,29815.21642223097
PRI,Puerto Rico,2006,100.0,29519.73867597289
PRI,Puerto Rico,2007,100.0,29347.846004161343
PRI,Puerto Rico,2008,100.0,28976.13105201585
PRI,Puerto Rico,2009,100.0,28565.767919549
PRI,Puerto Rico,2010,100.0,28569.50770880013
PRI,Puerto Rico,2011,100.0,28706.02075148563
PRI,Puerto Rico,2012,100.0,28968.69421313524
PRI,Puerto Rico,2013,100.0,29115.354916199616
PRI,Puerto Rico,2014,100.0,29141.20386398165
PRI,Puerto Rico,2015,100.0,29242.04146508496
PRI,Puerto Rico,2016,100.0,29326.57487618734
PRI,Puerto Rico,2017,100.0,29061.556380271104
PRI,Puerto Rico,2018,100.0,28808.85186380254
PRI,Puerto Rico,2019,100.0,29185.096996470664
PRI,Puerto Rico,2020,100.0,28144.713741875992
PRI,Puerto Rico,2021,100.0,28416.448937034576
PRI,Puerto Rico,2022,100.0,29643.63962799941
PRI,Puerto Rico,2023,100.0,30012.90551094631
QAT,Qatar,2000,100.0,54948.22280553836
QAT,Qatar,2001,100.0,54316.54195119252
QAT,Qatar,2002,100.0,55493.60499977509
QAT,Qatar,2003,100.0,54970.41988868402
QAT,Qatar,2004,100.0,63107.00863464449
QAT,Qatar,2005,100.0,63555.62398204781
QAT,Qatar,2006,100.0,68036.62121647343
QAT,Qatar,2007,100.0,64614.04650719681
QAT,Qatar,2008,100.0,64393.59544798665
QAT,Qatar,2009,100.0,63939.80508314366
QAT,Qatar,2010,100.0,74271.90229590583
QAT,Qatar,2011,100.0,83533.49637910188
QAT,Qatar,2012,100.0,82441.74050830089
QAT,Qatar,2013,100.0,77379.67355995518
QAT,Qatar,2014,100.0,71756.06493383025
QAT,Qatar,2015,100.0,68985.29469615073
QAT,Qatar,2016,100.0,67294.45857713559
QAT,Qatar,2017,100.0,64497.69872253751
QAT,Qatar,2018,100.0,64410.81712809806
QAT,Qatar,2019,100.0,63430.46076095814
QAT,Qatar,2020,100.0,57769.60410435396
QAT,Qatar,2021,100.0,65488.511791112265
QAT,Qatar,2022,100.0,64315.62636436993
QAT,Qatar,2023,100.0,65111.03332148503
ROU,Romania,2000,94.4,4569.311243245236
ROU,Romania,2001,94.6,4875.303106006347
ROU,Romania,2002,94.9,5248.54994632668
ROU,Romania,2003,95.1,5410.308357962516
ROU,Romania,2004,95.3,6008.640484614847
ROU,Romania,2005,95.6,6328.090223241827
ROU,Romania,2006,95.9,6876.778414179657
ROU,Romania,2007,96.1,7483.973758206105
ROU,Romania,2008,96.5,8318.003427953878
ROU,Romania,2009,96.8,7924.870580702117
ROU,Romania,2010,97.1,7660.706676305172
ROU,Romania,2011,97.4,8044.571949208916
ROU,Romania,2012,97.8,8234.285534251936
ROU,Romania,2013,98.1,8287.95844089676
ROU,Romania,2014,98.4,8661.47397274241
ROU,Romania,2015,98.8,8977.017481581965
ROU,Romania,2016,99.1,9286.87678236598
ROU,Romania,2017,100.0,10106.226955725268
ROU,Romania,2018,99.8,10714.170115712675
ROU,Romania,2019,100.0,11197.3162915853
ROU,Romania,2020,100.0,10854.04943188705
ROU,Romania,2021,100.0,11546.322499807226
ROU,Romania,2022,100.0,12076.303381189637
ROU,Romania,2023,100.0,12340.817050996884
RUS,Russian Federation,2000,97.8,5323.66650390625
RUS,Russian Federation,2001,97.9,5618.95556640625
RUS,Russian Federation,2002,97.9,5910.171875
RUS,Russian Federation,2003,97.9,6370.45361328125
RUS,Russian Federation,2004,98.0,6856.67822265625
RUS,Russian Federation,2005,98.0,7323.38525390625
RUS,Russian Federation,2006,98.1,7949.89697265625
RUS,Russian Federation,2007,98.2,8640.40625
RUS,Russian Federation,2008,98.3,9093.7001953125
RUS,Russian Federation,2009,98.4,8381.8681640625
RUS,Russian Federation,2010,99.3,8755.1201171875
RUS,Russian Federation,2011,99.2,9120.8203125
RUS,Russian Federation,2012,100.0,9464.0107421875
RUS,Russian Federation,2013,100.0,9601.537109375
RUS,Russian Federation,2014,100.0,9493.8125
RUS,Russian Federation,2015,95.5,9277.7138671875
RUS,Russian Federation,2016,99.4,9269.3173828125
RUS,Russian Federation,2017,100.0,9418.99609375
RUS,Russian Federation,2018,100.0,9674.787109375
RUS,Russian Federation,2019,99.8,9882.0244140625
RUS,Russian Federation,2020,99.9,9632.3251953125
RUS,Russian Federation,2021,100.0,10231.318359375
RUS,Russian Federation,2022,100.0,10119.115234375
RUS,Russian Federation,2023,100.0,10560.4658203125
RWA,Rwanda,2000,6.2,331.0966595378355
RWA,Rwanda,2001,4.7,356.01764054509897
RWA,Rwanda,2002,6.0,397.5586493634581
RWA,Rwanda,2003,7.4,397.4803826026017
RWA,Rwanda,2004,8.7,415.9438190003957
RWA,Rwanda,2005,4.8,443.0080247473605
RWA,Rwanda,2006,11.4,471.1508506424423
RWA,Rwanda,2007,12.8,493.803359157317
RWA,Rwanda,2008,6.0,534.6782986221609
RWA,Rwanda,2009,15.6,553.6215185560474
RWA,Rwanda,2010,9.7,579.419162804581
RWA,Rwanda,2011,10.8,610.376236415572
RWA,Rwanda,2012,17.5,647.4366138454873
RWA,Rwanda,2013,15.2,661.8939694524936
RWA,Rwanda,2014,19.8,682.7094990667948
RWA,Rwanda,2015,22.8,725.6914186969522
RWA,Rwanda,2016,29.4,748.7981320681735
RWA,Rwanda,2017,34.1,765.845359390541
RWA,Rwanda,2018,38.0,808.7048127521272
RWA,Rwanda,2019,46.6,863.8720775831724
RWA,Rwanda,2020,45.2,821.2571332827578
RWA,Rwanda,2021,48.7,871.0418353041873
RWA,Rwanda,2022,50.6,935.8948325426396
RWA,Rwanda,2023,63.9,993.9110046435244
WSM,Samoa,2000,88.0,2945.3721792319843
WSM,Samoa,2001,88.7,3137.4640376581165
WSM,Samoa,2002,89.3,3291.342447726796
WSM,Samoa,2003,89.9,3444.998577432892
WSM,Samoa,2004,90.5,3535.738138249136
WSM,Samoa,2005,91.1,3755.782428224666
WSM,Samoa,2006,96.4,3820.9223945313865
WSM,Samoa,2007,92.5,3818.255038043316
WSM,Samoa,2008,98.1,3925.8743329936015
WSM,Samoa,2009,97.9,3875.942916861663
WSM,Samoa,2010,96.4,4081.155359780029
WSM,Samoa,2011,96.7,4201.45663738908
WSM,Samoa,2012,96.8,4007.910928468144
WSM,Samoa,2013,97.0,3976.392892681315
WSM,Samoa,2014,97.9,3967.2373047067945
WSM,Samoa,2015,98.2,4084.3608381993263
WSM,Samoa,2016,98.9,4373.237924403915
WSM,Samoa,2017,96.8,4393.373162559647
WSM,Samoa,2018,99.8,4321.005183449624
WSM,Samoa,2019,99.2,4466.080754820347
WSM,Samoa,2020,100.0,4283.0639249273445
WSM,Samoa,2021,98.3,4032.137310624102
WSM,Samoa,2022,98.3,4095.158755769777
WSM,Samoa,2023,100.0,4688.463053661133
SMR,San Marino,2000,100.0,55806.8967854415
SMR,San Marino,2001,100.0,58173.267348590736
SMR,San Marino,2002,100.0,57615.38406070291
SMR,San Marino,2003,100.0,59090.20643743854
SMR,San Marino,2004,100.0,58393.19731404687
SMR,San Marino,2005,100.0,59049.550798523735
SMR,San Marino,2006,100.0,60604.323539360375
SMR,San Marino,2007,100.0,62776.91782758214
SMR,San Marino,2008,100.0,61572.71578474813
SMR,San Marino,2009,100.0,52873.24432369487
SMR,San Marino,2010,100.0,49672.67535895941
SMR,San Marino,2011,100.0,46450.00420701988
SMR,San Marino,2012,100.0,42082.536454205576
SMR,San Marino,2013,100.0,42293.46798079172
SMR,San Marino,2014,100.0,42492.83173827495
SMR,San Marino,2015,100.0,43146.80353020054
SMR,San Marino,2016,100.0,43886.19650811143
SMR,San Marino,2017,100.0,43057.75824845708
SMR,San Marino,2018,100.0,42818.675595961424
SMR,San Marino,2019,100.0,43525.40397981762
SMR,San Marino,2020,100.0,40506.8341853183
SMR,San Marino,2021,100.0,46834.11723638728
SMR,San Marino,2022,100.0,51277.32424685828
SMR,San Marino,2023,100.0,51323.77410029275
SAU,Saudi Arabia,2000,100.0,22247.856698743897
SAU,Saudi Arabia,2001,100.0,21193.092289435102
SAU,Saudi Arabia,2002,100.0,20025.431999827462
SAU,Saudi Arabia,2003,100.0,20765.93876880819
SAU,Saudi Arabia,2004,100.0,21545.894988606
SAU,Saudi Arabia,2005,100.0,21838.19153493741
SAU,Saudi Arabia,2006,100.0,21616.33557725161
SAU,Saudi Arabia,2007,100.0,21196.792603663285
SAU,Saudi Arabia,2008,100.0,21629.84057345506
SAU,Saudi Arabia,2009,100.0,20577.545344533584
SAU,Saudi Arabia,2010,100.0,21830.142427281644
SAU,Saudi Arabia,2011,100.0,23314.557602316807
SAU,Saudi Arabia,2012,100.0,23643.035832464662
SAU,Saudi Arabia,2013,100.0,23057.349446853543
SAU,Saudi Arabia,2014,100.0,23404.730603982465
SAU,Saudi Arabia,2015,100.0,23256.154955353068
SAU,Saudi Arabia,2016,99.9,22783.032853868543
SAU,Saudi Arabia,2017,100.0,23035.1199977707
SAU,Saudi Arabia,2018,99.9,24393.5188306638
SAU,Saudi Arabia,2019,100.0,24905.669742855847
SAU,Saudi Arabia,2020,100.0,22827.671935547995
SAU,Saudi Arabia,2021,100.0,24922.671694894445
SAU,Saudi Arabia,2022,100.0,26706.91792606596
SAU,Saudi Arabia,2023,100.0,25634.82375478405
SEN,Senegal,2000,37.7,1048.374740523634
SEN,Senegal,2001,38.9,1067.3688655059489
SEN,Senegal,2002,36.8,1042.255099442892
SEN,Senegal,2003,41.9,1074.3857846768558
SEN,Senegal,2004,36.8,1098.2006454602745
SEN,Senegal,2005,47.1,1119.0505307548044
SEN,Senegal,2006,49.9,1118.7830430050956
SEN,Senegal,2007,48.1,1123.9986215328463
SEN,Senegal,2008,49.7,1138.6688393021395
SEN,Senegal,2009,53.5,1142.653172339639
SEN,Senegal,2010,56.5,1153.5343112158323
SEN,Senegal,2011,56.5,1139.7444789263886
SEN,Senegal,2012,56.5,1154.0567799236724
SEN,Senegal,2013,57.0,1147.3859217191025
SEN,Senegal,2014,61.0,1180.798710850501
SEN,Senegal,2015,60.5,1218.0061355543774
SEN,Senegal,2016,64.5,1257.409069162384
SEN,Senegal,2017,61.7,1312.1093277587802
SEN,Senegal,2018,66.0,1355.0961086353266
SEN,Senegal,2019,70.4,1379.6087524984289
SEN,Senegal,2020,64.3,1361.7914374887998
SEN,Senegal,2021,68.0,1414.5395109349877
SEN,Senegal,2022,67.9,1433.1991875228784
SEN,Senegal,2023,74.2,1458.9664233274968
SRB,Serbia,2000,99.9,3542.35365914848
SRB,Serbia,2001,99.8,3788.982339473992
SRB,Serbia,2002,100.0,4038.652511974423
SRB,Serbia,2003,99.7,4233.776449060889
SRB,Serbia,2004,99.6,4527.43498659451
SRB,Serbia,2005,99.7,4809.138407648802
SRB,Serbia,2006,99.6,5016.412893222508
SRB,Serbia,2007,99.6,5431.278874266242
SRB,Serbia,2008,99.6,5735.947726957495
SRB,Serbia,2009,99.6,5578.011974193096
SRB,Serbia,2010,99.7,5690.703271826823
SRB,Serbia,2011,99.7,5737.001201758109
SRB,Serbia,2012,99.8,5739.307502353201
SRB,Serbia,2013,99.9,5793.336145255651
SRB,Serbia,2014,99.7,5716.540471535061
SRB,Serbia,2015,99.9,5820.321557688796
SRB,Serbia,2016,99.9,6024.957546537837
SRB,Serbia,2017,100.0,6200.261185921522
SRB,Serbia,2018,100.0,6524.080297551915
SRB,Serbia,2019,99.8,6870.7581089629575
SRB,Serbia,2020,100.0,6850.967421688337
SRB,Serbia,2021,100.0,7465.676010771475
SRB,Serbia,2022,100.0,7862.953873648459
SRB,Serbia,2023,100.0,8208.478689150696
SYC,Seychelles,2000,94.1,11703.753524611737
SYC,Seychelles,2001,94.4,11427.941308301515
SYC,Seychelles,2002,96.1,11218.2606464315
SYC,Seychelles,2003,94.9,10677.96920812724
SYC,Seychelles,2004,95.2,10412.086893602744
SYC,Seychelles,2005,95.5,11297.311819049311
SYC,Seychelles,2006,99.0,12105.44752655577
SYC,Seychelles,2007,96.1,13112.821009881634
SYC,Seychelles,2008,96.5,12473.292176912148
SYC,Seychelles,2009,96.8,12116.37836879766
SYC,Seychelles,2010,97.0,12313.556691924936
SYC,Seychelles,2011,98.1,13843.711608187765
SYC,Seychelles,2012,98.3,14135.001057065338
SYC,Seychelles,2013,98.0,14050.313558131418
SYC,Seychelles,2014,100.0,14395.615811877102
SYC,Seychelles,2015,100.0,15333.105172710511
SYC,Seychelles,2016,100.0,16962.675397273124
SYC,Seychelles,2017,100.0,17921.57319769184
SYC,Seychelles,2018,100.0,18628.1862276696
SYC,Seychelles,2019,100.0,19481.64610537415
SYC,Seychelles,2020,100.0,17048.36172978795
SYC,Seychelles,2021,100.0,17005.04220636792
SYC,Seychelles,2022,100.0,15471.210957541763
SYC,Seychelles,2023,100.0,16286.855786767292
SLE,Sierra Leone,2000,7.7,727.2409146325964
SLE,Sierra Leone,2001,8.5,642.0366458443037
SLE,Sierra Leone,2002,9.2,766.7886937429009
SLE,Sierra Leone,2003,9.9,806.0664890121444
SLE,Sierra Leone,2004,16.8,829.7597689283039
SLE,Sierra Leone,2005,11.3,842.9060309049024
SLE,Sierra Leone,2006,12.2,859.8242607149655
SLE,Sierra Leone,2007,13.0,872.6883623461399
SLE,Sierra Leone,2008,12.1,882.5414781786799
SLE,Sierra Leone,2009,14.6,872.2395935248096
SLE,Sierra Leone,2010,11.5,902.7698914113942
SLE,Sierra Leone,2011,14.2,950.7607630545934
SLE,Sierra Leone,2012,17.2,1025.043660045016
SLE,Sierra Leone,2013,13.5,1146.8197345647543
SLE,Sierra Leone,2014,18.8,1032.237893559046
SLE,Sierra Leone,2015,19.7,964.5759808889884
SLE,Sierra Leone,2016,20.3,1002.7786228201276
SLE,Sierra Leone,2017,23.4,1010.5469407120733
SLE,Sierra Leone,2018,26.1,1015.6678297204992
SLE,Sierra Leone,2019,22.7,1046.9677807859402
SLE,Sierra Leone,2020,26.3,1010.252946147572
SLE,Sierra Leone,2021,27.5,1045.766161575796
SLE,Sierra Leone,2022,29.4,1077.088845385072
SLE,Sierra Leone,2023,35.5,1113.868375006968
SGP,Singapore,2000,100.0,34890.081136516805
SGP,Singapore,2001,100.0,33597.869080822624
SGP,Singapore,2002,100.0,34598.82674837807
SGP,Singapore,2003,100.0,36709.79650382547
SGP,Singapore,2004,100.0,39856.6356222613
SGP,Singapore,2005,100.0,41798.48808346707
SGP,Singapore,2006,100.0,44159.41018205518
SGP,Singapore,2007,100.0,46178.81394701991
SGP,Singapore,2008,100.0,44601.57993026987
SGP,Singapore,2009,100.0,43331.87466389616
SGP,Singapore,2010,100.0,48752.05154418587
SGP,Singapore,2011,100.0,50713.53263935941
SGP,Singapore,2012,100.0,51679.35271733304
SGP,Singapore,2013,100.0,53298.97285582862
SGP,Singapore,2014,100.0,54681.93364582533
SGP,Singapore,2015,100.0,55645.60686146057
SGP,Singapore,2016,100.0,57076.52419367868
SGP,Singapore,2017,100.0,59493.37585957025
SGP,Singapore,2018,100.0,61101.52525789016
SGP,Singapore,2019,100.0,61106.31197753514
SGP,Singapore,2020,100.0,59083.85748415722
SGP,Singapore,2021,100.0,67846.8565377728
SGP,Singapore,2022,100.0,68271.08975253018
SGP,Singapore,2023,100.0,65976.70680369032
SXM,Sint Maarten (Dutch part),2009,99.7,37548.94746274406
SXM,Sint Maarten (Dutch part),2010,100.0,38403.07052016641
SXM,Sint Maarten (Dutch part),2011,100.0,39615.13713673382
SXM,Sint Maarten (Dutch part),2012,100.0,39298.98735678268
SXM,Sint Maarten (Dutch part),2013,100.0,38889.77150880349
SXM,Sint Maarten (Dutch part),2014,100.0,38623.19994058192
SXM,Sint Maarten (Dutch part),2015,100.0,37839.62838151634
SXM,Sint Maarten (Dutch part),2016,100.0,37428.70275570685
SXM,Sint Maarten (Dutch part),2017,100.0,33945.4185182499
SXM,Sint Maarten (Dutch part),2018,100.0,31047.72410506261
SXM,Sint Maarten (Dutch part),2019,100.0,33877.97664546701
SXM,Sint Maarten (Dutch part),2020,100.0,28920.377300715933
SXM,Sint Maarten (Dutch part),2021,100.0,29834.635006838253
SXM,Sint Maarten (Dutch part),2022,100.0,33523.604204273695
SXM,Sint Maarten (Dutch part),2023,100.0,34300.96304143483
SVK,Slovak Republic,2000,100.0,8997.211995943191
SVK,Slovak Republic,2001,100.0,9277.358088510018
SVK,Slovak Republic,2002,100.0,9690.684682628887
SVK,Slovak Republic,2003,100.0,10168.02256532998
SVK,Slovak Republic,2004,100.0,10718.210185884102
SVK,Slovak Republic,2005,99.9,11412.159363000765
SVK,Slovak Republic,2006,99.9,12430.201548855654
SVK,Slovak Republic,2007,100.0,13770.960269152749
SVK,Slovak Republic,2008,100.0,14497.111440717164
SVK,Slovak Republic,2009,100.0,13680.75371065965
SVK,Slovak Republic,2010,100.0,14596.147777688731
SVK,Slovak Republic,2011,100.0,14950.873517859864
SVK,Slovak Republic,2012,100.0,15159.657042000448
SVK,Slovak Republic,2013,100.0,15249.882451378477
SVK,Slovak Republic,2014,100.0,15647.649176351691
SVK,Slovak Republic,2015,100.0,16442.07608600175
SVK,Slovak Republic,2016,100.0,16740.741399642804
SVK,Slovak Republic,2017,100.0,17195.28887219626
SVK,Slovak Republic,2018,100.0,17869.0149173679
SVK,Slovak Republic,2019,100.0,18250.980247563653
SVK,Slovak Republic,2020,100.0,17763.856384735176
SVK,Slovak Republic,2021,100.0,18808.454049659547
SVK,Slovak Republic,2022,100.0,18964.82984006236
SVK,Slovak Republic,2023,100.0,19383.373200940143
SVN,Slovenia,2000,100.0,16146.121684839436
SVN,Slovenia,2001,100.0,16576.715884040594
SVN,Slovenia,2002,100.0,17099.658209132027
SVN,Slovenia,2003,100.0,17635.360858183074
SVN,Slovenia,2004,100.0,18425.260121358104
SVN,Slovenia,2005,100.0,19102.27766039053
SVN,Slovenia,2006,100.0,20166.53234312138
SVN,Slovenia,2007,100.0,21485.78099238105
SVN,Slovenia,2008,100.0,22175.236955732107
SVN,Slovenia,2009,100.0,20307.618832227254
SVN,Slovenia,2010,100.0,20444.1201295876
SVN,Slovenia,2011,100.0,20535.41557541077
SVN,Slovenia,2012,100.0,19894.869796454772
SVN,Slovenia,2013,100.0,19704.21860051275
SVN,Slovenia,2014,100.0,20228.70819863908
SVN,Slovenia,2015,100.0,20697.27485306189
SVN,Slovenia,2016,100.0,21309.712213894927
SVN,Slovenia,2017,100.0,22397.76349883375
SVN,Slovenia,2018,100.0,23293.96666532304
SVN,Slovenia,2019,100.0,23943.180094988893
SVN,Slovenia,2020,100.0,22811.80505407781
SVN,Slovenia,2021,100.0,24665.44104640256
SVN,Slovenia,2022,100.0,25275.71596775705
SVN,Slovenia,2023,100.0,25773.90158350689
SLB,Solomon Islands,2000,4.7,1747.7179560715283
SLB,Solomon Islands,2001,7.6,1577.655199662575
SLB,Solomon Islands,2002,10.5,1504.8467189517078
SLB,Solomon Islands,2003,13.4,1573.843484357673
SLB,Solomon Islands,2004,16.3,1664.5731597907177
SLB,Solomon Islands,2005,19.2,1755.7408244627334
SLB,Solomon Islands,2006,14.4,1796.7143981067368
SLB,Solomon Islands,2007,12.9,1830.2332140580736
SLB,Solomon Islands,2008,28.1,1911.1896901552768
SLB,Solomon Islands,2009,21.2,1930.462876149224
SLB,Solomon Islands,2010,35.4,2058.9569164888267
SLB,Solomon Islands,2011,39.1,2132.028441993916
SLB,Solomon Islands,2012,42.9,2105.9142375837905
SLB,Solomon Islands,2013,44.7,2136.721161770341
SLB,Solomon Islands,2014,50.5,2085.1606727308595
SLB,Solomon Islands,2015,55.1,2045.477215266493
SLB,Solomon Islands,2016,58.2,2084.2484574522523
SLB,Solomon Islands,2017,62.9,2075.3670530230474
SLB,Solomon Islands,2018,65.8,2061.8996970668986
SLB,Solomon Islands,2019,69.4,2043.0913977830728
SLB,Solomon Islands,2020,72.9,1930.6551030719904
SLB,Solomon Islands,2021,76.3,1880.551982718301
SLB,Solomon Islands,2022,76.0,1788.6172792205748
SLB,Solomon Islands,2023,81.3,1795.8879869714162
SOM,"Somalia, Federal Republic of",2000,2.1,233.0323930863032
SOM,"Somalia, Federal Republic of",2001,4.7,239.83907408808852
SOM,"Somalia, Federal Republic of",2002,7.4,248.6364540009244
SOM,"Somalia, Federal Republic of",2003,9.8,257.91033723595285
SOM,"Somalia, Federal Republic of",2004,12.4,266.2572718565514
SOM,"Somalia, Federal Republic of",2005,15.0,275.45704079798327
SOM,"Somalia, Federal Republic of",2006,15.2,284.4707898653203
SOM,"Somalia, Federal Republic of",2007,20.2,294.2104044666009
SOM,"Somalia, Federal Republic of",2008,22.9,304.7414488112372
SOM,"Somalia, Federal Republic of",2009,25.5,317.0381848146622
SOM,"Somalia, Federal Republic of",2010,52.3,329.9705049368715
SOM,"Somalia, Federal Republic of",2011,52.0,349.5774490777106
SOM,"Somalia, Federal Republic of",2012,51.8,369.6172047534886
SOM,"Somalia, Federal Republic of",2013,51.5,397.1087963448139
SOM,"Somalia, Federal Republic of",2014,51.4,417.5167969064023
SOM,"Somalia, Federal Republic of",2015,51.2,445.583080073396
SOM,"Somalia, Federal Republic of",2016,51.1,458.9214768246104
SOM,"Somalia, Federal Republic of",2017,52.1,506.501098879426
SOM,"Somalia, Federal Republic of",2018,50.7,498.981065013918
SOM,"Somalia, Federal Republic of",2019,49.2,494.4440397123845
SOM,"Somalia, Federal Republic of",2020,49.9,462.8670537372783
SOM,"Somalia, Federal Republic of",2021,49.3,461.6278307260207
SOM,"Somalia, Federal Republic of",2022,48.9,460.0462266852384
SOM,"Somalia, Federal Republic of",2023,50.3,464.7210695256096
ZAF,South Africa,2000,72.4,4700.875555007041
ZAF,South Africa,2001,70.2,4786.482450462999
ZAF,South Africa,2002,76.7,4916.814980686249
ZAF,South Africa,2003,78.8,5011.622231501694
ZAF,South Africa,2004,80.6,5187.356834240336
ZAF,South Africa,2005,80.8,5406.075813776378
ZAF,South Africa,2006,80.7,5650.988317654902
ZAF,South Africa,2007,82.0,5891.420694216981
ZAF,South Africa,2008,81.9,6009.719631386346
ZAF,South Africa,2009,82.6,5847.058110845047
ZAF,South Africa,2010,82.8,5953.945065128211
ZAF,South Africa,2011,83.6,6067.12482726885
ZAF,South Africa,2012,85.2,6121.557838607126
ZAF,South Africa,2013,85.2,6170.876708633726
ZAF,South Africa,2014,85.9,6155.005894625161
ZAF,South Africa,2015,85.3,6112.273824859742
ZAF,South Africa,2016,83.9,6095.295060428005
ZAF,South Africa,2017,84.4,6125.692050749703
ZAF,South Africa,2018,84.7,6117.270140604696
ZAF,South Africa,2019,85.0,6032.829725986681
ZAF,South Africa,2020,90.0,5569.584833192716
ZAF,South Africa,2021,89.3,5750.909374795845
ZAF,South Africa,2022,86.5,5786.865053447359
ZAF,South Africa,2023,87.7,5756.550494531214
SSD,South Sudan,2008,1.3,2289.1841537556347
SSD,South Sudan,2009,3.0,2293.801668885432
SSD,South Sudan,2010,1.5,2295.0702609600567
SSD,South Sudan,2011,2.8,2073.239818191447
SSD,South Sudan,2012,3.3,1069.1961908093842
SSD,South Sudan,2013,3.8,1165.1620270749504
SSD,South Sudan,2014,4.3,1197.0949196947931
SSD,South Sudan,2015,4.8,1080.1471862476544
ESP,Spain,2000,100.0,24106.881852937368
ESP,Spain,2001,100.0,24878.378454399062
ESP,Spain,2002,100.0,25205.31547690448
ESP,Spain,2003,100.0,25481.16536901118
ESP,Spain,2004,100.0,25825.31064633146
ESP,Spain,2005,100.0,26294.447384390965
ESP,Spain,2006,100.0,26899.092149711265
ESP,Spain,2007,100.0,27338.795417739955
ESP,Spain,2008,100.0,27112.52629388895
ESP,Spain,2009,100.0,25860.81425926523
ESP,Spain,2010,100.0,25766.251582574285
ESP,Spain,2011,100.0,25510.557967882934
ESP,Spain,2012,100.0,24763.568274483976
ESP,Spain,2013,100.0,24498.55595079448
ESP,Spain,2014,100.0,24947.85125059132
ESP,Spain,2015,100.0,25982.44161977755
ESP,Spain,2016,100.0,26719.24422686151
ESP,Spain,2017,100.0,27426.281015093024
ESP,Spain,2018,100.0,27956.722546648427
ESP,Spain,2019,100.0,28301.43939495632
ESP,Spain,2020,100.0,25077.01988292799
ESP,Spain,2021,100.0,26705.362913895937
ESP,Spain,2022,100.0,28203.10934194735
ESP,Spain,2023,100.0,28558.63198175008
LKA,Sri Lanka,2000,70.3,1956.9331002117676
LKA,Sri Lanka,2001,63.6,1896.4825138529072
LKA,Sri Lanka,2002,80.7,1951.2252241819929
LKA,Sri Lanka,2003,75.0,2052.0304470140304
LKA,Sri Lanka,2004,76.5,2149.106281927649
LKA,Sri Lanka,2005,78.1,2268.688008528204
LKA,Sri Lanka,2006,82.1,2426.348728268223
LKA,Sri Lanka,2007,80.0,2573.54361719411
LKA,Sri Lanka,2008,82.9,2708.585937243766
LKA,Sri Lanka,2009,87.1,2787.273504637366
LKA,Sri Lanka,2010,85.3,2993.014109603022
LKA,Sri Lanka,2011,87.8,3232.373497864348
LKA,Sri Lanka,2012,87.0,3484.7904839265348
LKA,Sri Lanka,2013,90.2,3728.935859620828
LKA,Sri Lanka,2014,92.7,3929.9206130790935
LKA,Sri Lanka,2015,94.3,4057.715827165215
LKA,Sri Lanka,2016,97.5,4214.741172173815
LKA,Sri Lanka,2017,97.5,4436.007891310289
LKA,Sri Lanka,2018,99.6,4493.035746175341
LKA,Sri Lanka,2019,99.8,4455.781887881433
LKA,Sri Lanka,2020,100.0,4227.233145301671
LKA,Sri Lanka,2021,100.0,4357.97224978578
LKA,Sri Lanka,2022,100.0,4033.1456030674426
LKA,Sri Lanka,2023,100.0,3977.135649950852
KNA,St. Kitts and Nevis,2000,95.4,14039.02811253329
KNA,St. Kitts and Nevis,2001,93.5,14610.909961050844
KNA,St. Kitts and Nevis,2002,95.8,14727.3908829316
KNA,St. Kitts and Nevis,2003,96.0,14100.306796723366
KNA,St. Kitts and Nevis,2004,96.3,14619.795111246976
KNA,St. Kitts and Nevis,2005,96.5,16000.565892982604
KNA,St. Kitts and Nevis,2006,96.7,16457.862237206744
KNA,St. Kitts and Nevis,2007,97.0,16508.14370813145
KNA,St. Kitts and Nevis,2008,97.3,18325.76126702824
KNA,St. Kitts and Nevis,2009,97.6,17671.254706973516
KNA,St. Kitts and Nevis,2010,99.8,17688.06901034093
KNA,St. Kitts and Nevis,2011,100.0,17958.681397705317
KNA,St. Kitts and Nevis,2012,100.0,17770.496364057602
KNA,St. Kitts and Nevis,2013,100.0,18773.892689839697
KNA,St. Kitts and Nevis,2014,100.0,20187.80619754809
KNA,St. Kitts and Nevis,2015,100.0,20328.800353010854
KNA,St. Kitts and Nevis,2016,100.0,21133.65759144139
KNA,St. Kitts and Nevis,2017,100.0,21191.604708370287
KNA,St. Kitts and Nevis,2018,100.0,21635.49721464821
KNA,St. Kitts and Nevis,2019,100.0,22297.76449957008
KNA,St. Kitts and Nevis,2020,100.0,18918.826345661106
KNA,St. Kitts and Nevis,2021,100.0,19031.821191060284
KNA,St. Kitts and Nevis,2022,100.0,21050.758653728983
KNA,St. Kitts and Nevis,2023,100.0,21664.03339847006
LCA,St. Lucia,2000,86.0,9198.938943522027
LCA,St. Lucia,2001,89.9,8795.545820906578
LCA,St. Lucia,2002,87.7,8755.459393531291
LCA,St. Lucia,2003,88.5,9054.067783745166
LCA,St. Lucia,2004,89.3,9637.37801390276
LCA,St. Lucia,2005,90.1,9527.584694305417
LCA,St. Lucia,2006,90.9,10045.650403259267
LCA,St. Lucia,2007,91.8,10147.443245993638
LCA,St. Lucia,2008,92.7,10583.431017259794
LCA,St. Lucia,2009,93.5,10219.802401156112
LCA,St. Lucia,2010,94.2,10191.314682769362
LCA,St. Lucia,2011,95.4,10576.8979743596
LCA,St. Lucia,2012,95.3,10517.277763553318
LCA,St. Lucia,2013,97.2,10279.415509600112
LCA,St. Lucia,2014,98.1,10369.938256651329
LCA,St. Lucia,2015,99.0,10334.986082391815
LCA,St. Lucia,2016,99.8,10644.16129134066
LCA,St. Lucia,2017,99.9,10960.484351247664
LCA,St. Lucia,2018,100.0,11233.888357845675
LCA,St. Lucia,2019,100.0,11077.94798238066
LCA,St. Lucia,2020,100.0,8512.818398735299
LCA,St. Lucia,2021,100.0,9447.300592446389
LCA,St. Lucia,2022,100.0,11258.611079056443
LCA,St. Lucia,2023,100.0,11665.68260478176
VCT,St. Vincent and the Grenadines,2000,80.0,5067.967394673761
VCT,St. Vincent and the Grenadines,2001,82.4,5158.566176788466
VCT,St. Vincent and the Grenadines,2002,82.4,5441.526488675358
VCT,St. Vincent and the Grenadines,2003,83.7,5816.2078835940665
VCT,St. Vincent and the Grenadines,2004,84.9,6071.949452692205
VCT,St. Vincent and the Grenadines,2005,86.2,6244.3595374600845
VCT,St. Vincent and the Grenadines,2006,87.5,6707.278759857341
VCT,St. Vincent and the Grenadines,2007,88.8,6960.17151500732
VCT,St. Vincent and the Grenadines,2008,90.1,7019.995084387397
VCT,St. Vincent and the Grenadines,2009,91.4,6955.82358345268
VCT,St. Vincent and the Grenadines,2010,92.7,6678.042006973079
VCT,St. Vincent and the Grenadines,2011,94.1,6674.581989661024
VCT,St. Vincent and the Grenadines,2012,95.4,6790.683259582751
VCT,St. Vincent and the Grenadines,2013,96.8,6996.573861513324
VCT,St. Vincent and the Grenadines,2014,98.1,7116.220713472066
VCT,St. Vincent and the Grenadines,2015,99.4,7353.735560541842
VCT,St. Vincent and the Grenadines,2016,99.7,7702.894263564697
VCT,St. Vincent and the Grenadines,2017,100.0,7872.926905370766
VCT,St. Vincent and the Grenadines,2018,100.0,8179.995989570836
VCT,St. Vincent and the Grenadines,2019,100.0,8294.674344866655
VCT,St. Vincent and the Grenadines,2020,100.0,7989.746519335968
VCT,St. Vincent and the Grenadines,2021,100.0,8211.335880129422
VCT,St. Vincent and the Grenadines,2022,100.0,8532.738134133895
VCT,St. Vincent and the Grenadines,2023,100.0,9051.352080110068
SDN,Sudan,2000,23.0,1111.11865234375
SDN,Sudan,2001,29.4,1150.17626953125
SDN,Sudan,2002,29.7,1185.21533203125
SDN,Sudan,2003,29.9,1226.42077636719
SDN,Sudan,2004,30.2,1255.67114257813
SDN,Sudan,2005,30.5,1290.24438476563
SDN,Sudan,2006,30.8,1336.1240234375
SDN,Sudan,2007,31.1,1372.10961914063
SDN,Sudan,2008,20.0,1381.62561035156
SDN,Sudan,2009,29.0,1301.34729003906
SDN,Sudan,2010,36.0,1311.22314453125
SDN,Sudan,2011,38.3,1388.21813964844
SDN,Sudan,2012,40.7,1288.25854492188
SDN,Sudan,2013,43.1,1283.45922851563
SDN,Sudan,2014,44.9,1307.3896484375
SDN,Sudan,2015,48.0,1292.37963867188
SDN,Sudan,2016,50.5,1297.15454101563
SDN,Sudan,2017,53.0,1261.87353515625
SDN,Sudan,2018,55.3,1185.94445800781
SDN,Sudan,2019,57.6,1126.55297851563
SDN,Sudan,2020,59.7,1056.86474609375
SDN,Sudan,2021,61.8,1009.54888916016
SDN,Sudan,2022,63.2,973.225280761719
SDN,Sudan,2023,66.0,677.723205566406
SUR,Suriname,2000,95.4,6128.31602380553
SUR,Suriname,2001,95.3,6255.552741856872
SUR,Suriname,2002,95.2,6301.317310431669
SUR,Suriname,2003,95.1,6567.843098768473
SUR,Suriname,2004,95.0,7021.989199243381
SUR,Suriname,2005,94.9,7261.817135019604
SUR,Suriname,2006,91.0,7599.35696921481
SUR,Suriname,2007,94.7,7897.256489158281
SUR,Suriname,2008,94.7,8129.114646594458
SUR,Suriname,2009,94.6,8276.690797687932
SUR,Suriname,2010,91.2,8603.907867458549
SUR,Suriname,2011,94.6,9003.285976748855
SUR,Suriname,2012,94.6,9140.92898611536
SUR,Suriname,2013,94.6,9303.460087758094
SUR,Suriname,2014,94.6,9224.243784105469
SUR,Suriname,2015,95.0,8813.61705392067
SUR,Suriname,2016,95.8,8293.315530314065
SUR,Suriname,2017,96.6,8338.692354018622
SUR,Suriname,2018,97.4,8666.648706977967
SUR,Suriname,2019,97.9,8677.305220217315
SUR,Suriname,2020,98.4,7213.10766669943
SUR,Suriname,2021,98.8,6973.899418681152
SUR,Suriname,2022,99.0,7081.333573257831
SUR,Suriname,2023,99.6,7186.473081441445
SWE,Sweden,2000,100.0,41561.77476358573
SWE,Sweden,2001,100.0,42014.40223025058
SWE,Sweden,2002,100.0,42831.75841037742
SWE,Sweden,2003,100.0,43475.36554332211
SWE,Sweden,2004,100.0,45114.6701230708
SWE,Sweden,2005,100.0,46189.68284205555
SWE,Sweden,2006,100.0,48078.35201100842
SWE,Sweden,2007,100.0,49262.15291654505
SWE,Sweden,2008,100.0,48428.65870817509
SWE,Sweden,2009,100.0,45974.39111512541
SWE,Sweden,2010,100.0,48205.54925127422
SWE,Sweden,2011,100.0,49356.590525704654
SWE,Sweden,2012,100.0,48789.7906883637
SWE,Sweden,2013,100.0,48928.49941412906
SWE,Sweden,2014,100.0,49557.61836479587
SWE,Sweden,2015,100.0,51188.16521204927
SWE,Sweden,2016,100.0,51626.323531236936
SWE,Sweden,2017,100.0,51894.37481778076
SWE,Sweden,2018,100.0,52203.08725897606
SWE,Sweden,2019,100.0,53024.40994943172
SWE,Sweden,2020,100.0,51624.58117895726
SWE,Sweden,2021,100.0,53997.133706879926
SWE,Sweden,2022,100.0,54304.18775010333
SWE,Sweden,2023,100.0,53937.79671224295
CHE,Switzerland,2000,100.0,74933.27700775524
CHE,Switzerland,2001,100.0,75646.17811441314
CHE,Switzerland,2002,100.0,75361.69416073854
CHE,Switzerland,2003,100.0,74592.02846909546
CHE,Switzerland,2004,100.0,75997.44531547613
CHE,Switzerland,2005,100.0,77741.34361047045
CHE,Switzerland,2006,100.0,80448.96967816124
CHE,Switzerland,2007,100.0,82909.13582914593
CHE,Switzerland,2008,100.0,83934.76572212465
CHE,Switzerland,2009,100.0,81288.642957612
CHE,Switzerland,2010,100.0,83069.42763734554
CHE,Switzerland,2011,100.0,83307.31809984651
CHE,Switzerland,2012,100.0,83354.02074851879
CHE,Switzerland,2013,100.0,83914.02450808117
CHE,Switzerland,2014,100.0,85004.81345339998
CHE,Switzerland,2015,100.0,85265.06205192996
CHE,Switzerland,2016,100.0,85951.22341483452
CHE,Switzerland,2017,100.0,86362.36097286202
CHE,Switzerland,2018,100.0,88581.08269355842
CHE,Switzerland,2019,100.0,88932.4119306425
CHE,Switzerland,2020,100.0,86293.91834411552
CHE,Switzerland,2021,100.0,90924.9256769825
CHE,Switzerland,2022,100.0,93360.44011246398
CHE,Switzerland,2023,100.0,92947.94244415684
SYR,Syrian Arab Republic,2000,93.4,1248.3834585756435
SYR,Syrian Arab Republic,2001,93.1,1264.3214079119955
SYR,Syrian Arab Republic,2002,86.6,1331.1257935312326
SYR,Syrian Arab Republic,2003,92.6,1307.4812498013143
SYR,Syrian Arab Republic,2004,92.3,1363.6138135408976
SYR,Syrian Arab Republic,2005,92.0,1411.631666859197
SYR,Syrian Arab Republic,2006,99.5,1420.7201405210703
SYR,Syrian Arab Republic,2007,91.5,1411.6890969872934
SYR,Syrian Arab Republic,2008,91.3,1423.594073048332
SYR,Syrian Arab Republic,2009,91.1,1484.4071804915477
SYR,Syrian Arab Republic,2010,92.7,1526.3651859026063
SYR,Syrian Arab Republic,2011,91.5,1542.7190396110634
SYR,Syrian Arab Republic,2012,90.7,1142.292150649943
SYR,Syrian Arab Republic,2013,90.4,884.3288169052619
SYR,Syrian Arab Republic,2014,90.2,847.6589098138555
SYR,Syrian Arab Republic,2015,90.0,847.7315453525824
SYR,Syrian Arab Republic,2016,89.8,802.9686079012629
SYR,Syrian Arab Republic,2017,89.6,795.8818171532163
SYR,Syrian Arab Republic,2018,86.0,792.4128647204415
SYR,Syrian Arab Republic,2019,89.2,771.5179482891918
SYR,Syrian Arab Republic,2020,89.0,753.1353057094769
SYR,Syrian Arab Republic,2021,88.8,746.0774587683892
SYR,Syrian Arab Republic,2022,89.0,716.9438439338559
STP,São Tomé and Príncipe,2000,52.9,959.938180991352
STP,São Tomé and Príncipe,2001,51.5,973.424252100436
STP,São Tomé and Príncipe,2002,52.5,982.32906557627
STP,São Tomé and Príncipe,2003,53.6,1036.8619626020688
STP,São Tomé and Príncipe,2004,54.7,1047.057961348842
STP,São Tomé and Príncipe,2005,55.8,1089.1477879876234
STP,São Tomé and Príncipe,2006,56.9,1157.0861446541956
STP,São Tomé and Príncipe,2007,58.0,1170.5161247443473
STP,São Tomé and Príncipe,2008,59.1,1214.141147247925
STP,São Tomé and Príncipe,2009,56.9,1225.6054190299687
STP,São Tomé and Príncipe,2010,61.4,1216.3502521663029
STP,São Tomé and Príncipe,2011,62.6,1214.9613027673126
STP,São Tomé and Príncipe,2012,57.9,1225.694525561499
STP,São Tomé and Príncipe,2013,65.0,1263.7042399528104
STP,São Tomé and Príncipe,2014,68.6,1301.3214644502832
STP,São Tomé and Príncipe,2015,67.3,1298.1094659639627
STP,São Tomé and Príncipe,2016,69.4,1342.5338076889968
STP,São Tomé and Príncipe,2017,74.3,1375.5940328419854
STP,São Tomé and Príncipe,2018,71.0,1413.843486185414
STP,São Tomé and Príncipe,2019,75.1,1420.660083160912
STP,São Tomé and Príncipe,2020,76.8,1430.8411929909644
STP,São Tomé and Príncipe,2021,78.5,1428.2867609797488
STP,São Tomé and Príncipe,2022,78.0,1403.233567046782
STP,São Tomé and Príncipe,2023,81.3,1380.6016941625685
TJK,Tajikistan,2000,98.5,429.53730098464297
TJK,Tajikistan,2001,98.6,461.68119576025646
TJK,Tajikistan,2002,99.0,501.8085664711703
TJK,Tajikistan,2003,100.0,546.391479808684
TJK,Tajikistan,2004,98.5,590.9571113856994
TJK,Tajikistan,2005,99.3,618.3337025885769
TJK,Tajikistan,2006,98.6,649.1633287553342
TJK,Tajikistan,2007,98.6,686.4809019241304
TJK,Tajikistan,2008,98.6,726.1854913382687
TJK,Tajikistan,2009,99.0,739.2128785263311
TJK,Tajikistan,2010,98.8,770.6041053937912
TJK,Tajikistan,2011,98.9,809.3682291540932
TJK,Tajikistan,2012,99.1,849.5190808317377
TJK,Tajikistan,2013,99.0,889.8823830999792
TJK,Tajikistan,2014,99.1,925.970961482804
TJK,Tajikistan,2015,98.0,956.916310930656
TJK,Tajikistan,2016,99.3,997.3526145567084
TJK,Tajikistan,2017,99.3,1042.2639175764189
TJK,Tajikistan,2018,99.3,1094.8002018220973
TJK,Tajikistan,2019,99.4,1148.3467671249266
TJK,Tajikistan,2020,99.5,1171.90127480359
TJK,Tajikistan,2021,99.6,1254.0699959230624
TJK,Tajikistan,2022,100.0,1325.7554529084937
TJK,Tajikistan,2023,100.0,1407.107543622102
TZA,Tanzania,2000,8.7,555.348083496094
TZA,Tanzania,2001,9.7,573.400146484375
TZA,Tanzania,2002,10.7,598.421569824219
TZA,Tanzania,2003,11.1,621.720703125
TZA,Tanzania,2004,11.4,650.516540527344
TZA,Tanzania,2005,13.8,680.051208496094
TZA,Tanzania,2006,14.9,704.502746582031
TZA,Tanzania,2007,15.9,731.52001953125
TZA,Tanzania,2008,11.5,752.540466308594
TZA,Tanzania,2009,11.2,772.929565429688
TZA,Tanzania,2010,14.8,801.29931640625
TZA,Tanzania,2011,14.2,838.999267578125
TZA,Tanzania,2012,15.3,851.910705566406
TZA,Tanzania,2013,16.4,882.8115234375
TZA,Tanzania,2014,23.5,913.811218261719
TZA,Tanzania,2015,26.2,939.127319335938
TZA,Tanzania,2016,32.8,970.156127929688
TZA,Tanzania,2017,32.1,1001.55895996094
TZA,Tanzania,2018,34.9,1024.01525878906
TZA,Tanzania,2019,37.7,1051.7666015625
TZA,Tanzania,2020,39.9,1041.25964355469
TZA,Tanzania,2021,42.7,1054.31726074219
TZA,Tanzania,2022,45.8,1070.58532714844
TZA,Tanzania,2023,48.3,1092.86413574219
THA,Thailand,2000,82.1,3514.7166297060767
THA,Thailand,2001,90.4,3599.025248773576
THA,Thailand,2002,91.0,3783.7542207326646
THA,Thailand,2003,91.6,4018.1553818706816
THA,Thailand,2004,92.2,4232.771572619342
THA,Thailand,2005,92.8,4372.257302062605
THA,Thailand,2006,99.1,4551.525001831396
THA,Thailand,2007,94.1,4760.667084648314
THA,Thailand,2008,94.8,4805.763939908356
THA,Thailand,2009,99.0,4737.456797633144
THA,Thailand,2010,99.7,5059.357478316572
THA,Thailand,2011,99.3,5070.237401919421
THA,Thailand,2012,99.1,5403.878460362729
THA,Thailand,2013,99.4,5516.611641641345
THA,Thailand,2014,99.5,5541.465993618451
THA,Thailand,2015,99.6,5688.853353978842
THA,Thailand,2016,99.9,5857.780529359259
THA,Thailand,2017,99.9,6076.743077000816
THA,Thailand,2018,99.8,6314.199484120428
THA,Thailand,2019,99.9,6434.537705180338
THA,Thailand,2020,100.0,6032.422446067934
THA,Thailand,2021,100.0,6119.1101852609945
THA,Thailand,2022,99.9,6279.822504159734
THA,Thailand,2023,100.0,6423.991011641494
TLS,Timor-Leste,2000,17.8,1117.5642979611173
TLS,Timor-Leste,2001,25.6,1192.7479616219634
TLS,Timor-Leste,2002,24.1,1028.131934225296
TLS,Timor-Leste,2003,27.7,964.3225646181296
TLS,Timor-Leste,2004,30.4,955.4705482873776
TLS,Timor-Leste,2005,33.5,964.0266141735582
TLS,Timor-Leste,2006,36.7,897.5737636709277
TLS,Timor-Leste,2007,36.6,961.8484620902684
TLS,Timor-Leste,2008,43.1,1042.868354430017
TLS,Timor-Leste,2009,46.3,1120.0969844839794
TLS,Timor-Leste,2010,38.0,1195.3806780319703
TLS,Timor-Leste,2011,52.7,1237.4838328427516
TLS,Timor-Leste,2012,56.0,1269.4162927606812
TLS,Timor-Leste,2013,59.2,1281.9286409257402
TLS,Timor-Leste,2014,62.4,1312.964940794653
TLS,Timor-Leste,2015,67.3,1319.592973709912
TLS,Timor-Leste,2016,76.5,1333.6585468432038
TLS,Timor-Leste,2017,79.5,1267.086601428832
TLS,Timor-Leste,2018,85.2,1237.200647304125
TLS,Timor-Leste,2019,90.6,1507.2474829437426
TLS,Timor-Leste,2020,96.0,1947.839971388664
TLS,Timor-Leste,2021,100.0,2015.8203924619704
TLS,Timor-Leste,2022,99.7,1579.710846808578
TLS,Timor-Leste,2023,100.0,1279.2112241611007
TGO,Togo,2000,17.0,730.1483927699056
TGO,Togo,2001,19.6,718.0841794698249
TGO,Togo,2002,21.3,727.3227686846886
TGO,Togo,2003,23.0,757.0768420574661
TGO,Togo,2004,24.8,731.6107979584473
TGO,Togo,2005,26.5,680.485159475257
TGO,Togo,2006,27.9,678.8902273905264
TGO,Togo,2007,30.0,650.046681355874
TGO,Togo,2008,31.8,654.8967230363407
TGO,Togo,2009,33.7,668.6696231617522
TGO,Togo,2010,30.8,686.0141853961212
TGO,Togo,2011,39.7,706.4421588273526
TGO,Togo,2012,39.1,733.6836029298682
TGO,Togo,2013,41.0,759.8416124435536
TGO,Togo,2014,45.7,786.5873996514456
TGO,Togo,2015,44.7,813.8946769750845
TGO,Togo,2016,46.8,832.9595159877331
TGO,Togo,2017,48.0,851.7357286213365
TGO,Togo,2018,50.0,876.5628009158688
TGO,Togo,2019,52.5,900.1666024378712
TGO,Togo,2020,54.1,899.7488023553478
TGO,Togo,2021,55.7,928.3010876928972
TGO,Togo,2022,57.2,970.5359758229826
TGO,Togo,2023,59.2,1011.2308927823004
TON,Tonga,2000,85.6,3866.685913143308
TON,Tonga,2001,86.3,3901.1807203993953
TON,Tonga,2002,87.0,4050.9896231342095
TON,Tonga,2003,87.6,4030.19690552619
TON,Tonga,2004,88.3,3928.060307244925
TON,Tonga,2005,89.0,3880.070541584972
TON,Tonga,2006,92.3,3775.248485708293
TON,Tonga,2007,90.5,3665.895499722809
TON,Tonga,2008,91.2,3833.601690582663
TON,Tonga,2009,92.0,3630.7609699507193
TON,Tonga,2010,92.8,3653.978172650873
TON,Tonga,2011,92.2,3892.768077506659
TON,Tonga,2012,92.8,3932.593671806748
TON,Tonga,2013,95.1,3962.1698094878834
TON,Tonga,2014,95.9,4058.815844474725
TON,Tonga,2015,100.0,4123.903472388129
TON,Tonga,2016,97.0,4419.814747003902
TON,Tonga,2017,98.2,4568.62484962494
TON,Tonga,2018,99.0,4583.559685656878
TON,Tonga,2019,98.4,4566.075087007213
TON,Tonga,2020,99.9,4647.007752915795
TON,Tonga,2021,100.0,4612.900869132981
TON,Tonga,2022,100.0,4533.968098201242
TON,Tonga,2023,100.0,4680.300106643572
TTO,Trinidad and Tobago,2000,91.3,10023.020666920676
TTO,Trinidad and Tobago,2001,96.3,10395.204104221792
TTO,Trinidad and Tobago,2002,96.5,11165.960015837973
TTO,Trinidad and Tobago,2003,96.7,12714.500433484593
TTO,Trinidad and Tobago,2004,96.8,13657.253499560436
TTO,Trinidad and Tobago,2005,95.0,15075.417970990233
TTO,Trinidad and Tobago,2006,100.0,17021.224167956243
TTO,Trinidad and Tobago,2007,100.0,17758.69952246515
TTO,Trinidad and Tobago,2008,100.0,18285.273544199208
TTO,Trinidad and Tobago,2009,99.0,17461.96409400546
TTO,Trinidad and Tobago,2010,100.0,17938.094945946294
TTO,Trinidad and Tobago,2011,97.5,17746.509252615033
TTO,Trinidad and Tobago,2012,100.0,18835.66741229544
TTO,Trinidad and Tobago,2013,100.0,19392.197459378287
TTO,Trinidad and Tobago,2014,100.0,20032.540200171752
TTO,Trinidad and Tobago,2015,100.0,19887.2327716498
TTO,Trinidad and Tobago,2016,100.0,18331.03445975802
TTO,Trinidad and Tobago,2017,100.0,17402.615532845415
TTO,Trinidad and Tobago,2018,100.0,17205.61513533899
TTO,Trinidad and Tobago,2019,100.0,17225.361633712047
TTO,Trinidad and Tobago,2020,100.0,15679.961148682514
TTO,Trinidad and Tobago,2021,100.0,15558.094053682897
TTO,Trinidad and Tobago,2022,100.0,15712.230497272045
TTO,Trinidad and Tobago,2023,98.7,15922.766834978773
TUN,Tunisia,2000,94.8,2864.5470366661834
TUN,Tunisia,2001,97.3,2941.738935929058
TUN,Tunisia,2002,97.8,2950.2041095905392
TUN,Tunisia,2003,98.4,3058.228958278423
TUN,Tunisia,2004,99.0,3218.723207484567
TUN,Tunisia,2005,99.2,3301.938172160292
TUN,Tunisia,2006,99.4,3444.551352609098
TUN,Tunisia,2007,99.4,3642.119774447859
TUN,Tunisia,2008,99.4,3760.1182847870414
TUN,Tunisia,2009,99.5,3835.250119393008
TUN,Tunisia,2010,99.5,3906.906258676052
TUN,Tunisia,2011,99.5,3784.741290340101
TUN,Tunisia,2012,99.5,3900.046201327017
TUN,Tunisia,2013,99.7,3947.587635331742
TUN,Tunisia,2014,99.8,4021.5995470359135
TUN,Tunisia,2015,99.9,4014.9477368643215
TUN,Tunisia,2016,100.0,4015.288938027025
TUN,Tunisia,2017,100.0,4062.806065345191
TUN,Tunisia,2018,99.8,4127.970056979944
TUN,Tunisia,2019,100.0,4153.279786155147
TUN,Tunisia,2020,99.9,3749.268414529278
TUN,Tunisia,2021,99.9,3902.5332299019938
TUN,Tunisia,2022,100.0,3986.545583256664
TUN,Tunisia,2023,100.0,3967.3338763453353
TKM,Turkmenistan,2000,99.6,2256.4024032397697
TKM,Turkmenistan,2001,99.6,2307.719560187352
TKM,Turkmenistan,2002,99.6,2268.0282424461493
TKM,Turkmenistan,2003,99.6,2296.7084230722285
TKM,Turkmenistan,2004,99.5,2365.721902645033
TKM,Turkmenistan,2005,99.5,2624.2315668840965
TKM,Turkmenistan,2006,99.8,2858.532241435651
TKM,Turkmenistan,2007,99.6,3115.9792751827963
TKM,Turkmenistan,2008,99.6,3506.504536948339
TKM,Turkmenistan,2009,99.7,3647.6781308375575
TKM,Turkmenistan,2010,100.0,3902.542001186833
TKM,Turkmenistan,2011,99.8,4383.143808725671
TKM,Turkmenistan,2012,99.9,4762.660475363887
TKM,Turkmenistan,2013,99.9,5131.140873285437
TKM,Turkmenistan,2014,100.0,5535.50161297771
TKM,Turkmenistan,2015,100.0,5759.497903834004
TKM,Turkmenistan,2016,100.0,5979.476276610575
TKM,Turkmenistan,2017,100.0,6221.419627590207
TKM,Turkmenistan,2018,100.0,6460.130159208386
TKM,Turkmenistan,2019,99.9,6719.323201577025
TKM,Turkmenistan,2020,100.0,6964.381628870156
TKM,Turkmenistan,2021,100.0,7244.613858803409
TKM,Turkmenistan,2022,100.0,7549.253019303561
TKM,Turkmenistan,2023,100.0,7879.965597897158
TCA,Turks and Caicos Islands,2007,96.6,37466.18226147246
TCA,Turks and Caicos Islands,2008,96.9,38854.10756988144
TCA,Turks and Caicos Islands,2009,100.0,29988.59973751724
TCA,Turks and Caicos Islands,2010,100.0,29111.87292231888
TCA,Turks and Caicos Islands,2011,100.0,29363.947592736597
TCA,Turks and Caicos Islands,2012,93.1,27441.333598701705
TCA,Turks and Caicos Islands,2013,100.0,26477.54107195822
TCA,Turks and Caicos Islands,2014,100.0,27636.821022806656
TCA,Turks and Caicos Islands,2015,100.0,29457.01406911624
TCA,Turks and Caicos Islands,2016,100.0,30183.000294988124
TCA,Turks and Caicos Islands,2017,100.0,50586.10323351514
TCA,Turks and Caicos Islands,2018,100.0,51863.1830309332
TCA,Turks and Caicos Islands,2019,100.0,52419.88621286169
TCA,Turks and Caicos Islands,2020,99.4,33739.42539917392
TCA,Turks and Caicos Islands,2021,100.0,42907.74924659116
TCA,Turks and Caicos Islands,2022,99.9,48307.307924549896
TCA,Turks and Caicos Islands,2023,100.0,54523.03309271511
TUV,Tuvalu,2000,94.6,3056.5510198312218
TUV,Tuvalu,2001,94.8,3043.1590792060483
TUV,Tuvalu,2002,94.6,3320.168581549122
TUV,Tuvalu,2003,95.1,3152.228220397957
TUV,Tuvalu,2004,95.3,3042.612852996505
TUV,Tuvalu,2005,95.5,2864.905241602081
TUV,Tuvalu,2006,95.7,2900.927101558193
TUV,Tuvalu,2007,96.7,3069.6736818407685
TUV,Tuvalu,2008,96.2,3230.2210952171517
TUV,Tuvalu,2009,96.5,2987.8039793999337
TUV,Tuvalu,2010,96.7,2879.2964572035235
TUV,Tuvalu,2011,97.0,3028.2511217060955
TUV,Tuvalu,2012,97.7,2922.076299638486
TUV,Tuvalu,2013,97.6,3030.552851898574
TUV,Tuvalu,2014,97.9,3035.2432559847243
TUV,Tuvalu,2015,98.1,3357.834177000705
TUV,Tuvalu,2016,97.3,3558.6121297065188
TUV,Tuvalu,2017,98.7,3666.2018970003815
TUV,Tuvalu,2018,99.0,3757.8599728474182
TUV,Tuvalu,2019,99.7,4345.9960645331485
TUV,Tuvalu,2020,99.4,4233.0183205633975
TUV,Tuvalu,2021,99.7,4396.0489448847775
TUV,Tuvalu,2022,100.0,4515.297015174917
TUV,Tuvalu,2023,100.0,4773.340855266723
TUR,Türkiye,2000,99.9,6326.25746472488
TUR,Türkiye,2001,99.9,5906.923485366993
TUR,Türkiye,2002,99.8,6211.705429603936
TUR,Türkiye,2003,99.8,6496.07277294612
TUR,Türkiye,2004,99.7,7061.622197949838
TUR,Türkiye,2005,99.7,7623.146409484569
TUR,Türkiye,2006,99.7,8078.515378757104
TUR,Türkiye,2007,99.7,8477.533283933524
TUR,Türkiye,2008,99.7,8447.93976396947
TUR,Türkiye,2009,99.7,7925.301104211849
TUR,Türkiye,2010,100.0,8472.57809050119
TUR,Türkiye,2011,100.0,9265.859102385775
TUR,Türkiye,2012,100.0,9588.320665314382
TUR,Türkiye,2013,100.0,10269.448914077338
TUR,Türkiye,2014,100.0,10597.980188171632
TUR,Türkiye,2015,100.0,11064.649450466248
TUR,Türkiye,2016,100.0,11279.616953156876
TUR,Türkiye,2017,100.0,12005.645982483236
TUR,Türkiye,2018,100.0,12255.008214616912
TUR,Türkiye,2019,100.0,12238.295022012751
TUR,Türkiye,2020,100.0,12338.643833135042
TUR,Türkiye,2021,100.0,13670.938029516012
TUR,Türkiye,2022,100.0,14273.574765487305
TUR,Türkiye,2023,100.0,14932.885136312188
UGA,Uganda,2000,7.4,509.1975531901598
UGA,Uganda,2001,8.6,519.4565478908837
UGA,Uganda,2002,7.8,547.4053389198752
UGA,Uganda,2003,10.5,564.7205391965689
UGA,Uganda,2004,11.6,585.339489080616
UGA,Uganda,2005,8.9,604.4048130576183
UGA,Uganda,2006,9.0,650.2705408674441
UGA,Uganda,2007,14.8,684.5422417872479
UGA,Uganda,2008,15.9,722.565167003452
UGA,Uganda,2009,10.0,749.3428655354232
UGA,Uganda,2010,12.1,768.6240916601312
UGA,Uganda,2011,14.6,816.5163665872278
UGA,Uganda,2012,20.5,823.5804682854929
UGA,Uganda,2013,13.9,828.9886697299859
UGA,Uganda,2014,20.4,845.9786647910992
UGA,Uganda,2015,18.5,862.9346103558107
UGA,Uganda,2016,26.7,874.6483706392157
UGA,Uganda,2017,32.4,871.0938800171507
UGA,Uganda,2018,41.9,895.0751278543798
UGA,Uganda,2019,41.3,920.9391015156708
UGA,Uganda,2020,42.1,917.0350317644004
UGA,Uganda,2021,45.2,919.401675217265
UGA,Uganda,2022,47.1,933.0940563704228
UGA,Uganda,2023,51.5,955.7457972754618
UKR,Ukraine,2000,99.1,1409.22265625
UKR,Ukraine,2001,99.2,1547.2783203125
UKR,Ukraine,2002,99.3,1644.28125
UKR,Ukraine,2003,99.3,1814.25854492188
UKR,Ukraine,2004,99.4,2042.44494628906
UKR,Ukraine,2005,99.9,2122.6015625
UKR,Ukraine,2006,99.5,2298.13232421875
UKR,Ukraine,2007,99.8,2498.35205078125
UKR,Ukraine,2008,99.8,2567.69409179688
UKR,Ukraine,2009,99.9,2188.17016601563
UKR,Ukraine,2010,100.0,2285.93383789063
UKR,Ukraine,2011,100.0,2418.12084960938
UKR,Ukraine,2012,99.9,2426.92944335938
UKR,Ukraine,2013,100.0,2432.41625976563
UKR,Ukraine,2014,100.0,2308.6435546875
UKR,Ukraine,2015,100.0,2094.47387695313
UKR,Ukraine,2016,100.0,2156.0830078125
UKR,Ukraine,2017,100.0,2217.7529296875
UKR,Ukraine,2018,100.0,2308.6669921875
UKR,Ukraine,2019,100.0,2398.07836914063
UKR,Ukraine,2020,100.0,2324.107421875
UKR,Ukraine,2021,100.0,2426.6123046875
UKR,Ukraine,2022,100.0,1874.66296386719
UKR,Ukraine,2023,100.0,2164.26123046875
ARE,United Arab Emirates,2000,100.0,56939.36007679977
ARE,United Arab Emirates,2001,100.0,54169.41357015654
ARE,United Arab Emirates,2002,100.0,52216.831833817545
ARE,United Arab Emirates,2003,100.0,53619.1662875958
ARE,United Arab Emirates,2004,100.0,55611.437634412505
ARE,United Arab Emirates,2005,100.0,55363.58181969982
ARE,United Arab Emirates,2006,100.0,56629.97131175448
ARE,United Arab Emirates,2007,100.0,52038.62293931218
ARE,United Arab Emirates,2008,100.0,47922.69414304724
ARE,United Arab Emirates,2009,100.0,42672.19462226269
ARE,United Arab Emirates,2010,100.0,42328.84668185999
ARE,United Arab Emirates,2011,100.0,43687.79194245456
ARE,United Arab Emirates,2012,100.0,43958.57796707126
ARE,United Arab Emirates,2013,100.0,44312.63204635045
ARE,United Arab Emirates,2014,100.0,44257.66520854508
ARE,United Arab Emirates,2015,100.0,44910.345886077565
ARE,United Arab Emirates,2016,100.0,45168.49559739125
ARE,United Arab Emirates,2017,100.0,43293.02023607645
ARE,United Arab Emirates,2018,100.0,43377.80260148598
ARE,United Arab Emirates,2019,100.0,43468.45347050126
ARE,United Arab Emirates,2020,100.0,39878.46638963894
ARE,United Arab Emirates,2021,100.0,40935.89154820839
ARE,United Arab Emirates,2022,100.0,41828.56869235462
ARE,United Arab Emirates,2023,100.0,41926.57734984073
GBR,United Kingdom,2000,100.0,39297.13663172671
GBR,United Kingdom,2001,100.0,40082.13593568217
GBR,United Kingdom,2002,100.0,40594.93292934499
GBR,United Kingdom,2003,100.0,41706.830393012606
GBR,United Kingdom,2004,100.0,42434.82090236381
GBR,United Kingdom,2005,100.0,43320.56286844384
GBR,United Kingdom,2006,100.0,43944.998579906896
GBR,United Kingdom,2007,100.0,44882.14131230401
GBR,United Kingdom,2008,100.0,44508.28746314787
GBR,United Kingdom,2009,100.0,42146.50958799624
GBR,United Kingdom,2010,100.0,42762.720840223024
GBR,United Kingdom,2011,100.0,42791.09343134741
GBR,United Kingdom,2012,100.0,43136.70067959965
GBR,United Kingdom,2013,100.0,43585.873177228095
GBR,United Kingdom,2014,100.0,44628.57245782168
GBR,United Kingdom,2015,100.0,45256.04022705699
GBR,United Kingdom,2016,100.0,45888.709961456254
GBR,United Kingdom,2017,100.0,47019.45104199995
GBR,United Kingdom,2018,100.0,47516.20997703218
GBR,United Kingdom,2019,100.0,47866.91403540778
GBR,United Kingdom,2020,100.0,42985.039214824814
GBR,United Kingdom,2021,100.0,46491.50688366847
GBR,United Kingdom,2022,100.0,48410.095170282
GBR,United Kingdom,2023,100.0,47911.15401348323
USA,United States,2000,100.0,48616.254628243456
USA,United States,2001,100.0,48597.424612412215
USA,United States,2002,100.0,48967.366121757645
USA,United States,2003,100.0,49905.52330807881
USA,United States,2004,100.0,51348.347338602456
USA,United States,2005,100.0,52649.57130604606
USA,United States,2006,100.0,53596.31523641197
USA,United States,2007,100.0,54152.82926735508
USA,United States,2008,100.0,53703.96289792698
USA,United States,2009,100.0,51863.6183416558
USA,United States,2010,100.0,52812.682986927946
USA,United States,2011,100.0,53215.5362314388
USA,United States,2012,100.0,54000.84107782172
USA,United States,2013,100.0,54728.86017981196
USA,United States,2014,100.0,55665.24111878016
USA,United States,2015,100.0,56849.46979231594
USA,United States,2016,100.0,57430.84992988035
USA,United States,2017,100.0,58435.97075356194
USA,United States,2018,100.0,59817.65567986123
USA,United States,2019,100.0,61047.96482388125
USA,United States,2020,100.0,59533.60902441603
USA,United States,2021,100.0,63096.78561497462
USA,United States,2022,100.0,64322.23328191388
USA,United States,2023,100.0,65667.28158046801
URY,Uruguay,2000,97.6,11096.3309569487
URY,Uruguay,2001,97.7,10643.557401927264
URY,Uruguay,2002,97.8,9806.771306435896
URY,Uruguay,2003,97.9,9878.75684344081
URY,Uruguay,2004,98.0,10366.906738287147
URY,Uruguay,2005,98.0,11131.398489003846
URY,Uruguay,2006,98.5,11574.47054023104
URY,Uruguay,2007,98.7,12310.482735502002
URY,Uruguay,2008,98.8,13165.836281659993
URY,Uruguay,2009,99.1,13691.714206889972
URY,Uruguay,2010,99.3,14722.378008119127
URY,Uruguay,2011,99.2,15443.996192639486
URY,Uruguay,2012,99.6,15949.317698543451
URY,Uruguay,2013,99.6,16639.40547506506
URY,Uruguay,2014,99.7,17122.03645632247
URY,Uruguay,2015,99.7,17125.901680029787
URY,Uruguay,2016,99.7,17357.234999284105
URY,Uruguay,2017,99.8,17611.603680087435
URY,Uruguay,2018,99.8,17608.944129469986
URY,Uruguay,2019,99.9,17758.438427340174
URY,Uruguay,2020,100.0,16443.363490131003
URY,Uruguay,2021,100.0,17416.005230846862
URY,Uruguay,2022,100.0,18249.291216882808
URY,Uruguay,2023,100.0,18403.675312515672
UZB,Uzbekistan,2000,99.6,1397.012023509981
UZB,Uzbekistan,2001,99.6,1437.5947280451
UZB,Uzbekistan,2002,99.7,1476.4925873997345
UZB,Uzbekistan,2003,99.5,1520.3549328544302
UZB,Uzbekistan,2004,99.5,1613.6427388293716
UZB,Uzbekistan,2005,99.4,1704.3389320721376
UZB,Uzbekistan,2006,99.5,1807.873286261767
UZB,Uzbekistan,2007,99.5,1951.5787890789247
UZB,Uzbekistan,2008,99.5,2095.382145344093
UZB,Uzbekistan,2009,99.5,2228.0552685669027
UZB,Uzbekistan,2010,99.6,2359.641990676409
UZB,Uzbekistan,2011,99.7,2512.687838069929
UZB,Uzbekistan,2012,99.7,2657.0990908417216
UZB,Uzbekistan,2013,99.8,2823.002053793282
UZB,Uzbekistan,2014,99.8,2990.5633975119204
UZB,Uzbekistan,2015,99.9,3172.8989939108315
UZB,Uzbekistan,2016,99.9,3327.9093220640148
UZB,Uzbekistan,2017,100.0,3425.788196964077
UZB,Uzbekistan,2018,100.0,3559.8543659480297
UZB,Uzbekistan,2019,100.0,3733.50435754861
UZB,Uzbekistan,2020,100.0,3723.821332644061
UZB,Uzbekistan,2021,99.9,3951.9965732735936
UZB,Uzbekistan,2022,100.0,4109.084210316551
UZB,Uzbekistan,2023,100.0,4281.205421212247
VUT,Vanuatu,2000,22.2,3197.4559613722763
VUT,Vanuatu,2001,24.0,3012.016024891962
VUT,Vanuatu,2002,25.7,2784.997209203645
VUT,Vanuatu,2003,27.5,2833.779149207509
VUT,Vanuatu,2004,29.2,2875.6503235390064
VUT,Vanuatu,2005,31.0,2955.668611241272
VUT,Vanuatu,2006,26.4,3129.0854032736884
VUT,Vanuatu,2007,33.6,3141.200263648176
VUT,Vanuatu,2008,36.5,3234.9762369932423
VUT,Vanuatu,2009,33.3,3249.661937987089
VUT,Vanuatu,2010,44.1,3214.372621363904
VUT,Vanuatu,2011,42.0,3244.137030261864
VUT,Vanuatu,2012,43.9,3205.687059631694
VUT,Vanuatu,2013,31.7,3149.684972776404
VUT,Vanuatu,2014,49.1,3175.633753421754
VUT,Vanuatu,2015,52.3,3214.4194858714127
VUT,Vanuatu,2016,57.8,3257.497199849883
VUT,Vanuatu,2017,62.8,3316.8103459686126
VUT,Vanuatu,2018,61.6,3319.756304553183
VUT,Vanuatu,2019,64.5,3349.5593410421043
VUT,Vanuatu,2020,67.3,3085.1655818930467
VUT,Vanuatu,2021,70.0,2979.390628389667
VUT,Vanuatu,2022,71.6,3073.860626581128
VUT,Vanuatu,2023,61.6,3178.3031116211982
VEN,"Venezuela, RB",2000,98.9,3732.15152475602
VEN,"Venezuela, RB",2001,99.9,3789.565782374063
VEN,"Venezuela, RB",2002,99.8,3396.8974636202524
VEN,"Venezuela, RB",2003,95.7,3078.2614102609923
VEN,"Venezuela, RB",2004,99.1,3576.823706242669
VEN,"Venezuela, RB",2005,98.8,3875.8140962846446
VEN,"Venezuela, RB",2006,99.3,4190.566070501255
VEN,"Venezuela, RB",2007,98.9,4489.565716625942
VEN,"Venezuela, RB",2008,98.9,4655.651367150991
VEN,"Venezuela, RB",2009,99.0,4451.374460741645
VEN,"Venezuela, RB",2010,99.1,4323.733015346774
VEN,"Venezuela, RB",2011,98.8,4444.551590794942
VEN,"Venezuela, RB",2012,99.3,4638.412098004867
VEN,"Venezuela, RB",2013,99.4,4642.551493147785
VEN,"Venezuela, RB",2014,100.0,4412.979592131297
VEN,"Venezuela, RB",2015,100.0,4096.619891374734
VEN,"Venezuela, RB",2016,99.4,3374.4309160818475
VEN,"Venezuela, RB",2017,99.2,2863.332278463655
VEN,"Venezuela, RB",2018,99.9,2359.382383450055
VEN,"Venezuela, RB",2019,99.8,1759.0554736454792
VEN,"Venezuela, RB",2020,99.9,1255.8645706811851
VEN,"Venezuela, RB",2021,100.0,1272.9439751652712
VEN,"Venezuela, RB",2022,100.0,1376.9380122712505
VEN,"Venezuela, RB",2023,100.0,1427.8865594380543
VNM,Vietnam,2000,88.2,1212.1965779438085
VNM,Vietnam,2001,88.9,1273.8052690094
VNM,Vietnam,2002,89.1,1340.516704602711
VNM,Vietnam,2003,90.3,1418.7433747150933
VNM,Vietnam,2004,91.0,1510.944490495987
VNM,Vietnam,2005,96.1,1609.9626831365051
VNM,Vietnam,2006,96.0,1699.676203433928
VNM,Vietnam,2007,93.1,1788.948502895698
VNM,Vietnam,2008,93.8,1856.0051988397847
VNM,Vietnam,2009,96.1,1927.1342705745365
VNM,Vietnam,2010,97.4,2027.581843759237
VNM,Vietnam,2011,99.0,2132.9045376208664
VNM,Vietnam,2012,97.9,2224.1140425325566
VNM,Vietnam,2013,98.5,2320.0843144493388
VNM,Vietnam,2014,99.2,2439.2865574442344
VNM,Vietnam,2015,99.3,2577.568853401125
VNM,Vietnam,2016,99.2,2715.57887431272
VNM,Vietnam,2017,100.0,2868.1368001337887
VNM,Vietnam,2018,100.0,3048.283276021446
VNM,Vietnam,2019,99.4,3241.0764896652886
VNM,Vietnam,2020,99.8,3303.16949807493
VNM,Vietnam,2021,100.0,3358.217347647143
VNM,Vietnam,2022,100.0,3617.663112804366
VNM,Vietnam,2023,99.8,3772.360291161032
VIR,Virgin Islands (U.S.),2002,100.0,43205.72467403885
VIR,Virgin Islands (U.S.),2003,100.0,43036.18151360216
VIR,Virgin Islands (U.S.),2004,100.0,44466.28721902161
VIR,Virgin Islands (U.S.),2005,100.0,46021.59057318189
VIR,Virgin Islands (U.S.),2006,100.0,47671.56718281197
VIR,Virgin Islands (U.S.),2007,100.0,49598.12590794275
VIR,Virgin Islands (U.S.),2008,100.0,50174.75289384729
VIR,Virgin Islands (U.S.),2009,100.0,46862.80760018739
VIR,Virgin Islands (U.S.),2010,100.0,47162.737557043074
VIR,Virgin Islands (U.S.),2011,100.0,43320.176769501006
VIR,Virgin Islands (U.S.),2012,100.0,36938.16820863512
VIR,Virgin Islands (U.S.),2013,100.0,34663.6460602129
VIR,Virgin Islands (U.S.),2014,100.0,34098.71099727385
VIR,Virgin Islands (U.S.),2015,100.0,34007.35294117647
VIR,Virgin Islands (U.S.),2016,100.0,34614.74826332468
VIR,Virgin Islands (U.S.),2017,100.0,34435.49444557559
VIR,Virgin Islands (U.S.),2018,100.0,35174.10199449856
VIR,Virgin Islands (U.S.),2019,100.0,36309.74384468424
VIR,Virgin Islands (U.S.),2020,100.0,35850.74331486531
VIR,Virgin Islands (U.S.),2021,100.0,37313.04849315309
VIR,Virgin Islands (U.S.),2022,100.0,36983.43106027204
PSE,West Bank and Gaza,2000,99.7,2436.0120773963577
PSE,West Bank and Gaza,2001,99.1,2153.45735383203
PSE,West Bank and Gaza,2002,99.2,1836.98042481351
PSE,West Bank and Gaza,2003,99.1,2041.6048461965863
PSE,West Bank and Gaza,2004,99.5,2426.415656303817
PSE,West Bank and Gaza,2005,99.6,2632.2462742395783
PSE,West Bank and Gaza,2006,99.7,2540.2676308312684
PSE,West Bank and Gaza,2007,98.8,2569.98434108953
PSE,West Bank and Gaza,2008,99.8,2685.986018284638
PSE,West Bank and Gaza,2009,99.9,2840.015949693949
PSE,West Bank and Gaza,2010,99.9,2927.081019534034
PSE,West Bank and Gaza,2011,99.7,3128.108110613842
PSE,West Bank and Gaza,2012,99.8,3237.9161999578896
PSE,West Bank and Gaza,2013,99.9,3309.631202430981
PSE,West Bank and Gaza,2014,99.9,3227.8493448264458
PSE,West Bank and Gaza,2015,99.9,3272.1543236070797
PSE,West Bank and Gaza,2016,100.0,3483.0990353297207
PSE,West Bank and Gaza,2017,99.9,3462.97986107136
PSE,West Bank and Gaza,2018,100.0,3417.794408379617
PSE,West Bank and Gaza,2019,100.0,3378.434620919103
PSE,West Bank and Gaza,2020,100.0,2922.468010848445
PSE,West Bank and Gaza,2021,100.0,3051.486070079949
PSE,West Bank and Gaza,2022,100.0,3099.9609010367967
PSE,West Bank and Gaza,2023,100.0,2997.2269407784893
YEM,"Yemen, Rep.",2000,49.2,2114.6726556685085
YEM,"Yemen, Rep.",2001,50.4,2129.7726876277816
YEM,"Yemen, Rep.",2002,51.5,2148.888604947881
YEM,"Yemen, Rep.",2003,52.6,2164.860830194671
YEM,"Yemen, Rep.",2004,49.6,2185.789991590858
YEM,"Yemen, Rep.",2005,54.8,2237.6376264315154
YEM,"Yemen, Rep.",2006,55.8,2234.742668633124
YEM,"Yemen, Rep.",2007,57.2,2235.7507590106693
YEM,"Yemen, Rep.",2008,58.4,2244.0449165523664
YEM,"Yemen, Rep.",2009,59.6,2257.469020868315
YEM,"Yemen, Rep.",2010,60.8,2356.199604220962
YEM,"Yemen, Rep.",2011,62.0,1994.836633372218
YEM,"Yemen, Rep.",2012,52.4,1981.4580004660304
YEM,"Yemen, Rep.",2013,75.6,2014.728905948701
YEM,"Yemen, Rep.",2014,66.1,1950.162545058899
YEM,"Yemen, Rep.",2015,67.4,1362.1738120601008
YEM,"Yemen, Rep.",2016,68.9,1197.9586597117177
YEM,"Yemen, Rep.",2017,79.2,1103.456348498417
YEM,"Yemen, Rep.",2018,62.0,1079.3293836625512
ZMB,Zambia,2000,16.7,804.4846341878296
ZMB,Zambia,2001,20.2,822.0209353082508
ZMB,Zambia,2002,17.4,833.0211775490037
ZMB,Zambia,2003,18.5,863.6501906567852
ZMB,Zambia,2004,20.3,895.4752585348265
ZMB,Zambia,2005,23.3,929.0792558559046
ZMB,Zambia,2006,24.1,968.563565019492
ZMB,Zambia,2007,18.5,1013.0856743263678
ZMB,Zambia,2008,25.7,1053.5861230106834
ZMB,Zambia,2009,26.6,1110.7191810248648
ZMB,Zambia,2010,22.0,1183.4171240919875
ZMB,Zambia,2011,28.3,1208.4642456963409
ZMB,Zambia,2012,29.2,1258.789385789964
ZMB,Zambia,2013,30.1,1280.7701217677811
ZMB,Zambia,2014,27.9,1299.0124176250413
ZMB,Zambia,2015,31.1,1295.877886800678
ZMB,Zambia,2016,35.4,1303.5751386913284
ZMB,Zambia,2017,40.3,1308.7682924008554
ZMB,Zambia,2018,40.2,1321.250457115733
ZMB,Zambia,2019,43.0,1301.181329761778
ZMB,Zambia,2020,44.6,1228.7350011319488
ZMB,Zambia,2021,46.7,1269.1082180889516
ZMB,Zambia,2022,47.8,1298.8480495593024
ZMB,Zambia,2023,51.1,1330.8599821675073
ZWE,Zimbabwe,2000,33.7,1677.348967932508
ZWE,Zimbabwe,2001,34.2,1690.1466616311563
ZWE,Zimbabwe,2002,34.2,1525.0793570656422
ZWE,Zimbabwe,2003,35.1,1250.919483312313
ZWE,Zimbabwe,2004,35.6,1165.5444708154296
ZWE,Zimbabwe,2005,36.1,1088.631484206987
ZWE,Zimbabwe,2006,37.2,1038.223756580327
ZWE,Zimbabwe,2007,37.2,987.2003625969372
ZWE,Zimbabwe,2008,37.7,803.0449446549911
ZWE,Zimbabwe,2009,43.4,896.9155328778453
ZWE,Zimbabwe,2010,38.9,1056.208845638891
ZWE,Zimbabwe,2011,36.9,1184.9342102056269
ZWE,Zimbabwe,2012,44.0,1360.152300342752
ZWE,Zimbabwe,2013,40.6,1367.8183168946343
ZWE,Zimbabwe,2014,32.3,1381.2540412587148
ZWE,Zimbabwe,2015,33.7,1387.1263259502578
ZWE,Zimbabwe,2016,42.5,1378.3425619237385
ZWE,Zimbabwe,2017,44.0,1422.9194894692664
ZWE,Zimbabwe,2018,45.4,1472.1460384484235
ZWE,Zimbabwe,2019,46.7,1357.5308781875387
ZWE,Zimbabwe,2020,52.7,1230.819333610158
ZWE,Zimbabwe,2021,49.0,1312.2000135880671
ZWE,Zimbabwe,2022,50.1,1369.1976149557086
ZWE,Zimbabwe,2023,62.0,1418.4718462879948
