STRUCTURE,STRUCTURE_ID,ACTION,FREQ,REF_AREA,INDICATOR,SEX,AGE,URBANISATION,UNIT_MEASURE,COMP_BREAKDOWN_1,COMP_BREAKDOWN_2,COMP_BREAKDOWN_3,AGG_METHOD,UNIT_TYPE,DECIMALS,DATABASE_ID,TIME_FORMAT,UNIT_MULT,OBS_STATUS,OBS_CONF,FREQ_LABEL,REF_AREA_LABEL,INDICATOR_LABEL,SEX_LABEL,AGE_LABEL,URBANISATION_LABEL,UNIT_MEASURE_LABEL,COMP_BREAKDOWN_1_LABEL,COMP_BREAKDOWN_2_LABEL,COMP_BREAKDOWN_3_LABEL,AGG_METHOD_LABEL,UNIT_TYPE_LABEL,DECIMALS_LABEL,DATABASE_ID_LABEL,TIME_FORMAT_LABEL,UNIT_MULT_LABEL,OBS_STATUS_LABEL,OBS_CONF_LABEL,1960,1961,1962,1963,1964,1965,1966,1967,1968,1969,1970,1971,1972,1973,1974,1975,1976,1977,1978,1979,1980,1981,1982,1983,1984,1985,1986,1987,1988,1989,1990,1991,1992,1993,1994,1995,1996,1997,1998,1999,2000,2001,2002,2003,2004,2005,2006,2007,2008,2009,2010,2011,2012,2013,2014,2015,2016,2017,2018,2019,2020,2021,2022,2023,2024,2025
datastructure,WB.DATA360:DS_DATA360(1.3),I,A,IBT,WB_WDI_NY_GDP_PCAP_KD,_T,_T,_T,USD_K_2015,_Z,_Z,_Z,_Z,CUR,2,WB_WDI,P1Y,0,A,PU,Annual,IDA & IBRD total,GDP per capita (constant 2015 US$),Total,All age ranges or no breakdown by age,Total,"US dollars, 2015 constant prices",Not Applicable,Not Applicable,Not Applicable,Not Applicable,Currency,Two,World Development Indicators (WDI),Annual,Units,Normal value,Public,955.8800405341498,953.9268929710876,969.9761155742466,991.9069506135666,1043.9321519362477,1080.0742275295668,1106.8382292789313,1115.394171256047,1155.2362783454637,1217.269875008159,1281.1985281723332,1327.3061062648192,1374.0608286358088,1432.856221890492,1484.2402228660399,1510.934256691654,1571.8981312619883,1611.7004302852076,1638.3247936671305,1679.3655427315284,1723.5608268307606,1719.8973080796502,1726.941910675539,1712.8029087258074,1754.942681666828,1794.8734534295563,1825.2896864192091,1873.1366659007797,1912.060091731294,1928.2543136696502,1932.553694489414,1922.21767480433,1919.7660460719485,1951.1917584811438,1982.7438907709643,2028.120684740965,2102.720865825164,2177.7338964040778,2202.0084980707547,2247.125590322617,2340.828751748529,2391.8655780499794,2466.375349278671,2572.957583422673,2731.209172234082,2886.6526610994774,3079.2014775042894,3302.825260696759,3449.820396369798,3504.473781888724,3721.631190087579,3898.1292467861654,4049.024017346322,4204.1114505154965,4349.5016466237685,4477.244096537582,4614.086855623724,4788.104789965342,4959.058363159835,5097.1350886918035,4975.192051243467,5288.487516770479,5440.777713638891,5634.164826923169,5825.505419677317,6018.613070313993
datastructure,WB.DATA360:DS_DATA360(1.3),I,A,CHE,WB_WDI_NY_GDP_PCAP_KD,_T,_T,_T,USD_K_2015,_Z,_Z,_Z,_Z,CUR,2,WB_WDI,P1Y,0,A,PU,Annual,Switzerland,GDP per capita (constant 2015 US$),Total,All age ranges or no breakdown by age,Total,"US dollars, 2015 constant prices",Not Applicable,Not Applicable,Not Applicable,Not Applicable,Currency,Two,World Development Indicators (WDI),Annual,Units,Normal value,Public,36945.46866006991,38279.50217994982,38910.840664007104,40117.182738330455,42150.56328452867,43258.88247981767,43704.187889633635,44618.71741928814,45663.51560277628,47414.21223348766,50120.27197386367,50328.91495317459,51089.77415335404,52726.32723084729,54120.38264103822,55526.28243141889,56435.4712369923,55723.20310811869,56694.13104981332,58753.08728461447,59515.08399571134,59459.60269359952,59851.32377986616,60727.92816593175,63069.54014488253,64148.27408186341,65532.7953421245,67306.5686611113,68523.50585960636,69776.21978778759,69584.57676263737,67932.78545921165,66409.49146138605,64448.10642966457,66503.93118776733,68765.80048957448,68846.2811295722,70121.29264507185,71854.11768638992,72713.70684205444,74933.27700775524,75646.17811441314,75361.69416073854,74592.02846909546,75997.44531547613,77741.34361047045,80448.96967816124,82909.13582914593,83934.76572212465,81288.642957612,83069.42763734554,83307.31809984651,83354.02074851879,83914.02450808117,85004.81345339998,85265.06205192996,85951.22341483452,86362.36097286202,88581.08269355842,88932.4119306425,86293.91834411552,90924.9256769825,93360.44011246398,92947.94244415683,93018.37687066967,93327.59374030442
datastructure,WB.DATA360:DS_DATA360(1.3),I,A,ARG,WB_WDI_NY_GDP_PCAP_KD,_T,_T,_T,USD_K_2015,_Z,_Z,_Z,_Z,CUR,2,WB_WDI,P1Y,0,A,PU,Annual,Argentina,GDP per capita (constant 2015 US$),Total,All age ranges or no breakdown by age,Total,"US dollars, 2015 constant prices",Not Applicable,Not Applicable,Not Applicable,Not Applicable,Currency,Two,World Development Indicators (WDI),Annual,Units,Normal value,Public,7397.109654956817,7670.595455716408,7480.27172420174,6967.750195552209,7551.024907787894,8219.551556372287,8041.224874114749,8172.274564690418,8436.308563510305,9111.945974855102,9244.122517851532,9614.610616921336,9617.688149437368,9729.532588859032,10100.446913616313,9936.495834478945,9584.748517510385,10088.337487163539,9480.94009490414,10284.606408755193,10275.798702388625,9587.673794234255,9365.684653878474,9617.700056957498,9614.44726215357,8973.318748658132,9378.468663943491,9484.458766380523,9236.807713025346,8445.410092342801,8115.093863707533,8729.823185188916,9293.18692251748,9920.673585824366,10359.892720487082,9934.10776139515,10352.14000021914,11056.688133100206,11348.202212467326,10838.319934638723,10631.650363902858,10051.944846304337,8861.56199282278,9545.531941199944,10302.446531642796,11099.75091906017,11870.27915592978,12811.902120657798,13197.357026702915,12285.378465186532,13387.15537484578,14040.618912444359,13754.42542355963,13946.095083225156,13456.131915915059,13679.626498095417,13265.886063912345,13520.112984615893,13058.328544995426,12706.397810896759,11393.050595787674,12549.281169934175,13276.823211018853,12993.092887241564,12774.350659662765,13287.115952748936
datastructure,WB.DATA360:DS_DATA360(1.3),I,A,GRC,WB_WDI_NY_GDP_PCAP_KD,_T,_T,_T,USD_K_2015,_Z,_Z,_Z,_Z,CUR,2,WB_WDI,P1Y,0,A,PU,Annual,Greece,GDP per capita (constant 2015 US$),Total,All age ranges or no breakdown by age,Total,"US dollars, 2015 constant prices",Not Applicable,Not Applicable,Not Applicable,Not Applicable,Currency,Two,World Development Indicators (WDI),Annual,Units,Normal value,Public,4985.760495160354,5599.497262497904,5586.542232742459,6225.129334715799,6786.241485619806,7481.903300995472,7909.245078978531,8289.86933775607,8829.422589704229,9814.497919675523,10666.62087762436,11453.212347724306,12535.127683123577,13488.12439501788,12573.348201747109,13248.921262309666,13938.538597816156,14162.991090639882,14993.68914178656,15293.931317753688,15246.994403615958,14876.117200496396,14617.23522306948,14375.69965899418,14591.863053672938,14900.086225883259,14927.761341949892,14541.860309211166,15110.414666476028,15602.973320759662,15438.793702358347,15727.47354347442,15717.04638162002,15374.862626536882,15604.033994424226,15857.416193085643,16005.951156971109,16501.031649131823,16973.82937140709,17358.434697829427,18002.90646139847,18742.42357806911,19548.36774473961,20632.25570419422,21688.105095955776,21880.526583580104,23220.53244191973,23973.693609131267,23923.88007313115,22878.134664439658,21547.724178239,19448.255802524982,17924.662049688624,17644.876663502073,17903.525244001194,17980.72982381374,18049.928997892017,18352.088446125785,18769.03896219764,19216.675957978474,17486.95133332298,19231.288880351654,20550.50491582973,21050.86481115808,21494.68560605987,21921.686274718402
datastructure,WB.DATA360:DS_DATA360(1.3),I,A,CEB,WB_WDI_NY_GDP_PCAP_KD,_T,_T,_T,USD_K_2015,_Z,_Z,_Z,_Z,CUR,2,WB_WDI,P1Y,0,A,PU,Annual,Central Europe and the Baltics,GDP per capita (constant 2015 US$),Total,All age ranges or no breakdown by age,Total,"US dollars, 2015 constant prices",Not Applicable,Not Applicable,Not Applicable,Not Applicable,Currency,Two,World Development Indicators (WDI),Annual,Units,Normal value,Public,,,,,,,,,,,,,,,,,,,,,,,,,,,,,,,6751.235968998344,6032.130599878825,5753.068077391501,5768.729022580473,5982.612907808085,6333.381681340711,6631.87841890302,6792.763210650534,6983.391185258465,7127.723651736705,7450.88371486209,7730.971372567351,8057.239101394453,8405.64953510181,8923.8782160842,9387.617456051043,10036.50977258232,10712.58515821857,11177.014673133432,10792.858773342985,10998.682371605011,11421.759651916633,11544.571327754145,11662.010734238926,12076.18238561671,12596.91511360034,12991.57421930951,13696.493179429905,14412.011545253292,15024.049490870446,14621.174024699298,15739.24413178253,16396.996639729237,16496.672877909194,16862.826109038804,17304.750889272804
datastructure,WB.DATA360:DS_DATA360(1.3),I,A,PAN,WB_WDI_NY_GDP_PCAP_KD,_T,_T,_T,USD_K_2015,_Z,_Z,_Z,_Z,CUR,2,WB_WDI,P1Y,0,A,PU,Annual,Panama,GDP per capita (constant 2015 US$),Total,All age ranges or no breakdown by age,Total,"US dollars, 2015 constant prices",Not Applicable,Not Applicable,Not Applicable,Not Applicable,Currency,Two,World Development Indicators (WDI),Annual,Units,Normal value,Public,2543.3887956899957,2738.9205762543447,2876.8569027655467,3029.187087754574,3068.9421603666597,3250.8237403445546,3394.6940811311965,3578.2539460753223,3718.613243880656,3918.908533892857,4074.7725619641683,4343.148600068576,4418.271677409134,4530.757532934971,4520.038879211416,4480.699450159223,4441.082630615325,4379.721139325108,4693.265411632531,4789.063600308075,5288.474557208003,5640.286416790432,5803.4055509020345,5413.925900211818,5432.1828643584195,5570.803090681119,5640.369893196884,5416.485164268167,4590.313091867215,4563.168823439364,4828.75878297145,5172.606919599952,5480.880622944998,5661.076258325978,5703.673389851358,5686.40441004349,5799.885600961335,6122.6466478840985,6504.970118817738,6709.722760884155,6856.149190058468,6787.8626789734835,6825.177474371661,7037.081657003492,7468.765931398013,7935.871350608215,8557.980177036403,9507.646410738544,10288.154991149253,10267.063315199344,10698.071763391103,11761.498854760359,12668.294547410489,13236.830675444859,13611.54908095592,14082.654850272787,14474.124363634935,15045.54564268271,15375.650085570336,15602.531520970882,12647.09142272787,14552.934527176767,15956.067108787272,16877.15434256459,17122.716879528925,17650.234153661382
datastructure,WB.DATA360:DS_DATA360(1.3),I,A,SYR,WB_WDI_NY_GDP_PCAP_KD,_T,_T,_T,USD_K_2015,_Z,_Z,_Z,_Z,CUR,2,WB_WDI,P1Y,0,A,PU,Annual,Syrian Arab Republic,GDP per capita (constant 2015 US$),Total,All age ranges or no breakdown by age,Total,"US dollars, 2015 constant prices",Not Applicable,Not Applicable,Not Applicable,Not Applicable,Currency,Two,World Development Indicators (WDI),Annual,Units,Normal value,Public,517.1305145120155,556.2543630603099,672.5607272583267,596.1976948703887,631.8614719216234,626.6273362985731,560.7062616455546,588.0168843217185,590.7094597381663,679.2571756468467,645.5741698912464,680.2055811267821,826.2099212474684,715.1597401829382,869.8456736317332,978.2906793703164,1061.234807623558,1006.9492440226132,1069.7452569947347,1043.217366274,1155.1276462400474,1204.0476218617514,1197.2494547924764,1183.9309969359986,1056.1241083031928,1114.9620591066341,991.1092125499152,973.6191279693096,1110.6213319582996,927.8056251009583,931.884004809498,972.284722031189,1065.2034769008162,1097.109154617972,1142.0626749939145,1188.1740389135036,1270.0497970539489,1299.2970827757233,1352.1263528765244,1271.3208224148482,1248.3834585756435,1264.3214079119955,1331.1257935312326,1307.4812498013143,1363.6138135408976,1411.6316668591967,1420.7201405210703,1411.6890969872934,1423.594073048332,1484.4071804915475,1526.3651859026063,1542.7190396110634,1142.2921506499433,884.3288169052619,847.6589098138555,847.7315453525824,802.9686079012629,795.8818171532163,792.4128647204415,771.5179482891918,753.1353057094769,746.0774587683892,716.9438439338559,,,
datastructure,WB.DATA360:DS_DATA360(1.3),I,A,ATG,WB_WDI_NY_GDP_PCAP_KD,_T,_T,_T,USD_K_2015,_Z,_Z,_Z,_Z,CUR,2,WB_WDI,P1Y,0,A,PU,Annual,Antigua and Barbuda,GDP per capita (constant 2015 US$),Total,All age ranges or no breakdown by age,Total,"US dollars, 2015 constant prices",Not Applicable,Not Applicable,Not Applicable,Not Applicable,Currency,Two,World Development Indicators (WDI),Annual,Units,Normal value,Public,,,,,,,,,,,,,,,,,,6062.49730867664,6310.855280341189,6795.6931906894915,7323.125855379089,7584.592527482956,7564.221823677108,7951.664825526486,8766.990576152204,9479.642511063721,10620.998192489287,11383.202467969571,12037.426533326505,12729.290432483325,13166.524117358156,13385.011436329456,13326.27287964956,13776.826413678094,14420.46939791943,13519.528771116595,14117.86791273334,14588.307984157562,14991.780261068401,15282.973398590697,15961.091835905803,15003.438916903362,14968.070301388256,15703.934714549147,16433.41305414829,17301.21343175177,19259.64865179069,20770.2689732844,20464.786306604976,17746.70085604098,16135.39738448699,15633.909113182119,15989.39001997786,15748.195202422616,15967.28499671196,16077.634076940634,16635.895232831048,16992.932749523585,18042.159643572733,18525.25889071669,14950.89423972081,16084.721440604813,17359.267481110808,17938.31868280469,18304.583676203747,19130.30229250541
datastructure,WB.DATA360:DS_DATA360(1.3),I,A,PRT,WB_WDI_NY_GDP_PCAP_KD,_T,_T,_T,USD_K_2015,_Z,_Z,_Z,_Z,CUR,2,WB_WDI,P1Y,0,A,PU,Annual,Portugal,GDP per capita (constant 2015 US$),Total,All age ranges or no breakdown by age,Total,"US dollars, 2015 constant prices",Not Applicable,Not Applicable,Not Applicable,Not Applicable,Currency,Two,World Development Indicators (WDI),Annual,Units,Normal value,Public,4066.967227074592,4257.653880171023,4506.635605922985,4752.125214846607,5049.218554524,5448.517258668318,5713.628380853936,6183.791749706916,6761.487899743474,6967.12459996009,7669.771951123536,8213.105045245196,8885.140731942853,9877.280454488096,9851.78068681759,9072.050937252094,9426.106999550959,9849.083602649356,10017.75798820543,10469.813614565688,10832.526844145796,10912.774350882348,11077.872959610311,11007.506132559409,10759.113077641618,11030.953441669137,11477.29659807636,12212.99850729231,13141.296619978373,14008.105957079919,14593.270605356864,15265.879301836598,15444.200616124592,15110.139255833925,15214.930753640834,15811.717136927939,16304.379446395864,16946.08686510795,17671.313508291234,18258.09117209429,18822.09330929374,19053.08994565903,19095.110247739798,18846.541189363186,19137.83708989491,19251.714506830045,19529.312210047658,19979.57062807921,20014.4749330004,19371.131887685497,19698.68367913974,19389.639589616218,18679.76267895936,18597.72146239644,18836.89679789059,19215.781301434683,19662.82312461998,20364.196273594596,20997.77459870127,21569.1874752919,19778.713952572198,20747.69907341633,22042.868028364705,22417.163406090614,22663.993126224977,22851.117921657235
datastructure,WB.DATA360:DS_DATA360(1.3),I,A,OSS,WB_WDI_NY_GDP_PCAP_KD,_T,_T,_T,USD_K_2015,_Z,_Z,_Z,_Z,CUR,2,WB_WDI,P1Y,0,A,PU,Annual,Other small states,GDP per capita (constant 2015 US$),Total,All age ranges or no breakdown by age,Total,"US dollars, 2015 constant prices",Not Applicable,Not Applicable,Not Applicable,Not Applicable,Currency,Two,World Development Indicators (WDI),Annual,Units,Normal value,Public,,,,,,,,,,,,,,,,4983.170528943134,5690.870080693414,6148.267195175369,6458.430652268252,7278.2896012565525,6951.820338586445,6314.98924625253,6392.727400985512,6346.227309669282,6409.223306036466,6421.560886383836,6431.444753150276,6696.125888013217,6773.209802452638,6831.217956662431,7041.270206102216,6865.111099681663,6599.550088147102,6589.917368648929,6720.0830732481645,6965.837447957054,7114.489301536713,7459.462391497142,7613.41865752936,7801.2774419796715,8345.850138912276,8462.077218214625,8607.045202132498,8857.864664485061,9162.013505462495,9484.436951843718,9957.089408708105,10374.844572202803,10341.128995405616,9697.483443566449,9827.792795230269,10048.952536280422,10062.23876503496,10035.650528322687,10136.414459849471,10359.116777392077,10667.349810190211,11078.920682682006,11423.956836889114,11766.368689451425,10967.167100196957,11725.948410404795,12090.277930740624,12357.387278889824,12591.767864675665,12852.422166209977
datastructure,WB.DATA360:DS_DATA360(1.3),I,A,VIR,WB_WDI_NY_GDP_PCAP_KD,_T,_T,_T,USD_K_2015,_Z,_Z,_Z,_Z,CUR,2,WB_WDI,P1Y,0,A,PU,Annual,Virgin Islands (U.S.),GDP per capita (constant 2015 US$),Total,All age ranges or no breakdown by age,Total,"US dollars, 2015 constant prices",Not Applicable,Not Applicable,Not Applicable,Not Applicable,Currency,Two,World Development Indicators (WDI),Annual,Units,Normal value,Public,,,,,,,,,,,,,,,,,,,,,,,,,,,,,,,,,,,,,,,,,,,43205.724674038844,43036.18151360216,44466.28721902161,46021.59057318189,47671.56718281197,49598.12590794275,50174.75289384729,46862.80760018739,47162.737557043074,43320.176769501006,36938.16820863512,34663.6460602129,34098.71099727385,34007.35294117647,34614.74826332468,34435.49444557559,35174.10199449856,36309.743844684235,35850.74331486531,37313.04849315309,36983.43106027204,,,
datastructure,WB.DATA360:DS_DATA360(1.3),I,A,AZE,WB_WDI_NY_GDP_PCAP_KD,_T,_T,_T,USD_K_2015,_Z,_Z,_Z,_Z,CUR,2,WB_WDI,P1Y,0,A,PU,Annual,Azerbaijan,GDP per capita (constant 2015 US$),Total,All age ranges or no breakdown by age,Total,"US dollars, 2015 constant prices",Not Applicable,Not Applicable,Not Applicable,Not Applicable,Currency,Two,World Development Indicators (WDI),Annual,Units,Normal value,Public,,,,,,,,,,,,,,,,,,,,,,,,,,,,,,,2866.4106071857886,2808.7274444490613,2141.34003837017,1621.918093956069,1284.955550734578,1120.3086779234357,1123.4479384450387,1177.1968599023194,1282.684137495029,1365.5658514702839,1504.731067060355,1640.9366454039787,1782.4731918363907,1949.6060841733129,2111.4533834475005,2674.368856499599,3556.832128581332,4412.203261179317,4778.12452736673,5118.433954946873,5300.110487290623,5149.206659132063,5193.175011195519,5425.995597805777,5508.602656126762,5500.503646284862,5272.718171418611,5229.252599934125,5261.929382344318,5346.9531860411425,5087.5002278362745,5349.582260714248,5599.585249710247,5668.610213170288,5876.032955339128,5935.533236325094
datastructure,WB.DATA360:DS_DATA360(1.3),I,A,DNK,WB_WDI_NY_GDP_PCAP_KD,_T,_T,_T,USD_K_2015,_Z,_Z,_Z,_Z,CUR,2,WB_WDI,P1Y,0,A,PU,Annual,Denmark,GDP per capita (constant 2015 US$),Total,All age ranges or no breakdown by age,Total,"US dollars, 2015 constant prices",Not Applicable,Not Applicable,Not Applicable,Not Applicable,Currency,Two,World Development Indicators (WDI),Annual,Units,Normal value,Public,17520.746503793463,18508.69645719481,19405.895686427033,19376.280335749136,21003.910992219204,21790.23123907675,22208.428916477624,23330.995160369803,24546.653853100033,26071.039946197652,26356.127023579545,27005.365072311175,27871.04354047656,29010.51914575827,28597.32230696953,28112.9709503213,29723.091105232623,30218.960041031936,30853.372010647243,32025.191349804067,31745.91678809714,31519.63581339612,32770.48672164829,33663.586470776936,35142.76745626782,36587.44529150003,38268.06839409586,38396.56707490755,38482.666359458555,38727.718376414305,39306.7939232431,39776.596177446656,40447.23282849579,40280.893586390885,42270.65208676152,43328.52934184386,44331.61996374435,45546.589615186436,46437.19210691751,47657.1731901716,49266.988275788644,49557.1509962227,49624.59653595817,49708.09090841091,50956.30453988138,52015.18411690207,53823.159029548166,54113.977147134116,53572.53465681847,50635.91180619885,51209.449275777486,51667.53132104252,51470.68984542696,51970.39093248062,52368.36259692723,53094.01336075736,54300.20396219914,55601.01457177868,56355.07330847141,57114.62273363469,55934.555594552316,59312.81580437706,59108.74493740683,59026.98436509993,60772.86242760411,62217.60779315641
datastructure,WB.DATA360:DS_DATA360(1.3),I,A,BLZ,WB_WDI_NY_GDP_PCAP_KD,_T,_T,_T,USD_K_2015,_Z,_Z,_Z,_Z,CUR,2,WB_WDI,P1Y,0,A,PU,Annual,Belize,GDP per capita (constant 2015 US$),Total,All age ranges or no breakdown by age,Total,"US dollars, 2015 constant prices",Not Applicable,Not Applicable,Not Applicable,Not Applicable,Currency,Two,World Development Indicators (WDI),Annual,Units,Normal value,Public,1556.528124937667,1592.328164089508,1628.3237164247362,1662.9387684816238,1696.2633617053925,1727.6618986935866,1755.8870613617999,1786.4303742054137,1860.5060264963424,1900.3936682589704,1947.28337120936,1990.2783800465104,2160.7311730314063,2244.524163795826,2514.282459429347,2560.6289676385527,2507.600677549921,2615.718356937211,2765.3933325355424,2911.044758657663,3187.4042657685063,3142.8446131348364,3062.0671990797396,2924.440593482126,2912.4123618248022,2874.3388627788677,2937.6470796029926,3180.9299168031525,3415.7025806128963,3775.4795508791017,4112.595175327133,4499.579712818623,4967.927104788433,5166.828673901651,5056.952011938315,4967.96153818049,4875.656750230612,4915.340340703904,4931.454991036162,5213.5662826521,5663.646323749731,5764.9905549110445,5895.152350378978,6274.4742827931295,6383.07432412662,6337.123892223781,6435.587673376783,6465.82885846045,6187.9588502365505,5997.684471563834,5937.75398343789,5802.243445314916,5902.7423469688065,6013.078798953625,6116.49578852783,6154.622642303688,6012.212969836682,5767.619219637624,5707.61059954436,5864.146118271087,5006.484532769355,5839.401579560165,6262.560882736742,6165.6941482593575,6290.492944527488,6373.941913244131
datastructure,WB.DATA360:DS_DATA360(1.3),I,A,SWE,WB_WDI_NY_GDP_PCAP_KD,_T,_T,_T,USD_K_2015,_Z,_Z,_Z,_Z,CUR,2,WB_WDI,P1Y,0,A,PU,Annual,Sweden,GDP per capita (constant 2015 US$),Total,All age ranges or no breakdown by age,Total,"US dollars, 2015 constant prices",Not Applicable,Not Applicable,Not Applicable,Not Applicable,Currency,Two,World Development Indicators (WDI),Annual,Units,Normal value,Public,16812.357523784805,17684.014160248807,18335.77706654318,19204.148453065536,20361.401786341365,20941.347403744887,21176.725959375748,21722.106027022182,22386.301604415323,23343.028375947295,24623.249431809003,24685.40708905599,25175.886708447946,26129.78394995878,26887.334670869666,27464.404961073596,27654.24940232052,27116.339087104458,27511.080785043112,28505.23427597792,28931.02641637282,29027.782414392273,29373.4380991971,29918.17292359175,31155.24907438474,31775.79125770926,32555.17916844346,33534.94283099815,34235.40748217329,34910.59519300635,34903.34804010063,34268.97439983458,33673.84898755645,32787.28104555178,33862.422171196675,35064.41388021293,35605.45375074661,36675.75065433429,38211.72330908322,39786.02719025554,41561.77476358573,42014.402230250584,42831.75841037742,43475.36554332211,45114.6701230708,46189.68284205555,48078.35201100842,49262.15291654505,48428.658708175084,45974.391115125414,48205.54925127422,49356.590525704654,48789.790688363704,48928.49941412906,49557.61836479587,51188.165212049265,51626.323531236936,51894.37481778076,52203.08725897606,53024.40994943172,51624.58117895726,53997.133706879926,54304.18775010333,53937.79671224295,54316.26193297184,55014.381461693156
datastructure,WB.DATA360:DS_DATA360(1.3),I,A,LVA,WB_WDI_NY_GDP_PCAP_KD,_T,_T,_T,USD_K_2015,_Z,_Z,_Z,_Z,CUR,2,WB_WDI,P1Y,0,A,PU,Annual,Latvia,GDP per capita (constant 2015 US$),Total,All age ranges or no breakdown by age,Total,"US dollars, 2015 constant prices",Not Applicable,Not Applicable,Not Applicable,Not Applicable,Currency,Two,World Development Indicators (WDI),Annual,Units,Normal value,Public,,,,,,,,,,,,,,,,,,,,,,,,,,,,,,,7622.698598949148,6694.199207882414,4607.113989591294,4464.721375281241,4639.505756118371,4661.668400924509,4822.904148611247,5317.979976049791,5719.989182814806,5929.267672378253,6336.3829670798705,6833.435432315701,7443.229446590585,8149.00183600084,8957.233935550817,10106.262615773163,11507.46482656584,12810.040950254239,12506.694504101246,10675.425174228005,10500.86662230144,11018.515242158346,11971.010746652242,12353.538613530114,12731.677195934162,13321.975314061563,13787.33674400234,14382.86127271338,15120.069817180374,15328.385993329515,14900.729571886579,16070.168003232235,16421.37485959996,16229.384452024513,16376.256524579712,16892.36607137448
datastructure,WB.DATA360:DS_DATA360(1.3),I,A,CSS,WB_WDI_NY_GDP_PCAP_KD,_T,_T,_T,USD_K_2015,_Z,_Z,_Z,_Z,CUR,2,WB_WDI,P1Y,0,A,PU,Annual,Caribbean small states,GDP per capita (constant 2015 US$),Total,All age ranges or no breakdown by age,Total,"US dollars, 2015 constant prices",Not Applicable,Not Applicable,Not Applicable,Not Applicable,Currency,Two,World Development Indicators (WDI),Annual,Units,Normal value,Public,4472.129674201605,4799.039972595991,4951.983174341965,4949.095132456264,5240.660384551594,5504.968676960518,5772.218943896931,6045.072215927896,6302.362686047664,6561.191121162991,6599.551278458729,6660.775645945436,6651.032587221861,6751.969827612508,6497.93251839268,6333.935565408032,6618.486569370351,7005.883758918036,7504.190652276896,8004.852509238815,8356.22133289694,8321.45829990694,8298.871779321948,7943.865107524386,8038.073148128116,8060.2965287471525,8103.626571220701,8057.322441270773,8141.327140410796,8345.72787265146,8270.377824541982,8213.021332456447,8313.565446564438,8288.15260018,8499.029805297549,8686.542367101949,9033.9614694402,9371.358025354988,9751.257497918756,10160.477217434876,10553.706260706145,10690.370219164352,11027.35984010945,11605.423881257635,12056.913947383731,12683.325523301304,13597.138177763109,14030.050559407264,14177.692246487417,13623.530413242457,13697.426436056843,13731.321875881313,14203.82555395219,14327.575113615501,14600.72976732398,14497.879862534708,13962.430328290568,13778.886010067989,13827.920765953315,13836.181058669748,12507.601273400489,13353.216899461686,15259.851605059293,16520.506662977536,18643.373806274638,20052.889699468895
datastructure,WB.DATA360:DS_DATA360(1.3),I,A,DZA,WB_WDI_NY_GDP_PCAP_KD,_T,_T,_T,USD_K_2015,_Z,_Z,_Z,_Z,CUR,2,WB_WDI,P1Y,0,A,PU,Annual,Algeria,GDP per capita (constant 2015 US$),Total,All age ranges or no breakdown by age,Total,"US dollars, 2015 constant prices",Not Applicable,Not Applicable,Not Applicable,Not Applicable,Currency,Two,World Development Indicators (WDI),Annual,Units,Normal value,Public,2388.420078665128,2027.2735152594037,1604.4877383455696,2122.4310918968945,2209.9069785732686,2311.7397461139394,2161.491339301079,2313.258587638296,2505.3140967933327,2655.443288338844,2826.241462487811,2449.9522685977186,3050.822166417468,3093.380555073118,3245.607994887014,3290.8276011469075,3408.0182082002075,3459.303996207088,3672.1177795622248,3830.809592192566,3742.71024718729,3731.9390538947705,3840.5753859688202,3912.936591240384,3993.395405130376,4002.5561941531846,3888.364758729163,3746.1656671369324,3606.268388016563,3666.853078795949,3605.6870121260827,3478.509762691761,3455.9293629416215,3302.919505686341,3201.5691440256583,3255.1872686956126,3322.955381414745,3297.4660336126503,3410.8825440164405,3471.4919627649674,3553.324205219913,3610.0060563198313,3754.660815384459,3945.898160940073,4066.282048064954,4223.602521339427,4279.615471208265,4339.250557728312,4367.565380175414,4336.1005405294945,4456.610274164303,4501.354301335197,4518.439789564638,4543.234440067668,4634.1014917995235,4685.059027290017,4768.7314008102685,4742.900755325293,4717.003588536104,4672.664086786354,4363.685337677834,4456.74687637774,4544.466880603715,4660.4054568789525,4765.729001683865,4882.795914543355
datastructure,WB.DATA360:DS_DATA360(1.3),I,A,TUV,WB_WDI_NY_GDP_PCAP_KD,_T,_T,_T,USD_K_2015,_Z,_Z,_Z,_Z,CUR,2,WB_WDI,P1Y,0,A,PU,Annual,Tuvalu,GDP per capita (constant 2015 US$),Total,All age ranges or no breakdown by age,Total,"US dollars, 2015 constant prices",Not Applicable,Not Applicable,Not Applicable,Not Applicable,Currency,Two,World Development Indicators (WDI),Annual,Units,Normal value,Public,,,,,,,,,,,2435.174747014893,2387.334408651951,2337.9027036154653,2297.208932938031,2203.958166975129,2066.0681277616673,1956.7979117812883,1804.1390924182476,1702.0884197747873,1641.7653599053526,1590.9607503068414,1597.6277548321352,1317.700011048806,1412.9006993372006,1496.605015260616,1442.8474686770137,1731.913772882,1908.4256976957276,2237.5919321544175,2157.534187987333,2450.7972603626836,2502.2771651709345,2540.756271821302,2619.6951838203904,2863.6711117614564,2698.960680508911,2521.2212691416757,2756.3140338899193,3166.39547155271,3102.1067626385025,3056.5510198312218,3043.1590792060483,3320.168581549122,3152.228220397957,3042.612852996505,2864.905241602081,2900.927101558193,3069.6736818407685,3230.2210952171513,2987.8039793999337,2879.2964572035235,3028.2511217060955,2922.076299638486,3030.552851898574,3035.2432559847243,3357.8341770007055,3558.6121297065188,3666.2018970003815,3757.8599728474187,4345.9960645331485,4233.0183205633975,4396.0489448847775,4515.297015174917,4773.340855266723,,
datastructure,WB.DATA360:DS_DATA360(1.3),I,A,IRL,WB_WDI_NY_GDP_PCAP_KD,_T,_T,_T,USD_K_2015,_Z,_Z,_Z,_Z,CUR,2,WB_WDI,P1Y,0,A,PU,Annual,Ireland,GDP per capita (constant 2015 US$),Total,All age ranges or no breakdown by age,Total,"US dollars, 2015 constant prices",Not Applicable,Not Applicable,Not Applicable,Not Applicable,Currency,Two,World Development Indicators (WDI),Annual,Units,Normal value,Public,8523.762191868434,8964.639519901493,9214.972480865004,9596.021652137657,9911.030375131637,10064.910114066604,10114.373933169694,10649.242433364157,11475.365078856248,12077.428526028158,12295.612549989486,12574.28631825328,13192.797414785831,13595.866937777459,13942.181627387235,14490.450187254019,14472.49652176546,15450.21686871183,16327.278187307274,16606.29717749561,16921.79574643902,17280.927005677215,17509.211754621916,17343.048049719644,17986.41972140797,18511.75518737216,18424.09030296134,19281.223219611096,20374.15570060308,21644.28876027142,23456.999356198023,23772.566305861157,24400.306440245105,24932.37705427237,26263.709175235264,28646.817621989838,30518.40393363619,33543.994297565674,36105.91848374559,39460.47586550091,42599.48039213193,44151.15360325575,45974.48819888424,46594.86202676163,48856.3238587396,50547.212372976304,51656.819485588734,52849.69484294582,49461.159428135266,46466.37942692225,46991.6464673949,47539.91817399676,47147.16046694206,47928.03464870052,52044.620118188664,64250.138518125656,64205.979777350985,69748.62210340142,74029.05506114359,76485.63585465105,80927.936475395,92781.23221507859,97793.53666716968,93541.96436783814,94474.9879707069,104416.83204021974
datastructure,WB.DATA360:DS_DATA360(1.3),I,A,MNE,WB_WDI_NY_GDP_PCAP_KD,_T,_T,_T,USD_K_2015,_Z,_Z,_Z,_Z,CUR,2,WB_WDI,P1Y,0,A,PU,Annual,Montenegro,GDP per capita (constant 2015 US$),Total,All age ranges or no breakdown by age,Total,"US dollars, 2015 constant prices",Not Applicable,Not Applicable,Not Applicable,Not Applicable,Currency,Two,World Development Indicators (WDI),Annual,Units,Normal value,Public,,,,,,,,,,,,,,,,,,,,,,,,,,,,,,,,,,,,,,4448.042496395696,4680.263620260273,4251.9414536023405,4391.367535818007,4421.83790075206,4488.005067870316,4581.104850109726,4775.396615994008,4967.682850961176,5386.535807279816,5763.037652441579,6149.682692289132,5768.65438505628,5917.915107299772,6110.657268802152,5948.376325390141,6138.248652751992,6272.088217613547,6421.000057314188,6634.381972010028,6840.908341012238,7159.467784332518,7470.29237568568,6351.951879493132,7198.301226544097,7773.599587910738,8278.024610062623,8540.004277622518,8779.9654133509
datastructure,WB.DATA360:DS_DATA360(1.3),I,A,LMY,WB_WDI_NY_GDP_PCAP_KD,_T,_T,_T,USD_K_2015,_Z,_Z,_Z,_Z,CUR,2,WB_WDI,P1Y,0,A,PU,Annual,Low & middle income,GDP per capita (constant 2015 US$),Total,All age ranges or no breakdown by age,Total,"US dollars, 2015 constant prices",Not Applicable,Not Applicable,Not Applicable,Not Applicable,Currency,Two,World Development Indicators (WDI),Annual,Units,Normal value,Public,812.8498911755081,809.7180603645821,823.0110894279253,841.04421483891,885.6266307744212,916.3757011594154,936.8608636513183,943.109021652349,976.1800631833225,1028.186225310501,1082.2588068648756,1119.9412209077054,1159.6894881113121,1210.252408777124,1253.0742775386793,1277.536583510855,1328.6323843198113,1360.9373063736343,1381.4770434380475,1413.7966033854595,1447.865606244911,1444.4842237549753,1454.0956375645533,1443.6970203090439,1479.4227234832263,1512.392959182735,1535.7798230856154,1573.5818535292408,1604.7426395826644,1616.3124587647337,1633.440005771456,1649.2062630172427,1687.3561043695245,1738.7886122765324,1794.6315259362743,1844.7891536074678,1925.3825070549615,2000.38706289156,2031.9635893376642,2071.124737172756,2151.7697408465806,2196.3680493614825,2264.730903509018,2360.95764512632,2507.181979556361,2653.820144619896,2831.529183944602,3039.026491395765,3174.81724219519,3254.9168483870735,3469.805900957636,3638.5532660816157,3784.7509683990706,3942.479436221011,4089.1993371999874,4223.777428910024,4363.464322627055,4534.5473453150125,4699.02853867183,4833.031781694142,4723.437432755831,5019.2339079533795,5170.6906311666,5358.983409019792,5539.328954434569,5731.832177042241
datastructure,WB.DATA360:DS_DATA360(1.3),I,A,EAR,WB_WDI_NY_GDP_PCAP_KD,_T,_T,_T,USD_K_2015,_Z,_Z,_Z,_Z,CUR,2,WB_WDI,P1Y,0,A,PU,Annual,Early-demographic dividend,GDP per capita (constant 2015 US$),Total,All age ranges or no breakdown by age,Total,"US dollars, 2015 constant prices",Not Applicable,Not Applicable,Not Applicable,Not Applicable,Currency,Two,World Development Indicators (WDI),Annual,Units,Normal value,Public,1068.0111976431358,1090.2462820678172,1106.8482207918812,1135.6588241196735,1200.3087806630442,1241.8409677807886,1263.3074151645928,1301.0118310174814,1360.8309210567825,1414.7635245716992,1496.2747762524134,1538.7186777610302,1602.2786456403933,1673.4150249220386,1743.3736942757334,1749.9842900556587,1827.0992515936564,1854.7293657616738,1849.8213714575481,1878.1841736980084,1890.0746961809546,1908.1945143580308,1868.5214803897532,1827.0004306617052,1819.220566311543,1792.6134752932367,1775.6348324127157,1783.3299722722397,1797.148695844753,1789.6935719714604,1835.1325022661745,1872.1511204984379,1906.7470548705726,1932.429262891716,1957.6533428930932,1967.4278418568863,2036.9835806344406,2095.107774685197,2103.5097890343604,2109.6528862547475,2160.7434640750757,2146.840950895363,2146.2408468896197,2214.0147650309264,2314.666774876645,2411.9589726098593,2517.937974355265,2620.134805644558,2668.7715803796627,2644.3290828306754,2769.8766416943577,2862.4753902121884,2939.375931580742,3013.93253830751,3091.3641287625956,3178.86716124226,3266.957039945969,3370.8678026104467,3450.3028984438574,3485.8354025058284,3296.205122220105,3506.5028630728066,3676.3765412703374,3783.3136499138295,3884.3893177088376,4008.5821646944332
datastructure,WB.DATA360:DS_DATA360(1.3),I,A,MDG,WB_WDI_NY_GDP_PCAP_KD,_T,_T,_T,USD_K_2015,_Z,_Z,_Z,_Z,CUR,2,WB_WDI,P1Y,0,A,PU,Annual,Madagascar,GDP per capita (constant 2015 US$),Total,All age ranges or no breakdown by age,Total,"US dollars, 2015 constant prices",Not Applicable,Not Applicable,Not Applicable,Not Applicable,Currency,Two,World Development Indicators (WDI),Annual,Units,Normal value,Public,812.2503618904552,807.5400731518146,804.713147422012,776.8840578256411,787.0589496039527,763.4036706394716,758.9282051371017,779.7160627869513,810.5066908574001,817.5629218682753,836.5408817140485,844.493878879637,809.5241188838364,765.2170076129614,757.5323928320023,744.3100958664877,699.9879248207625,695.1492197610861,656.3983695966542,699.4854809076136,685.1006897615207,599.7810476903509,571.2304614028326,559.6611688996721,553.1310099387474,543.513684745557,538.4919526066615,529.5091059980871,532.0334695882401,537.8404310335292,538.5362750565695,489.71609812001276,480.81093244498817,476.15973332638123,461.39766570946387,454.5379466327813,449.6280870805998,451.3031993708314,453.8861747688718,460.03438999657106,465.52950982702055,478.40561494986963,406.70122213637006,433.60104030121363,443.2786549859671,450.95523091122834,461.54033789772893,473.7854623284488,490.96393538951804,457.78975486606834,447.41714303068676,441.7551584141205,442.6415001235433,440.6746589036283,443.3438699082055,445.32006948056755,451.1565943314605,456.8518595740305,459.3303677995432,467.2774134964799,422.9242554223186,431.5991030777461,438.43811210231496,445.8741020522671,453.95780965399183,456.5096793480052
datastructure,WB.DATA360:DS_DATA360(1.3),I,A,ZAF,WB_WDI_NY_GDP_PCAP_KD,_T,_T,_T,USD_K_2015,_Z,_Z,_Z,_Z,CUR,2,WB_WDI,P1Y,0,A,PU,Annual,South Africa,GDP per capita (constant 2015 US$),Total,All age ranges or no breakdown by age,Total,"US dollars, 2015 constant prices",Not Applicable,Not Applicable,Not Applicable,Not Applicable,Currency,Two,World Development Indicators (WDI),Annual,Units,Normal value,Public,3993.4367965204237,4032.2227245036966,4155.85711467972,4329.07391977209,4532.234305487726,4664.096991077862,4722.499420079254,4906.856850863781,4953.800648331265,5029.646913627568,5135.561502689496,5200.743218082695,5137.376924377119,5220.821766436057,5385.831336779313,5327.518434734535,5301.986395758952,5155.68575875517,5168.069303141041,5220.725056581873,5399.540678711871,5498.592033849747,5291.382610975862,5015.371423721657,5091.719363659166,4865.056940857873,4712.818694642393,4664.130116139612,4714.2228417462375,4687.291051901998,4544.230232121646,4396.360694505433,4225.814328485004,4193.598261353449,4258.261847334079,4337.29729686998,4465.506498548066,4527.049924038771,4494.85711232358,4552.850079730307,4700.875555007041,4786.482450462999,4916.814980686249,5011.622231501694,5187.356834240336,5406.075813776378,5650.988317654902,5891.420694216981,6009.719631386346,5847.058110845047,5953.945065128211,6067.12482726885,6121.557838607126,6170.876708633726,6155.005894625161,6112.273824859742,6095.295060428005,6125.6920507497025,6117.270140604696,6032.829725986681,5569.584833192716,5750.909374795845,5786.865053447359,5756.550494531214,5715.475314691478,5713.119187876702
datastructure,WB.DATA360:DS_DATA360(1.3),I,A,LUX,WB_WDI_NY_GDP_PCAP_KD,_T,_T,_T,USD_K_2015,_Z,_Z,_Z,_Z,CUR,2,WB_WDI,P1Y,0,A,PU,Annual,Luxembourg,GDP per capita (constant 2015 US$),Total,All age ranges or no breakdown by age,Total,"US dollars, 2015 constant prices",Not Applicable,Not Applicable,Not Applicable,Not Applicable,Currency,Two,World Development Indicators (WDI),Annual,Units,Normal value,Public,27862.67583481699,28667.306731177272,28703.04794850299,29383.29085127941,31341.561923164798,30759.286542573358,30876.37961967147,30841.69178770953,32050.269147603307,35074.27989209358,35515.722452267364,36116.93051537041,38035.79787746111,40744.99696103652,41911.2430319972,38731.6570541752,39517.17316796195,40067.85923572909,41625.854469634905,42502.55523165851,42707.64945950922,42347.33751681417,42791.26215939121,44058.63623776462,46736.45434931357,47948.443419129355,52499.507297602846,54221.21125558992,58384.91528713707,63485.01971516828,66030.64783069366,70783.80404365314,71120.79110067585,73120.15043092448,74887.19411123672,74900.14972465753,74920.56236218117,77997.20163455122,82174.36060823547,87700.51255290055,92533.13937564786,94249.16258534776,96275.03213148708,97603.40281372755,100296.95699662768,101226.1096317913,105618.33285332345,112422.14649373504,110096.65668308575,104576.12219543387,106545.85491621753,105292.01234607362,104489.29808332825,105340.41498623049,105585.40176749245,105462.01258442263,108351.45219444885,107142.05542834976,106788.66120275638,107591.89950524757,105274.18226074362,110873.11526902093,107467.12396530661,105422.76466019187,104147.11129158821,103292.14470363621
datastructure,WB.DATA360:DS_DATA360(1.3),I,A,LCN,WB_WDI_NY_GDP_PCAP_KD,_T,_T,_T,USD_K_2015,_Z,_Z,_Z,_Z,CUR,2,WB_WDI,P1Y,0,A,PU,Annual,Latin America & Caribbean,GDP per capita (constant 2015 US$),Total,All age ranges or no breakdown by age,Total,"US dollars, 2015 constant prices",Not Applicable,Not Applicable,Not Applicable,Not Applicable,Currency,Two,World Development Indicators (WDI),Annual,Units,Normal value,Public,3336.0984997885125,3440.6284326019263,3497.345109516597,3475.3739470274936,3633.909238200892,3734.916491054653,3811.067000969444,3871.6953654004765,4042.743302931552,4201.411436415794,4368.76895644875,4546.845591650117,4746.074683276017,5002.059166306993,5181.217784571605,5243.461496185095,5406.367326412725,5544.318257553254,5660.6871032935705,5930.3926299567665,6163.500195404668,6100.378438817447,5965.882229918085,5693.126998366737,5792.788376305562,5846.704229972609,5933.467023191811,6011.790976747974,5942.552353611946,5900.59354487689,5780.341723136243,5855.464099215691,5905.374905959706,6050.452273408587,6247.927837396603,6202.562954511528,6339.818042819417,6580.433091603952,6667.953493143808,6601.958654717895,6741.981653151291,6684.044878812537,6609.443597890802,6668.851963823992,6962.748107277344,7160.689174343296,7448.513908945304,7751.397237736219,7945.573203531233,7676.111019801241,8060.064106219541,8324.64861785153,8454.76965680889,8594.860595328813,8610.208979981255,8546.917902380193,8404.73192746461,8458.437136792309,8489.653310627578,8447.711774216985,7812.957299802924,8317.643300392188,8606.554277616442,8736.176803857228,8871.536016694732,9017.478739595257
datastructure,WB.DATA360:DS_DATA360(1.3),I,A,SXM,WB_WDI_NY_GDP_PCAP_KD,_T,_T,_T,USD_K_2015,_Z,_Z,_Z,_Z,CUR,2,WB_WDI,P1Y,0,A,PU,Annual,Sint Maarten (Dutch part),GDP per capita (constant 2015 US$),Total,All age ranges or no breakdown by age,Total,"US dollars, 2015 constant prices",Not Applicable,Not Applicable,Not Applicable,Not Applicable,Currency,Two,World Development Indicators (WDI),Annual,Units,Normal value,Public,,,,,,,,,,,,,,,,,,,,,,,,,,,,,,,,,,,,,,,,,,,,,,,,,,37548.94746274406,38403.07052016641,39615.13713673382,39298.98735678268,38889.77150880349,38623.199940581915,37839.62838151634,37428.70275570685,33945.4185182499,31047.72410506261,33877.97664546701,28920.377300715933,29834.635006838253,33523.604204273695,34300.96304143483,34840.18081334577,35554.784071200265
datastructure,WB.DATA360:DS_DATA360(1.3),I,A,KAZ,WB_WDI_NY_GDP_PCAP_KD,_T,_T,_T,USD_K_2015,_Z,_Z,_Z,_Z,CUR,2,WB_WDI,P1Y,0,A,PU,Annual,Kazakhstan,GDP per capita (constant 2015 US$),Total,All age ranges or no breakdown by age,Total,"US dollars, 2015 constant prices",Not Applicable,Not Applicable,Not Applicable,Not Applicable,Currency,Two,World Development Indicators (WDI),Annual,Units,Normal value,Public,,,,,,,,,,,,,,,,,,,,,,,,,,,,,,,5557.082157369775,4910.153241191347,4635.421546540725,4223.128202315404,3740.978108920244,3498.5145436422904,3583.3690842333062,3728.9638651968858,3750.5649456265874,3899.6572313977827,4269.330167827909,4822.5286280266855,5267.699032026304,5724.431992480542,6233.294393733068,6787.411554878899,7450.396870626147,8036.875998115046,8216.521815895847,8218.399125560478,8704.706554845556,9223.302133631498,9531.914776170577,9959.725869305339,10226.710053968292,10196.122625598211,10151.423313301964,10404.271864631697,10670.21201482792,10989.684071838816,10565.035981623536,10873.391527527603,11058.348241340698,11453.395272536261,11872.784262629844,12492.139267913084
datastructure,WB.DATA360:DS_DATA360(1.3),I,A,TJK,WB_WDI_NY_GDP_PCAP_KD,_T,_T,_T,USD_K_2015,_Z,_Z,_Z,_Z,CUR,2,WB_WDI,P1Y,0,A,PU,Annual,Tajikistan,GDP per capita (constant 2015 US$),Total,All age ranges or no breakdown by age,Total,"US dollars, 2015 constant prices",Not Applicable,Not Applicable,Not Applicable,Not Applicable,Currency,Two,World Development Indicators (WDI),Annual,Units,Normal value,Public,,,,,,,,,,,,,,,,,,,,,,,,,,1417.6682223417117,1420.2019777108567,1355.7384975034258,1491.0738944845189,1353.8533665124548,1312.9470131803394,1188.374612699516,827.5868846232684,682.7272593172685,528.0482173682897,452.9043853944653,369.934883507426,371.6612431444544,389.08974666402173,401.4063817879082,429.53730098464297,461.68119576025646,501.8085664711703,546.391479808684,590.9571113856994,618.3337025885769,649.1633287553342,686.4809019241304,726.1854913382687,739.2128785263311,770.6041053937912,809.3682291540932,849.5190808317377,889.8823830999792,925.970961482804,956.916310930656,997.3526145567084,1042.2639175764189,1094.8002018220973,1148.3467671249266,1171.90127480359,1254.0699959230624,1325.7554529084937,1407.107543622102,1496.3381339503744,1592.5865137575329
datastructure,WB.DATA360:DS_DATA360(1.3),I,A,MLT,WB_WDI_NY_GDP_PCAP_KD,_T,_T,_T,USD_K_2015,_Z,_Z,_Z,_Z,CUR,2,WB_WDI,P1Y,0,A,PU,Annual,Malta,GDP per capita (constant 2015 US$),Total,All age ranges or no breakdown by age,Total,"US dollars, 2015 constant prices",Not Applicable,Not Applicable,Not Applicable,Not Applicable,Currency,Two,World Development Indicators (WDI),Annual,Units,Normal value,Public,,,,,,,,,,,3133.2433387724404,3209.602680257178,3399.7976746682916,3543.6871418875758,3901.9799286461325,4631.074896878317,5391.64338792318,6025.004258894955,6628.1108582625675,7249.595194761972,7679.717301149612,7875.922977380453,7884.88867120687,7726.921634833163,7798.109969578231,7860.405328804154,8030.488441206514,8303.209016611045,8928.254412267848,9564.956049508872,10067.747312527603,10413.174554377425,10789.761810896625,11161.192376841753,11682.151622244579,12336.785516647835,12719.00922974715,13286.710775975582,13877.247753563279,14446.349242486242,17178.36936211735,16920.722974351287,17255.42177097261,17775.418093655077,17728.357605098157,18123.260187334556,18479.204378514703,19342.316278394137,20064.451789554718,19635.906718672497,20750.63824775683,20867.921302208415,21529.388264377772,22626.48768438868,23866.05558335569,25529.669321067322,25969.4999809345,28546.646494310444,29536.791386894918,29522.64801650284,27861.807321480028,31419.503171469325,31447.39173154184,33429.817209233646,34501.78927270943,35196.83293845801
datastructure,WB.DATA360:DS_DATA360(1.3),I,A,COD,WB_WDI_NY_GDP_PCAP_KD,_T,_T,_T,USD_K_2015,_Z,_Z,_Z,_Z,CUR,2,WB_WDI,P1Y,0,A,PU,Annual,"Congo, Dem. Rep.",GDP per capita (constant 2015 US$),Total,All age ranges or no breakdown by age,Total,"US dollars, 2015 constant prices",Not Applicable,Not Applicable,Not Applicable,Not Applicable,Currency,Two,World Development Indicators (WDI),Annual,Units,Normal value,Public,1302.8434590348147,1131.9877258645242,1336.699808934406,1369.6008215416764,1300.8958995997991,1278.2507940307173,1326.4877135679383,1275.648000123371,1292.4576202688052,1372.7215876307293,1330.801917387133,1372.6715866208447,1338.804773189045,1409.5096005022633,1415.3013778405034,1309.6169406218091,1208.4399218396456,1187.22781798447,1089.431390118441,1056.3276492832451,1046.198841879981,1040.0524365530803,1004.689176862449,987.0786124020518,1007.5315807596982,979.2298762349515,993.6290634351717,988.5441793067694,961.8856341137615,920.1591219576343,831.66294744097,736.6912154682171,637.4368833355609,532.2144506157663,487.8146014825764,471.2542166808151,457.55178560577764,424.9666097327908,406.85928763555694,376.62289345088845,339.5268222241601,322.03392002649366,321.54784818930455,329.7095365418765,341.7149257527656,351.70848641168317,358.454382275579,377.6228300558604,393.6405178986153,383.7262545412172,403.7223738785253,389.11930844976223,408.9662328162881,464.52671546049373,481.8302418837761,495.8266330148833,480.4613778804748,482.8546821285406,495.3121057110268,482.5242951294715,470.8529500009291,485.1608059297844,513.5127043721666,539.4591263791301,554.1176099626277,567.5603250263619
datastructure,WB.DATA360:DS_DATA360(1.3),I,A,NPL,WB_WDI_NY_GDP_PCAP_KD,_T,_T,_T,USD_K_2015,_Z,_Z,_Z,_Z,CUR,2,WB_WDI,P1Y,0,A,PU,Annual,Nepal,GDP per capita (constant 2015 US$),Total,All age ranges or no breakdown by age,Total,"US dollars, 2015 constant prices",Not Applicable,Not Applicable,Not Applicable,Not Applicable,Currency,Two,World Development Indicators (WDI),Annual,Units,Normal value,Public,327.1552399099572,327.1060423402287,326.93176136781403,326.6479351318573,344.3030033651822,333.2490806778508,349.35495153398057,336.66437257730627,331.7206170393606,339.09977305461365,340.30683335684813,328.9937299960263,331.96314433948487,323.26004591109205,336.306374003459,333.76929822543997,340.9061192574161,343.4033376545785,350.3057050454503,350.3204463640218,334.2191790073222,353.70081410500546,358.6099201014255,339.7783767466186,364.0323088496848,377.72535386023145,386.3405595612135,384.65963669697305,405.6389296890757,413.8940230640387,422.7247385758691,438.1561941959403,443.46204482167707,448.1309408737904,472.9510828243452,477.7410996133365,492.21242803194644,506.42687442421686,511.5487113202496,524.2725690930101,547.2210822736322,564.2862292039097,556.4384545387963,570.2896736342799,589.4699286861697,603.1901085709948,617.4776385887216,633.2261291365969,666.865095417138,692.4000008169188,721.2652213643022,742.6172526625764,775.3105784798393,801.0390608478565,846.6655417735989,875.5436354748624,875.188943730855,951.8572985636408,1021.9149220401141,1077.117964981876,1031.5361878393398,1062.788843062899,1113.5546234122342,1136.4276931196962,1179.954993110337,1233.605909169449
datastructure,WB.DATA360:DS_DATA360(1.3),I,A,ECU,WB_WDI_NY_GDP_PCAP_KD,_T,_T,_T,USD_K_2015,_Z,_Z,_Z,_Z,CUR,2,WB_WDI,P1Y,0,A,PU,Annual,Ecuador,GDP per capita (constant 2015 US$),Total,All age ranges or no breakdown by age,Total,"US dollars, 2015 constant prices",Not Applicable,Not Applicable,Not Applicable,Not Applicable,Currency,Two,World Development Indicators (WDI),Annual,Units,Normal value,Public,2391.6800425138263,2444.2590286818695,2492.2262273074466,2472.248967753176,2578.9593535503104,2586.0676173880197,2501.9155787773516,2540.6616917009146,2513.0021614312864,2553.059247471485,2648.6479863058357,2733.3159886415647,2787.378775761848,3085.0429035714724,3333.368608501175,3595.3451364444486,3754.4092138473643,3710.3059799415446,3815.9123533270367,3852.478421365092,3889.178171739429,3999.2219866679025,3918.960981027694,3804.5328185248236,3803.576989716452,3852.89105504248,3888.315072286607,3785.722280322711,3916.0101518615074,3866.1674771770427,3919.717580670927,4000.5681978767834,4000.0314619168585,3996.9937748181123,4087.340690119744,4100.687353410306,4093.841544763351,4192.8552320848285,4252.043486494751,3979.1929361151297,3953.398797283572,4049.0001889950972,4174.8979357996495,4220.212984666379,4430.2371798418835,4589.328492034524,4706.980568238164,4715.303598425548,4939.902150217888,4909.336817056835,5022.203743872045,5359.457246156387,5579.8562428215755,5893.321726830364,6055.041727614853,5976.159680565097,5849.135879336722,6104.272535217513,6063.095617877599,5971.389383867231,5355.689341964435,5815.094773909489,6107.494950065426,6165.409775556953,5993.7469775845375,6164.581398838086
datastructure,WB.DATA360:DS_DATA360(1.3),I,A,GIN,WB_WDI_NY_GDP_PCAP_KD,_T,_T,_T,USD_K_2015,_Z,_Z,_Z,_Z,CUR,2,WB_WDI,P1Y,0,A,PU,Annual,Guinea,GDP per capita (constant 2015 US$),Total,All age ranges or no breakdown by age,Total,"US dollars, 2015 constant prices",Not Applicable,Not Applicable,Not Applicable,Not Applicable,Currency,Two,World Development Indicators (WDI),Annual,Units,Normal value,Public,,,,,,,,,,,454.02189284901476,469.85300413562584,472.4760657739926,471.89091854232186,488.6222226436955,494.75500802877104,525.6938233010088,500.224866623139,525.8184572878475,510.9379036523843,515.0754982408148,508.55674699440084,507.4127550954377,503.2547000094456,499.09979023084423,511.8855027347284,514.9488271081473,518.460706253598,536.9351427907709,544.1252898368887,548.371534819426,540.622747465388,540.7682380176491,551.0067426547716,555.9627822861482,565.5533597495054,574.302865750492,591.7735301552597,601.9079930853732,611.0076858449668,614.1372350836383,628.3205548649361,650.5549639732907,644.0712179088938,645.1828433906887,651.3596068716035,645.4720019236535,673.6989974206261,684.7757803773655,660.7567013302843,675.7369173277077,696.199991395571,719.5059167945462,729.833143236326,738.2722744813078,747.3569667594476,807.2364210438877,867.907502577607,899.9073280451746,926.4222195485298,945.570903389665,973.646890096159,987.5025014653369,1016.880948003239,1045.9220747579245,1098.1402354172071
datastructure,WB.DATA360:DS_DATA360(1.3),I,A,DMA,WB_WDI_NY_GDP_PCAP_KD,_T,_T,_T,USD_K_2015,_Z,_Z,_Z,_Z,CUR,2,WB_WDI,P1Y,0,A,PU,Annual,Dominica,GDP per capita (constant 2015 US$),Total,All age ranges or no breakdown by age,Total,"US dollars, 2015 constant prices",Not Applicable,Not Applicable,Not Applicable,Not Applicable,Currency,Two,World Development Indicators (WDI),Annual,Units,Normal value,Public,,,,,,,,,,,,,,,,,,3222.034456028073,3545.9264549231643,2885.5951976827973,3266.2284271552344,3624.7500970988604,3789.8421398066394,3904.0708757365674,4085.355493728367,4161.424489548956,4476.868284452064,4784.91430397708,5189.2547537549635,5212.928461078499,5536.879016639225,5638.307330238199,5750.325413720847,5865.476471300408,5863.782837340114,6042.201965126245,6235.059174014747,6381.539652043383,6639.159460161256,6687.239877117334,6879.597372739179,6897.656740865178,6676.972714679568,7047.661895959456,7323.853000827505,7381.747285294527,7698.5370148382435,8106.189518783252,8682.573781797728,8582.714814357185,8574.273086822379,8553.838467010395,8532.34388117289,8459.658698802403,8576.26367623609,8282.598747021415,8499.522919031491,7985.6341102129,8261.16492553236,8624.516959935374,7302.944549512538,7738.317300703863,8590.922090698159,8946.988225880425,9172.710496247946,9500.631844561307
datastructure,WB.DATA360:DS_DATA360(1.3),I,A,PER,WB_WDI_NY_GDP_PCAP_KD,_T,_T,_T,USD_K_2015,_Z,_Z,_Z,_Z,CUR,2,WB_WDI,P1Y,0,A,PU,Annual,Peru,GDP per capita (constant 2015 US$),Total,All age ranges or no breakdown by age,Total,"US dollars, 2015 constant prices",Not Applicable,Not Applicable,Not Applicable,Not Applicable,Currency,Two,World Development Indicators (WDI),Annual,Units,Normal value,Public,2704.369499145845,2819.644486639574,3013.567792493991,3054.093416659863,3161.278658708714,3244.427524997681,3413.0055781989868,3445.5468919542664,3355.0683498130725,3377.2924266632226,3404.4874627353465,3474.0996868862776,3500.7831467080136,3625.433014112721,3866.663432178699,3933.702555772035,3893.418313497828,3811.697759746028,3619.693032470445,3674.961842994816,3797.436216115081,3909.666769344123,3805.244708888034,3325.45532400634,3361.2173802378065,3347.8274303464395,3578.0009133315957,3837.267698503213,3397.0163074205925,2912.6643430804,2706.922531568413,2709.2775451564694,2640.3137388021873,2723.2842310292044,2998.5769312551392,3158.983386447924,3186.9007702409162,3331.1515109329707,3258.2974620621817,3250.3780231894707,3286.2730847552334,3261.664250513599,3398.749914192974,3502.7916568764595,3640.602998697444,3835.1321927972194,4091.3626861558087,4407.791216864158,4778.526421723128,4801.171537405071,5167.392593259375,5453.45718713631,5740.0434627247205,6021.461427652321,6103.918647499693,6231.711503388939,6392.254749410137,6457.419402547214,6593.144374595259,6626.260834949689,5831.830247585214,6550.967475438716,6671.289020421373,6575.182955022283,6732.2777380957805,6890.972354020582
datastructure,WB.DATA360:DS_DATA360(1.3),I,A,AGO,WB_WDI_NY_GDP_PCAP_KD,_T,_T,_T,USD_K_2015,_Z,_Z,_Z,_Z,CUR,2,WB_WDI,P1Y,0,A,PU,Annual,Angola,GDP per capita (constant 2015 US$),Total,All age ranges or no breakdown by age,Total,"US dollars, 2015 constant prices",Not Applicable,Not Applicable,Not Applicable,Not Applicable,Currency,Two,World Development Indicators (WDI),Annual,Units,Normal value,Public,,,,,,,,,,,,,,,,,,,,,3186.739596716226,2937.551293481529,2831.4699419071517,2842.7653992986866,2903.7002703875673,2896.7830359931586,2874.8601842617695,2890.075475722998,2964.572344899236,2866.24611382809,2675.0523936933405,2612.3317051993254,2380.5827421400068,1752.7231866102982,1719.542944636656,1912.5177752077811,2099.350453832508,2176.877579839931,2203.9869270140243,2179.0642697319718,2172.4632671872637,2189.1735215804824,2404.977920717354,2403.4041515724166,2583.3241146150763,2843.3966357992094,3065.055762441547,3336.363324654908,3559.195225125382,3494.807244664682,3540.7915956868096,3528.16824373698,3682.3522932307487,3716.297187275968,3746.8161997893076,3641.7289392025277,3505.5963468179243,3378.0758810259817,3246.8785714099663,3105.599712426717,2847.24241578243,2788.1673708668504,2798.017173176881,2748.9519695424824,2798.5939279270788,2800.9578556544716
datastructure,WB.DATA360:DS_DATA360(1.3),I,A,TKM,WB_WDI_NY_GDP_PCAP_KD,_T,_T,_T,USD_K_2015,_Z,_Z,_Z,_Z,CUR,2,WB_WDI,P1Y,0,A,PU,Annual,Turkmenistan,GDP per capita (constant 2015 US$),Total,All age ranges or no breakdown by age,Total,"US dollars, 2015 constant prices",Not Applicable,Not Applicable,Not Applicable,Not Applicable,Currency,Two,World Development Indicators (WDI),Annual,Units,Normal value,Public,,,,,,,,,,,,,,,,,,,,,,,,,,,,2647.269287805341,2851.0443683265357,2652.8832649355654,3497.899200913865,3254.313374769879,2704.9819125566282,2685.8318410110724,2175.7260402872153,1983.1634448349103,2079.9975872017485,1811.894591604275,1908.0786382889755,2182.5013730307287,2256.4024032397697,2307.719560187352,2268.0282424461493,2296.7084230722285,2365.721902645033,2624.2315668840965,2858.532241435651,3115.9792751827963,3506.504536948339,3647.6781308375575,3902.542001186833,4383.143808725671,4762.660475363887,5131.140873285437,5535.50161297771,5759.497903834004,5979.476276610575,6221.419627590207,6460.130159208386,6719.323201577025,6964.3816288701555,7244.613858803409,7549.253019303561,7879.965597897158,8229.67261114232,8605.361498653894
datastructure,WB.DATA360:DS_DATA360(1.3),I,A,RWA,WB_WDI_NY_GDP_PCAP_KD,_T,_T,_T,USD_K_2015,_Z,_Z,_Z,_Z,CUR,2,WB_WDI,P1Y,0,A,PU,Annual,Rwanda,GDP per capita (constant 2015 US$),Total,All age ranges or no breakdown by age,Total,"US dollars, 2015 constant prices",Not Applicable,Not Applicable,Not Applicable,Not Applicable,Currency,Two,World Development Indicators (WDI),Annual,Units,Normal value,Public,333.16800954634834,310.17929668622924,336.74489038334144,296.8852238602194,253.9603029070417,264.74573257634705,275.38432899572445,285.6730118109508,296.3656980935072,318.9969031738356,327.99890069534297,322.2915708604141,313.9290674186694,315.4020136879217,310.6138782474464,295.238839588637,342.5479233561605,339.2090522639471,359.44530495093306,390.14978609931495,412.0744867299361,420.80044301086934,414.5948149753249,424.9720306998272,393.46965693038186,397.1633202028283,405.13071244231304,391.9745592502197,396.75999096229884,384.65620465863157,365.7249699942626,349.3456348409072,362.33767940399343,320.53046079207735,187.38014700736974,303.31886787912737,289.2379308327753,284.86213239658287,297.5713870315913,307.99726200079033,331.0966595378355,356.01764054509897,397.5586493634581,397.48038260260165,415.9438190003957,443.0080247473605,471.15085064244226,493.803359157317,534.6782986221609,553.6215185560474,579.419162804581,610.376236415572,647.4366138454873,661.8939694524936,682.7094990667948,725.6914186969522,748.7981320681735,765.845359390541,808.7048127521272,863.8720775831724,821.2571332827578,871.0418353041873,935.8948325426397,993.9110046435243,1043.1596149990646,1116.4699863381368
datastructure,WB.DATA360:DS_DATA360(1.3),I,A,ASM,WB_WDI_NY_GDP_PCAP_KD,_T,_T,_T,USD_K_2015,_Z,_Z,_Z,_Z,CUR,2,WB_WDI,P1Y,0,A,PU,Annual,American Samoa,GDP per capita (constant 2015 US$),Total,All age ranges or no breakdown by age,Total,"US dollars, 2015 constant prices",Not Applicable,Not Applicable,Not Applicable,Not Applicable,Currency,Two,World Development Indicators (WDI),Annual,Units,Normal value,Public,,,,,,,,,,,,,,,,,,,,,,,,,,,,,,,,,,,,,,,,,,,13054.636432689664,13201.734751616636,13291.535662685115,13284.279112887494,12794.756502171838,13092.311139340833,12809.46330796826,12342.057538401645,12446.30862650155,12521.809505864425,12068.26673749825,11871.793719272924,12203.089471428373,12727.41026513862,12665.28299212679,11930.77712368259,12412.602407456168,12524.016025228286,13194.274740128041,13233.578481734054,13709.097489547281,,,
datastructure,WB.DATA360:DS_DATA360(1.3),I,A,LDC,WB_WDI_NY_GDP_PCAP_KD,_T,_T,_T,USD_K_2015,_Z,_Z,_Z,_Z,CUR,2,WB_WDI,P1Y,0,A,PU,Annual,Least developed countries: UN classification,GDP per capita (constant 2015 US$),Total,All age ranges or no breakdown by age,Total,"US dollars, 2015 constant prices",Not Applicable,Not Applicable,Not Applicable,Not Applicable,Currency,Two,World Development Indicators (WDI),Annual,Units,Normal value,Public,,634.1505412638161,665.5850713970842,662.6402013132276,669.6011122796565,677.0811607458456,682.1438015144143,671.8185838526074,688.1601129117248,692.7868588132816,671.4053428992906,667.3784833134558,642.5041469919014,639.9991579963736,658.4260037346525,645.5910185554043,654.6627288069928,651.873825523525,645.7280393362131,640.7264950439536,638.3651541160424,639.1219172786139,629.4476467328014,622.8154924355935,620.7151415034814,614.7777148886476,618.9298495873278,628.5139646909494,630.5438009386969,625.6066227396633,609.6103162909404,605.730854051385,591.4162000842223,571.9017018701063,560.3132620972198,577.2481367121464,593.9342105420378,609.7741803335128,618.4476469236545,627.4543845187011,638.7171667058966,654.239496984006,672.7548766474063,690.0279934597419,717.7706544919827,752.6624441385388,785.2074779620373,822.8703752372029,855.844899163499,871.2596368620482,905.3939970380561,911.3156810484243,919.3080937087232,952.2184688720704,979.6694212732336,983.4149343670958,997.08869308831,1017.6940859132816,1040.2327317841136,1064.7772621838228,1037.7361123724843,1041.8186439315052,1066.5626026968273,1074.2916504331567,1090.5729252164695,1111.706166070559
datastructure,WB.DATA360:DS_DATA360(1.3),I,A,POL,WB_WDI_NY_GDP_PCAP_KD,_T,_T,_T,USD_K_2015,_Z,_Z,_Z,_Z,CUR,2,WB_WDI,P1Y,0,A,PU,Annual,Poland,GDP per capita (constant 2015 US$),Total,All age ranges or no breakdown by age,Total,"US dollars, 2015 constant prices",Not Applicable,Not Applicable,Not Applicable,Not Applicable,Currency,Two,World Development Indicators (WDI),Annual,Units,Normal value,Public,,,,,,,,,,,,,,,,,,,,,,,,,,,,,,,5111.3453296443,4735.927698089304,4840.168585491173,5008.349088863952,5262.315235224961,5671.895736747983,6012.9580643316585,6391.131728233762,6684.114777822339,6998.794751442893,7401.576976478477,7494.960895032462,7640.993077577768,7915.554243897037,8323.38773754587,8598.57681241557,9137.658508498005,9760.704260435197,10187.201791088335,10446.528913852375,10808.39756742376,11370.313427172998,11542.235336801397,11628.22868095249,12093.162278739426,12637.522032440615,13026.185898871834,13695.645284872391,14551.085027708908,15221.309062445382,15090.22284401132,16368.6239689025,17303.644943229963,17410.383013706578,18000.50345912854,18706.739312019727
datastructure,WB.DATA360:DS_DATA360(1.3),I,A,GHA,WB_WDI_NY_GDP_PCAP_KD,_T,_T,_T,USD_K_2015,_Z,_Z,_Z,_Z,CUR,2,WB_WDI,P1Y,0,A,PU,Annual,Ghana,GDP per capita (constant 2015 US$),Total,All age ranges or no breakdown by age,Total,"US dollars, 2015 constant prices",Not Applicable,Not Applicable,Not Applicable,Not Applicable,Currency,Two,World Development Indicators (WDI),Annual,Units,Normal value,Public,1100.7630521824196,1106.4945678553609,1124.5331641101113,1146.3728108040605,1144.1383273688368,1132.307026405236,1058.3234806035546,1064.8394180532603,1043.0665254040568,1078.4035713354895,1152.0517671026746,1179.0607437530182,1117.8231527242083,1117.34245836667,1159.7757620858613,986.6130463282611,924.7792416305515,918.3367020496169,966.3665462636313,913.7290230993012,891.5780493689051,836.5096602836148,756.2944995731793,700.396045771895,741.5698742058912,762.747783660855,784.9379236594073,803.9296101790427,829.0173875858375,849.6865791584559,855.8525070818104,878.6357040659403,890.313174799419,910.7228977522221,918.428722656692,933.8953116643562,954.3253879447751,970.9957393626313,992.20631798932,1010.8819491634808,1022.2752071456553,1035.226660532575,1052.465916443987,1077.6999086664455,1108.3047535363303,1143.311789343014,1185.2657073859518,1205.3170580420865,1282.6341688674677,1311.6305376012513,1381.2279503505983,1537.8183401928263,1640.5407208800264,1718.5970476995847,1726.3693013464651,1722.7728283360616,1740.8110190292825,1841.446361532492,1915.4532323780977,1999.553722202112,1970.194114603976,2030.0486650096655,2067.2089585552126,2091.8133559646526,2173.0032980020087,2260.5755590354393
datastructure,WB.DATA360:DS_DATA360(1.3),I,A,PSS,WB_WDI_NY_GDP_PCAP_KD,_T,_T,_T,USD_K_2015,_Z,_Z,_Z,_Z,CUR,2,WB_WDI,P1Y,0,A,PU,Annual,Pacific island small states,GDP per capita (constant 2015 US$),Total,All age ranges or no breakdown by age,Total,"US dollars, 2015 constant prices",Not Applicable,Not Applicable,Not Applicable,Not Applicable,Currency,Two,World Development Indicators (WDI),Annual,Units,Normal value,Public,,,,,,,,,,,2718.3326564067374,2832.005618089196,2927.975742713468,3187.9981973561644,3223.2125230501415,3172.0810630695805,3137.2204230794746,3171.4305104824107,3167.9260357560806,3362.3036286756173,3174.3096442702845,3197.0611615603084,3026.4860938309803,2927.186715359425,3016.0138927908365,2900.2575860859783,2987.8157193268066,2872.2905177391685,2855.5178092479923,2936.65186031253,3000.1158323823397,2942.1729548845224,3038.884630916364,3052.3037176677044,3156.71103860772,3253.2314401176086,3306.90700272635,3218.991621634593,3214.951144461637,3301.1152832690423,3208.218884917437,3193.5785222713707,3214.366839207051,3236.8833823392974,3326.3672484811373,3370.0606052323433,3412.7724072436954,3380.41609757067,3413.0394119559364,3363.389369592247,3443.9797476127783,3527.860242144193,3517.6248666820766,3584.6759449628516,3664.671452229815,3761.066736108321,3851.9844528497606,3950.2930333627296,4006.765529288321,4011.3244522567793,3563.035246029511,3430.0744203585123,3673.2254466567383,3890.3948870892154,3983.825035490851,4066.495847052431
datastructure,WB.DATA360:DS_DATA360(1.3),I,A,PRY,WB_WDI_NY_GDP_PCAP_KD,_T,_T,_T,USD_K_2015,_Z,_Z,_Z,_Z,CUR,2,WB_WDI,P1Y,0,A,PU,Annual,Paraguay,GDP per capita (constant 2015 US$),Total,All age ranges or no breakdown by age,Total,"US dollars, 2015 constant prices",Not Applicable,Not Applicable,Not Applicable,Not Applicable,Currency,Two,World Development Indicators (WDI),Annual,Units,Normal value,Public,1508.1614128272165,1575.5240610364413,1589.7954558836793,1624.5186950598495,1651.1320488220945,1710.03289597261,1702.1140181725673,1814.1996209978856,1852.7956103055087,1896.1977196448368,1957.0500617424366,2019.341095416266,2103.856881143271,2203.5340218062274,2329.538313282055,2428.1085228256393,2547.2628380251886,2770.7121155082837,3027.5572149850873,3301.624894247939,3592.5612730301464,3816.5540904789796,3659.882591974542,3450.265840097338,3448.8390883923234,3504.478296424435,3575.796904222291,3739.8341021348197,3851.516318598706,4006.159999123441,4059.7734311331083,4091.490447864513,4054.044260608441,4147.784406215642,4262.144957917113,4445.189781889138,4411.3728007823165,4496.0233646913775,4402.111100782492,4252.490657266676,4074.4895332040355,3972.8842786668624,3916.4402230867963,4035.7183391988265,4151.345847993679,4193.2808652562,4349.311970661816,4540.38235899198,4788.663187779099,4727.596858113951,5191.05014254402,5342.190157173764,5230.262448587636,5583.122744734626,5794.476446897601,5879.337923086712,6041.958793672685,6243.1336313905795,6354.239200529697,6243.53620897773,6109.196081006152,6276.774842366298,6204.208115319106,6452.285668400343,6670.699565695802,7028.678687974584
datastructure,WB.DATA360:DS_DATA360(1.3),I,A,OMN,WB_WDI_NY_GDP_PCAP_KD,_T,_T,_T,USD_K_2015,_Z,_Z,_Z,_Z,CUR,2,WB_WDI,P1Y,0,A,PU,Annual,Oman,GDP per capita (constant 2015 US$),Total,All age ranges or no breakdown by age,Total,"US dollars, 2015 constant prices",Not Applicable,Not Applicable,Not Applicable,Not Applicable,Currency,Two,World Development Indicators (WDI),Annual,Units,Normal value,Public,2354.8483782657845,2340.350981847973,2761.223584259369,2830.31567381374,2774.305989732513,2726.4588318012607,2803.36373992104,4549.454411156404,8071.187543921451,9884.064865347576,10961.453060775571,10760.501774523822,11489.253801685243,9570.579856168722,10302.388351935748,12294.963324024058,14168.44696533254,13631.615531685246,12472.08865869012,12343.13648325373,12406.641239648006,13751.498191528392,14513.98135969121,16018.85289931492,17703.059313536993,18998.668203420166,18173.341174121433,16524.179352357434,16544.440410228268,17522.61825437688,16629.45566015275,16805.721840265793,17404.13145695036,17694.160514398063,17848.818766271077,18398.724206591665,18639.203941169682,19458.926644114817,19167.75547158903,18965.214232244773,19881.736431677637,20546.05540775985,20150.113197141334,19485.64415060765,19534.860144526887,19629.045154601477,20096.396557613356,20642.748956337717,22007.733896351736,22819.197732464654,22766.050362072132,20993.907943693535,19824.12154859458,19299.94005168688,18726.202694697058,18808.30779218389,18830.605720860796,18277.945563615027,18269.67694355622,18089.586668488046,17743.885880047706,18291.338798388806,18792.446056530596,17853.964489780064,17347.2911298513,17074.175480136353
datastructure,WB.DATA360:DS_DATA360(1.3),I,A,CUW,WB_WDI_NY_GDP_PCAP_KD,_T,_T,_T,USD_K_2015,_Z,_Z,_Z,_Z,CUR,2,WB_WDI,P1Y,0,A,PU,Annual,Curaçao,GDP per capita (constant 2015 US$),Total,All age ranges or no breakdown by age,Total,"US dollars, 2015 constant prices",Not Applicable,Not Applicable,Not Applicable,Not Applicable,Currency,Two,World Development Indicators (WDI),Annual,Units,Normal value,Public,,,,,,,,,,,,,,,,,,,,,,,,,,,,,,,,,,,,,,,,,21523.645897370232,22171.06554604216,22231.87930916245,21840.891316839636,21512.111603517078,21112.321922013598,20913.663039440693,21011.157062201062,21202.430511557453,20952.89984518639,20706.437457765824,20518.09860871025,20277.511191657148,19921.47706340639,19529.52867049748,19361.813000867798,18953.053741500327,18651.479814244092,18355.1767135889,17980.529817711413,14849.96984749169,15625.411322795304,16772.81469891534,17326.964548133557,18044.775069292285,
datastructure,WB.DATA360:DS_DATA360(1.3),I,A,BRA,WB_WDI_NY_GDP_PCAP_KD,_T,_T,_T,USD_K_2015,_Z,_Z,_Z,_Z,CUR,2,WB_WDI,P1Y,0,A,PU,Annual,Brazil,GDP per capita (constant 2015 US$),Total,All age ranges or no breakdown by age,Total,"US dollars, 2015 constant prices",Not Applicable,Not Applicable,Not Applicable,Not Applicable,Currency,Two,World Development Indicators (WDI),Annual,Units,Normal value,Public,2603.519010429938,2743.388888442048,2838.4722991663925,2772.579949046301,2785.074432126816,2772.6717639078615,2878.6997934963947,2921.372426379597,3126.535481831395,3338.762474360217,3595.9508628087797,3907.0122597789255,4268.383846977535,4748.262463856192,5013.81724730208,5148.910618733905,5543.436379425763,5679.785909969852,5821.491312499621,6069.054743103335,6472.852145919521,6055.097814281033,5967.778995865318,5664.96368501244,5841.749864641428,6167.513436586429,6494.2808791456155,6591.608828706495,6463.005452385543,6545.42575572846,6149.867889263814,6107.648836757466,5973.982856225855,6167.460921789307,6427.1690194370385,6596.335726748186,6640.727006557501,6764.858420913194,6687.495235502419,6621.636762495388,6817.784240857004,6823.033969998905,6944.623374957547,6941.440457450799,7258.78185165912,7409.569132327184,7622.040071332641,8003.254130960475,8330.76459841304,8246.09706995094,8792.634361203416,9067.993163480473,9167.499239298155,9366.739324343585,9338.342782781145,8936.196617121128,8577.843766509106,8628.253089080426,8722.336303179345,8771.44051292177,8435.01143254978,8799.229458109006,9032.084815662993,9288.027014700689,9566.745186876191,9747.995577626916
datastructure,WB.DATA360:DS_DATA360(1.3),I,A,IMN,WB_WDI_NY_GDP_PCAP_KD,_T,_T,_T,USD_K_2015,_Z,_Z,_Z,_Z,CUR,2,WB_WDI,P1Y,0,A,PU,Annual,Isle of Man,GDP per capita (constant 2015 US$),Total,All age ranges or no breakdown by age,Total,"US dollars, 2015 constant prices",Not Applicable,Not Applicable,Not Applicable,Not Applicable,Currency,Two,World Development Indicators (WDI),Annual,Units,Normal value,Public,,,,,,,,,,,,,,,,,,,,,,,,,18303.435664923418,18416.3589164412,21835.22243293011,23666.150133352672,26035.85403201388,27362.56806465729,28042.44412051023,28128.448581891476,28133.83243646242,28694.41609402589,29676.142211149923,30802.89309099292,32928.83245604714,35337.912828662054,39591.571257281365,44456.45627106235,46274.970969140304,48252.76384982769,50714.58247033826,53224.35277578037,55464.022099335634,58201.59908381779,62075.76016049945,66029.97559071833,68520.68256249373,69192.02582216909,70747.8417587183,71727.50550827035,77009.29786120116,80383.82730885272,84778.58066393471,84753.51874227317,90783.7647245394,93200.31080838574,95040.40617489377,95110.13859907375,86595.06760992752,89873.54200935694,86100.56729170374,84315.13799295397,,
datastructure,WB.DATA360:DS_DATA360(1.3),I,A,GMB,WB_WDI_NY_GDP_PCAP_KD,_T,_T,_T,USD_K_2015,_Z,_Z,_Z,_Z,CUR,2,WB_WDI,P1Y,0,A,PU,Annual,"Gambia, The",GDP per capita (constant 2015 US$),Total,All age ranges or no breakdown by age,Total,"US dollars, 2015 constant prices",Not Applicable,Not Applicable,Not Applicable,Not Applicable,Currency,Two,World Development Indicators (WDI),Annual,Units,Normal value,Public,,,,,,,541.0801887731374,526.3933605555687,560.8683401697239,558.5468642494797,576.3284949378002,559.6299136498596,544.8390519321969,577.9419300229009,594.1613795845507,648.280119394208,674.9740301615724,676.4554175376585,696.1849053312128,664.3537545573657,682.144429383382,680.7632357911791,652.0666362080959,696.8494780732817,694.302648852541,662.0081435500225,662.0023254929423,651.2450923574258,653.0000309650736,663.3313098895466,658.7111653321556,651.229615381431,646.4210319326111,641.9187384880015,622.551318791124,609.6184914418465,605.4099248412598,617.297597679527,621.2260582316233,642.8737050911533,659.9112376411409,679.539755947951,640.0389321361304,665.8342223261942,693.563314497133,658.676285443081,636.5960269088658,637.2093059753702,657.6756791922277,681.4334690865713,701.0145245910613,625.4643602709834,639.1398818890478,638.5223685322139,611.879472952196,619.5363642964605,615.1933654943861,628.7772992729253,658.1278332585633,682.7976429404264,670.7586428912512,689.4932395573704,710.6869792163163,735.6123840626163,758.9658888269546,786.0058158504005
datastructure,WB.DATA360:DS_DATA360(1.3),I,A,CZE,WB_WDI_NY_GDP_PCAP_KD,_T,_T,_T,USD_K_2015,_Z,_Z,_Z,_Z,CUR,2,WB_WDI,P1Y,0,A,PU,Annual,Czechia,GDP per capita (constant 2015 US$),Total,All age ranges or no breakdown by age,Total,"US dollars, 2015 constant prices",Not Applicable,Not Applicable,Not Applicable,Not Applicable,Currency,Two,World Development Indicators (WDI),Annual,Units,Normal value,Public,,,,,,,,,,,,,,,,,,,,,,,,,,,,,,,11900.584458142102,10543.619598239467,10479.491866787715,10475.084914745807,10775.944389171726,11453.380018880682,11944.717147452562,11886.348090492673,11850.839621199504,12026.468807660844,12543.936434236659,12958.466760753297,13179.98780927412,13618.934963316413,14259.633427980036,15147.721441761107,16107.304250268831,16892.54285497405,17190.64703332894,16272.808476671911,16665.9317825137,16926.284667443535,16772.353922332768,16759.7808635642,17118.04255715785,17931.59876707676,18359.097810390373,19257.69306809109,19736.6295261285,20360.059922181354,19233.1469549829,20373.878304342365,20627.348651010972,20272.587401733424,20449.1135911311,21011.767517234457
datastructure,WB.DATA360:DS_DATA360(1.3),I,A,ARM,WB_WDI_NY_GDP_PCAP_KD,_T,_T,_T,USD_K_2015,_Z,_Z,_Z,_Z,CUR,2,WB_WDI,P1Y,0,A,PU,Annual,Armenia,GDP per capita (constant 2015 US$),Total,All age ranges or no breakdown by age,Total,"US dollars, 2015 constant prices",Not Applicable,Not Applicable,Not Applicable,Not Applicable,Currency,Two,World Development Indicators (WDI),Annual,Units,Normal value,Public,,,,,,,,,,,,,,,,,,,,,,,,,,,,,,,1644.0221450215847,1426.827913571441,840.2052591774022,792.5678592463809,857.3944748129688,932.3578294718066,995.7282753198723,1039.079824300903,1128.0988884522662,1180.4534199595155,1229.2151043610206,1351.1207269455492,1535.2045288518716,1759.6468482938565,1955.2226245922852,2240.092732097882,2551.435463584521,2919.3734936373035,3141.3319350077413,2716.974362804709,2796.081434280432,2943.836871193151,3159.758607868893,3266.2988299987346,3393.0925232688396,3512.3935027670905,3533.8850360700676,3815.374742603702,4027.8339301097853,4343.458395830194,4032.0904345495514,4264.799615051871,4791.004817121827,5197.235090135753,5378.317999816815,5666.186167564162
datastructure,WB.DATA360:DS_DATA360(1.3),I,A,VUT,WB_WDI_NY_GDP_PCAP_KD,_T,_T,_T,USD_K_2015,_Z,_Z,_Z,_Z,CUR,2,WB_WDI,P1Y,0,A,PU,Annual,Vanuatu,GDP per capita (constant 2015 US$),Total,All age ranges or no breakdown by age,Total,"US dollars, 2015 constant prices",Not Applicable,Not Applicable,Not Applicable,Not Applicable,Currency,Two,World Development Indicators (WDI),Annual,Units,Normal value,Public,,,,,,,,,,,,,,,,,,,,3344.2285400557216,2895.8734492344643,2956.47411625043,2945.6089666416724,2961.75555335141,3165.9134313117083,3117.9752657884055,3034.962834764772,2872.652828728186,2752.4164588352564,2724.1900898751064,2967.381994507135,2985.5719850051346,2987.67246596791,2936.88740967171,3128.0578634935373,3087.19404922191,3089.2864611853834,3171.9255306288164,3142.896322062408,3088.7981636389354,3197.4559613722763,3012.016024891962,2784.9972092036455,2833.779149207509,2875.6503235390064,2955.6686112412717,3129.0854032736884,3141.2002636481757,3234.9762369932423,3249.661937987089,3214.3726213639034,3244.137030261864,3205.687059631694,3149.684972776404,3175.633753421754,3214.4194858714127,3257.497199849883,3316.8103459686126,3319.756304553183,3349.5593410421043,3085.1655818930467,2979.390628389667,3073.860626581128,3178.3031116211982,3223.85237984109,3249.023522804376
datastructure,WB.DATA360:DS_DATA360(1.3),I,A,NAM,WB_WDI_NY_GDP_PCAP_KD,_T,_T,_T,USD_K_2015,_Z,_Z,_Z,_Z,CUR,2,WB_WDI,P1Y,0,A,PU,Annual,Namibia,GDP per capita (constant 2015 US$),Total,All age ranges or no breakdown by age,Total,"US dollars, 2015 constant prices",Not Applicable,Not Applicable,Not Applicable,Not Applicable,Currency,Two,World Development Indicators (WDI),Annual,Units,Normal value,Public,,,,,,,,,,,,,,,,,,,,,3543.528307873467,3538.0590841396224,3461.8597402142736,3309.621392418938,3213.573773899905,3137.5389543085125,3187.749031803222,3196.996586797265,3111.6065448630516,2974.5678742478353,2857.33777498196,2989.40001637296,3104.2453607801126,2959.275038009657,2918.3774029616116,2945.362269562006,2958.2406069738267,3004.308043599968,3025.3266801104874,3050.460988733226,3083.5965788469703,3055.4044483193625,3145.9456628124713,3232.3058965885657,3582.8950325970145,3627.750597722781,3834.998946661783,3987.61796106565,4036.3818748470694,3989.2071138765064,4165.129902009883,4302.72451368462,4420.9674137386155,4549.267590938971,4701.9569418909805,4774.106508657753,4648.627134602133,4476.733244021052,4400.4753770574325,4243.09274481966,3787.499439732857,3809.807533597145,3905.5513526816358,3973.490105799979,4032.4015067664945,4019.0268625610634
datastructure,WB.DATA360:DS_DATA360(1.3),I,A,BGD,WB_WDI_NY_GDP_PCAP_KD,_T,_T,_T,USD_K_2015,_Z,_Z,_Z,_Z,CUR,2,WB_WDI,P1Y,0,A,PU,Annual,Bangladesh,GDP per capita (constant 2015 US$),Total,All age ranges or no breakdown by age,Total,"US dollars, 2015 constant prices",Not Applicable,Not Applicable,Not Applicable,Not Applicable,Currency,Two,World Development Indicators (WDI),Annual,Units,Normal value,Public,429.3987009101662,442.7548027766452,453.534880895558,438.4975100238277,472.5263778567834,466.2974162307147,464.5605950171336,442.6315151096535,470.5766626209627,462.97325071868596,476.4957580089634,442.5812665098653,373.48318998335674,375.01209712721,399.5105081305051,373.26037369699947,384.5095520287145,385.08552032014006,402.3855959317121,411.66926652023704,405.2267702595173,423.5371228674734,420.8720045329513,425.64657116856836,434.78235160430745,438.38247882843933,446.0802530641697,452.6597569237309,453.83923688347886,457.25433477770497,473.4448210210855,480.67335897608666,497.3711737353226,511.1935094212935,521.323144726555,537.9319466439827,552.0771071387666,566.2711408476324,584.4481751740466,600.232323162952,620.5604728221052,641.2889228762742,655.6721393622719,676.826252046427,702.6563570818726,739.2037183534092,779.419570444998,825.5082299645373,866.4581576213504,901.729626251937,943.6642286423604,995.5799471556621,1050.3914040406614,1103.1569590712293,1159.407534759807,1224.3864766816523,1299.8309136079226,1373.753637401862,1462.2505025571324,1564.2080244563588,1604.6659234742021,1702.080284141892,1804.3493461776036,1885.3773361354513,1941.2787436002548,1984.7329242811807
datastructure,WB.DATA360:DS_DATA360(1.3),I,A,KNA,WB_WDI_NY_GDP_PCAP_KD,_T,_T,_T,USD_K_2015,_Z,_Z,_Z,_Z,CUR,2,WB_WDI,P1Y,0,A,PU,Annual,St. Kitts and Nevis,GDP per capita (constant 2015 US$),Total,All age ranges or no breakdown by age,Total,"US dollars, 2015 constant prices",Not Applicable,Not Applicable,Not Applicable,Not Applicable,Currency,Two,World Development Indicators (WDI),Annual,Units,Normal value,Public,,,,,,,,,,,,,,,,,,4474.4416215106485,4664.557118118184,5040.414998818221,5489.175119177911,5593.930468769729,5646.522936161507,5740.2540898526695,6281.968290913579,6858.001447378722,7649.339080164458,8203.618810339021,9022.843517595167,9588.262878710815,10136.986550185002,9966.203743728669,10300.541535429446,10860.603499087725,11290.216843815586,11743.378416233207,12269.796743584311,12940.78528558743,12710.962975188333,12942.857504219028,14039.02811253329,14610.909961050844,14727.3908829316,14100.306796723366,14619.795111246975,16000.565892982604,16457.862237206744,16508.14370813145,18325.76126702824,17671.254706973516,17688.06901034093,17958.681397705317,17770.496364057602,18773.892689839697,20187.80619754809,20328.800353010858,21133.65759144139,21191.604708370287,21635.49721464821,22297.764499570076,18918.826345661102,19031.821191060284,21050.758653728986,21664.03339847006,21692.24063928723,22237.95091133964
datastructure,WB.DATA360:DS_DATA360(1.3),I,A,SLV,WB_WDI_NY_GDP_PCAP_KD,_T,_T,_T,USD_K_2015,_Z,_Z,_Z,_Z,CUR,2,WB_WDI,P1Y,0,A,PU,Annual,El Salvador,GDP per capita (constant 2015 US$),Total,All age ranges or no breakdown by age,Total,"US dollars, 2015 constant prices",Not Applicable,Not Applicable,Not Applicable,Not Applicable,Currency,Two,World Development Indicators (WDI),Annual,Units,Normal value,Public,,,,,,2636.9966187598243,2747.271953763823,2816.012164639953,2827.3214381378266,2847.5649682549406,2858.5642994409745,2898.751015009937,3004.669543825272,3077.749593303513,3168.2812765009503,3189.065640916397,3278.588612897786,3426.8561623682435,3532.9875153725607,3320.1122024217016,2757.3881239310294,2582.451566463212,2392.3839007879415,2385.396412565303,2371.584934135846,2339.0115535039045,2297.5350073107475,2309.064591107331,2305.621793879359,2282.5371616727703,2348.2046016776108,2341.933822991318,2465.759890607195,2574.9513456431664,2670.212785435675,2773.3252902754944,2775.0462903869475,2842.884874090766,2900.3206426110096,2946.433023501198,2964.893468814063,2978.597348446685,3016.06307728602,3057.164676290973,3081.2362966523388,3163.361183768327,3302.348173543466,3359.1623024135033,3420.4492735744348,3337.8115087821066,3398.4934606036295,3515.196646348464,3600.319125055182,3665.900441678543,3713.94992016222,3790.3408910816156,3875.846913579542,3954.840142775724,4046.162917205832,4143.114370978674,3808.531954364088,4247.547503949775,4355.960371085554,4481.196641083564,4576.5584661344365,4734.914385869781
datastructure,WB.DATA360:DS_DATA360(1.3),I,A,ZMB,WB_WDI_NY_GDP_PCAP_KD,_T,_T,_T,USD_K_2015,_Z,_Z,_Z,_Z,CUR,2,WB_WDI,P1Y,0,A,PU,Annual,Zambia,GDP per capita (constant 2015 US$),Total,All age ranges or no breakdown by age,Total,"US dollars, 2015 constant prices",Not Applicable,Not Applicable,Not Applicable,Not Applicable,Currency,Two,World Development Indicators (WDI),Annual,Units,Normal value,Public,1187.704601161332,1166.745964362674,1102.4458219947014,1103.108132028063,1199.3921902566476,1355.4568095377858,1239.6892160392508,1295.6086474984659,1270.0790168765498,1224.903878897913,1246.6538300720501,1211.7097272607516,1286.5771697143884,1238.0591333877778,1279.5370725368523,1213.5772178888217,1250.5415032311967,1157.7581438990258,1129.4716348006552,1062.9629308153037,1062.936002237712,1094.461958550821,1030.0471815743633,977.759709968015,944.9305939723682,931.8082635957043,910.9445423620991,908.6800427531642,939.5996793981113,905.7473802008911,878.5892059984772,856.7617235837677,821.8501042150641,857.0396696093886,764.6394113454326,768.0352015633683,796.0180596331014,805.5324018032098,781.6633838138829,796.3779859812531,804.4846341878296,822.0209353082508,833.0211775490037,863.6501906567852,895.4752585348265,929.0792558559046,968.5635650194919,1013.0856743263678,1053.5861230106834,1110.7191810248648,1183.4171240919875,1208.4642456963409,1258.789385789964,1280.7701217677813,1299.0124176250413,1295.877886800678,1303.5751386913284,1308.7682924008554,1321.250457115733,1301.181329761778,1228.7350011319488,1269.1082180889516,1298.8480495593024,1330.8599821675073,1343.3896638035292,1355.7753627773327
datastructure,WB.DATA360:DS_DATA360(1.3),I,A,TZA,WB_WDI_NY_GDP_PCAP_KD,_T,_T,_T,USD_K_2015,_Z,_Z,_Z,_Z,CUR,2,WB_WDI,P1Y,0,A,PU,Annual,Tanzania,GDP per capita (constant 2015 US$),Total,All age ranges or no breakdown by age,Total,"US dollars, 2015 constant prices",Not Applicable,Not Applicable,Not Applicable,Not Applicable,Currency,Two,World Development Indicators (WDI),Annual,Units,Normal value,Public,834.492431640625,820.259765625,869.289978027344,897.041076660156,918.554931640625,929.989868164063,1006.95916748047,1030.11999511719,1059.94592285156,1058.02795410156,547.600341796875,549.467468261719,567.920104980469,581.759033203125,572.999633789063,574.565002441406,572.357055664063,552.289428710938,544.240051269531,539.403015136719,536.933166503906,515.711853027344,498.374603271484,480.399017333984,486.725524902344,476.979888916016,486.831359863281,493.825897216797,513.868591308594,519.22265625,541.544799804688,538.966979980469,528.781555175781,518.66259765625,506.972503662109,508.840423583984,522.333251953125,529.954223632813,535.363159179688,546.605529785156,555.348083496094,573.400146484375,598.421569824219,621.720703125,650.516540527344,680.051208496094,704.502746582031,731.52001953125,752.540466308594,772.929565429688,801.29931640625,838.999267578125,851.910705566406,882.8115234375,913.811218261719,939.127319335938,970.156127929688,1001.55895996094,1024.01525878906,1051.7666015625,1041.25964355469,1054.31726074219,1070.58532714844,1092.86413574219,1120.77416992188,1153.17529296875
datastructure,WB.DATA360:DS_DATA360(1.3),I,A,KIR,WB_WDI_NY_GDP_PCAP_KD,_T,_T,_T,USD_K_2015,_Z,_Z,_Z,_Z,CUR,2,WB_WDI,P1Y,0,A,PU,Annual,Kiribati,GDP per capita (constant 2015 US$),Total,All age ranges or no breakdown by age,Total,"US dollars, 2015 constant prices",Not Applicable,Not Applicable,Not Applicable,Not Applicable,Currency,Two,World Development Indicators (WDI),Annual,Units,Normal value,Public,,,,,,,,,,,1473.5971982414803,1411.8159216925333,1552.5466118582558,1844.900087848191,2663.3941503105143,2816.4103886052467,2073.5912895713723,1990.875160878978,2025.5147799695762,1781.692212912462,1734.3301106949718,1811.6813104809614,1763.1792700442795,1565.118540600356,1754.0123830350565,1492.760468349358,1422.5166211872604,1406.3158023607639,1675.638249756733,1516.915187512052,1387.6530495570134,1283.34653145552,1564.722876115061,1539.304539184336,1547.6242344011703,1566.4726683246229,1539.3366348768268,1529.2493247443851,1569.026915817221,1482.192269936316,1555.582048120974,1477.951776212168,1467.9927324165506,1415.5457786930438,1378.9583696721977,1368.9972876579293,1419.387230313607,1433.3574780561921,1361.8359977560767,1340.276056002214,1328.7877643880543,1348.060236987302,1405.5029344967047,1493.4914867640223,1492.850820048096,1639.8527474065236,1731.4370200169403,1768.8787484193272,1802.3485071465682,1834.4262782484702,1779.6297302491682,1895.6136295722151,1960.1547584497641,1990.1460592210371,2052.812987742563,2108.5951539601238
datastructure,WB.DATA360:DS_DATA360(1.3),I,A,NGA,WB_WDI_NY_GDP_PCAP_KD,_T,_T,_T,USD_K_2015,_Z,_Z,_Z,_Z,CUR,2,WB_WDI,P1Y,0,A,PU,Annual,Nigeria,GDP per capita (constant 2015 US$),Total,All age ranges or no breakdown by age,Total,"US dollars, 2015 constant prices",Not Applicable,Not Applicable,Not Applicable,Not Applicable,Currency,Two,World Development Indicators (WDI),Annual,Units,Normal value,Public,1454.9809192781108,1428.117092530557,1455.8173739819106,1547.4839549991236,1589.6815602122297,1631.5598746829417,1528.594503657254,1260.7271241355809,1218.4331747606705,1480.047118925941,1808.3945910400737,2018.1732146463912,2036.6939782139998,2093.6387317572435,2267.0440844953678,2089.8550777921805,2214.3226160701024,2278.6972176768163,2082.5527990993724,2155.7896530024186,2177.4157865536454,1834.287608209495,1659.098143511996,1440.0174778264723,1387.9217600561499,1428.927428203934,1391.478772345682,1398.2488329902574,1461.1913223132724,1449.6801764714087,1577.1961662777069,1541.59066261007,1571.190226178498,1498.9589503779955,1433.3886109241553,1395.0748845680348,1416.101894712484,1420.2387796121882,1419.3177091793723,1390.4692113901012,1421.6798795201635,1465.4572034236885,1644.3951887770766,1717.2145111173927,1824.8026945683816,1889.2517532584216,1949.1585680458238,2020.8331629943716,2098.283392207301,2204.6072560382304,2315.466765096415,2370.9765709188123,2403.653878969874,2495.341065738624,2583.615569581706,2585.733606717974,2481.8149035040296,2441.712364045374,2431.778578325972,2431.535284758741,2228.686314265286,2206.664062555641,2254.290804145981,2280.677771671623,2324.597023945419,2368.5386626565946
datastructure,WB.DATA360:DS_DATA360(1.3),I,A,TCA,WB_WDI_NY_GDP_PCAP_KD,_T,_T,_T,USD_K_2015,_Z,_Z,_Z,_Z,CUR,2,WB_WDI,P1Y,0,A,PU,Annual,Turks and Caicos Islands,GDP per capita (constant 2015 US$),Total,All age ranges or no breakdown by age,Total,"US dollars, 2015 constant prices",Not Applicable,Not Applicable,Not Applicable,Not Applicable,Currency,Two,World Development Indicators (WDI),Annual,Units,Normal value,Public,,,,,,,,,,,,,,,,,,,,,,,,,,,,,,,,,,,,,,,,,,,,,,,,37466.18226147246,38854.10756988144,29988.599737517237,29111.872922318882,29363.947592736593,27441.333598701705,26477.54107195822,27636.821022806656,29457.01406911624,30183.000294988124,50586.10323351514,51863.1830309332,52419.88621286169,33739.42539917392,42907.74924659116,48307.307924549896,54523.03309271511,57179.29601876,
datastructure,WB.DATA360:DS_DATA360(1.3),I,A,NLD,WB_WDI_NY_GDP_PCAP_KD,_T,_T,_T,USD_K_2015,_Z,_Z,_Z,_Z,CUR,2,WB_WDI,P1Y,0,A,PU,Annual,Netherlands,GDP per capita (constant 2015 US$),Total,All age ranges or no breakdown by age,Total,"US dollars, 2015 constant prices",Not Applicable,Not Applicable,Not Applicable,Not Applicable,Currency,Two,World Development Indicators (WDI),Annual,Units,Normal value,Public,14369.973133777734,14224.118231490795,14982.59611985523,15317.701569492017,16364.830123050291,17536.876282832953,17783.948143030048,18511.982842122994,19496.20419129742,20510.813369306958,21502.1601779399,22165.256352276425,22717.668465772564,23757.10384777101,24382.216253642106,24166.331697440604,25045.876043594355,25524.91254986985,26052.342240616137,26394.254593922553,26537.609176753736,26149.64180672449,25707.035535118026,26139.844022926132,26833.439582209416,27397.729386305487,28005.447040185885,28365.741336986193,29152.902991327024,30259.42163908421,31308.902392316333,31820.820018814284,32119.940534009103,32297.96517971515,33054.4378569838,33916.48879540684,34915.17883119032,36211.65486335781,37661.710251662626,39298.71671629259,40665.30002115942,41297.284710124026,41135.40203538557,40981.83997209197,41663.12903445719,42411.34808628108,43841.09158185667,45445.54218619603,46227.19875455143,44304.4041948677,44659.279390147356,45239.71987455894,44631.885563323885,44487.037859339354,45042.05159074442,45793.81354346971,46655.03402647544,47670.0858101833,48463.005560873135,49254.02478906401,47086.56747554969,49780.83283525421,51777.531482827646,50960.781030530845,51174.89972979019,51817.05906092647
datastructure,WB.DATA360:DS_DATA360(1.3),I,A,TUN,WB_WDI_NY_GDP_PCAP_KD,_T,_T,_T,USD_K_2015,_Z,_Z,_Z,_Z,CUR,2,WB_WDI,P1Y,0,A,PU,Annual,Tunisia,GDP per capita (constant 2015 US$),Total,All age ranges or no breakdown by age,Total,"US dollars, 2015 constant prices",Not Applicable,Not Applicable,Not Applicable,Not Applicable,Currency,Two,World Development Indicators (WDI),Annual,Units,Normal value,Public,,1422.0172715593199,1340.3315104992516,1180.7868782624716,1109.845966291703,1064.7331955073985,1079.995526033107,1057.0506357599322,1138.643432362545,1162.9626420122768,1187.2132040470922,1280.0898058676041,1469.5363886963596,1422.8239971097412,1497.8333323593154,1562.528659402798,1641.2721742359229,1653.4368710983877,1717.1205516825842,1788.221517370645,1877.334609177191,1936.2749396320198,1884.7822705267865,1932.4239141924597,1996.4632778797527,2055.191448156154,1974.712679169209,2055.7389954761097,2009.63775948264,2000.2867049290403,2114.4703453608463,2151.2085167735336,2270.864494427651,2274.641826375854,2305.1612752443375,2322.5920718519383,2452.909298204958,2551.5505516086423,2639.874981209972,2766.5700713523133,2864.5470366661834,2941.738935929058,2950.2041095905392,3058.228958278423,3218.723207484567,3301.9381721602917,3444.551352609098,3642.119774447859,3760.1182847870414,3835.2501193930084,3906.9062586760515,3784.7412903401005,3900.046201327017,3947.587635331742,4021.5995470359144,4014.9477368643215,4015.2889380270253,4062.8060653451907,4127.970056979944,4153.279786155147,3749.268414529278,3902.5332299019938,3986.545583256664,3967.3338763453353,4006.2058826744255,4082.3221587786397
datastructure,WB.DATA360:DS_DATA360(1.3),I,A,SDN,WB_WDI_NY_GDP_PCAP_KD,_T,_T,_T,USD_K_2015,_Z,_Z,_Z,_Z,CUR,2,WB_WDI,P1Y,0,A,PU,Annual,Sudan,GDP per capita (constant 2015 US$),Total,All age ranges or no breakdown by age,Total,"US dollars, 2015 constant prices",Not Applicable,Not Applicable,Not Applicable,Not Applicable,Currency,Two,World Development Indicators (WDI),Annual,Units,Normal value,Public,851.732421875,828.766967773438,861.476318359375,813.293090820313,780.661743164063,808.854431152344,757.518859863281,746.402099609375,739.073913574219,727.628051757813,748.2431640625,742.029479980469,682.653015136719,661.991394042969,711.013854980469,795.953491210938,898.202575683594,923.200622558594,837.251831054688,765.673095703125,747.91943359375,773.544799804688,790.597045898438,782.225158691406,726.964111328125,669.103332519531,692.196655273438,776.530822753906,764.454162597656,823.076843261719,764.450439453125,805.367309570313,842.008605957031,862.978149414063,850.299438476563,877.693298339844,908.66015625,1050.31994628906,1069.27197265625,1074.88098144531,1111.11865234375,1150.17626953125,1185.21533203125,1226.42077636719,1255.67114257813,1290.24438476563,1336.1240234375,1372.10961914063,1381.62561035156,1301.34729003906,1311.22314453125,1388.21813964844,1288.25854492188,1283.45922851563,1307.3896484375,1292.37963867188,1297.15454101563,1261.87353515625,1185.94445800781,1126.55297851563,1056.86474609375,1009.54888916016,973.225280761719,677.723205566406,578.38916015625,582.114074707031
datastructure,WB.DATA360:DS_DATA360(1.3),I,A,BEL,WB_WDI_NY_GDP_PCAP_KD,_T,_T,_T,USD_K_2015,_Z,_Z,_Z,_Z,CUR,2,WB_WDI,P1Y,0,A,PU,Annual,Belgium,GDP per capita (constant 2015 US$),Total,All age ranges or no breakdown by age,Total,"US dollars, 2015 constant prices",Not Applicable,Not Applicable,Not Applicable,Not Applicable,Currency,Two,World Development Indicators (WDI),Annual,Units,Normal value,Public,11715.826760439717,12258.299646016949,12845.966719918684,13305.12700038135,14096.66758293943,14466.626871188206,14822.717446567201,15310.618459097806,15890.132130858128,16895.704810865835,17951.322375727228,18632.8422933665,19542.886739146183,20724.740575382628,21602.80183081888,21116.991550625473,22270.853564155856,22382.64844636602,22997.27376039912,23514.51179308154,24532.456958210212,24464.586993242803,24616.837228769982,24695.56496881167,25305.0320542767,25715.357968870438,26174.755087840902,26755.698081150098,27930.4858968463,28794.654884157495,29609.62075167243,30040.550840409527,30376.87453424623,29967.394424160142,30839.241433646457,31508.622663522005,31862.669386813184,32991.50101161457,33566.98759195065,34676.6051555263,35878.31535861949,36148.28809243063,36600.86259233199,36826.26992960938,37976.69729674419,38645.26051933619,39371.08582774483,40520.084320700924,40380.90750040421,39293.63754682504,39991.56462062861,40236.95963085579,40074.49280039898,40007.89978914108,40533.913502789845,40893.804537772005,41172.88628312092,41619.328629168966,42208.362565027215,43006.40423088634,40769.021807296216,43140.96766529711,44516.00216080103,44828.22745212442,45019.69896546072,45145.66416732374
datastructure,WB.DATA360:DS_DATA360(1.3),I,A,GUY,WB_WDI_NY_GDP_PCAP_KD,_T,_T,_T,USD_K_2015,_Z,_Z,_Z,_Z,CUR,2,WB_WDI,P1Y,0,A,PU,Annual,Guyana,GDP per capita (constant 2015 US$),Total,All age ranges or no breakdown by age,Total,"US dollars, 2015 constant prices",Not Applicable,Not Applicable,Not Applicable,Not Applicable,Currency,Two,World Development Indicators (WDI),Annual,Units,Normal value,Public,2733.670173770186,2795.9159655979715,2765.6023270668215,2373.8940722250018,2587.337456538898,2799.8892438438234,2885.010838333559,2947.3672251773623,2916.5864939663,3057.0032625232966,3130.4810660169455,3182.829078283216,3039.0459564603857,3040.9652151322275,3240.064499584361,3480.3267714105264,3501.5905416548676,3380.430346392941,3293.6202102998222,3210.1679769762495,3247.6727684602247,3287.407679616857,2852.8425680394557,2661.8801293090073,2533.8341171410602,2603.4964000767877,2591.3993497571737,2628.318438443794,2546.091606208409,2436.296315422272,2377.2179536494864,2528.08038811696,2716.7589302345473,2926.936937070062,3164.6677787542603,3312.649968906736,3566.13499360957,3778.0065286574127,3708.0463711061457,3813.330575657976,3759.607896999892,3847.0946185136713,3894.871074151978,3873.0412368426064,3937.114353045219,3867.9330815864705,4076.779817157066,4382.104496668132,4472.3451788969915,4649.341447927557,4860.091109805662,5133.895398136366,5403.7989942892145,5573.342179046299,5635.717041179471,5640.41560569466,5818.616822046457,5997.182714268255,6080.906121327456,6278.630540795525,9010.610004698785,10711.99733741478,17365.333642864207,23101.353828274085,33034.94887292702,39191.56766318416
datastructure,WB.DATA360:DS_DATA360(1.3),I,A,JAM,WB_WDI_NY_GDP_PCAP_KD,_T,_T,_T,USD_K_2015,_Z,_Z,_Z,_Z,CUR,2,WB_WDI,P1Y,0,A,PU,Annual,Jamaica,GDP per capita (constant 2015 US$),Total,All age ranges or no breakdown by age,Total,"US dollars, 2015 constant prices",Not Applicable,Not Applicable,Not Applicable,Not Applicable,Currency,Two,World Development Indicators (WDI),Annual,Units,Normal value,Public,,,,,,,4135.079065755938,4160.195455932242,4349.023935271657,4538.596557911947,5023.680600518147,5078.134727254783,5906.340141451386,5497.875708685776,5186.842863997762,5101.618672797067,4698.212026407851,4520.748828147113,4466.169839846909,4367.434853251645,4067.644272987378,4120.923884804005,4148.80384290827,4169.467680993284,4051.2660252030637,3887.2200214801674,3923.626474163317,4199.518316621678,4336.704532428168,4616.031146092346,4773.628481953033,4960.830405809957,5008.1288335868585,5423.350841991801,5442.16740407801,5514.512528366649,5455.193346581478,5343.480492257568,5174.2829560946775,5187.995796463282,5197.396922106646,5234.027443978055,5305.876586972441,5467.174069882359,5507.20135110043,5525.735778337132,5656.668035799879,5710.5387844675815,5639.58974873397,5372.142341695113,5271.572214779385,5339.621701887982,5284.008525575893,5289.884385461113,5307.191653808015,5339.307182568061,5472.28314023034,5586.136572313298,5717.876211075321,5814.792753116917,5317.8414503396625,5607.453782538768,5965.461274648727,6127.907712634335,6096.432703096304,6105.922118470604
datastructure,WB.DATA360:DS_DATA360(1.3),I,A,TGO,WB_WDI_NY_GDP_PCAP_KD,_T,_T,_T,USD_K_2015,_Z,_Z,_Z,_Z,CUR,2,WB_WDI,P1Y,0,A,PU,Annual,Togo,GDP per capita (constant 2015 US$),Total,All age ranges or no breakdown by age,Total,"US dollars, 2015 constant prices",Not Applicable,Not Applicable,Not Applicable,Not Applicable,Currency,Two,World Development Indicators (WDI),Annual,Units,Normal value,Public,449.3426067640306,495.2605096427495,504.9809425099238,520.5816856978755,583.5986207253995,660.5408016200429,708.069104577703,731.6769815441959,752.401293925333,797.2086619896114,777.0028610447728,752.3790404080303,787.0446549985755,796.1070863411147,813.8301157933671,813.5571880935188,778.0173426934709,812.6777735624889,881.1236286588714,814.7029930635015,907.6929455649804,850.7706739239624,797.5222780385863,736.5805358560345,759.3102332295919,779.2156300365907,767.1315870893051,748.0623585330167,774.0729921202004,781.968520041802,757.5681500025312,730.8908210151591,682.1758989126416,585.8409563891447,670.8174317216517,687.1451767692079,716.3726712664431,792.1117092351262,754.7082676773639,754.5208370254142,730.1483927699056,718.0841794698249,727.3227686846886,757.0768420574661,731.6107979584473,680.485159475257,678.8902273905264,650.046681355874,654.8967230363407,668.6696231617522,686.0141853961212,706.4421588273526,733.6836029298682,759.8416124435536,786.5873996514456,813.8946769750845,832.9595159877331,851.7357286213365,876.5628009158688,900.1666024378712,899.7488023553478,928.3010876928971,970.5359758229826,1011.2308927823004,1053.8165376469726,1096.1836311320078
datastructure,WB.DATA360:DS_DATA360(1.3),I,A,IRQ,WB_WDI_NY_GDP_PCAP_KD,_T,_T,_T,USD_K_2015,_Z,_Z,_Z,_Z,CUR,2,WB_WDI,P1Y,0,A,PU,Annual,Iraq,GDP per capita (constant 2015 US$),Total,All age ranges or no breakdown by age,Total,"US dollars, 2015 constant prices",Not Applicable,Not Applicable,Not Applicable,Not Applicable,Currency,Two,World Development Indicators (WDI),Annual,Units,Normal value,Public,997.9255815064139,1045.351594135237,1061.1249311433778,1051.0804884802203,1167.0964920216095,1249.7615673978669,1268.0398372455845,1117.0579344232096,1290.031895601452,1286.7935427441457,1299.358927207606,1322.7018702267524,1325.7558027496107,1337.443920239577,1501.2371251407742,1633.7633639808757,1852.7307654232554,1826.170528194147,2066.874261844608,2419.1151523645517,2924.319168226281,2817.1212153158467,2833.0144210138997,2390.5491975029136,2282.722617358244,2260.8763214907954,2308.4432750494657,2454.9950238006018,2398.2379771199867,2262.4704447772315,3526.579251268529,1254.6305738559715,1615.0390354277442,2005.563531641154,1985.7969195068215,1961.0925508849898,2108.823283381144,2478.8431044434933,3242.957338923171,3691.740513421892,4172.780251052443,4116.094053202787,3660.9252750717696,2250.0699012336904,3354.2658875671505,3310.8634447399286,3471.987446985685,3565.5805407904086,3781.7800171276226,3768.172843289835,3881.943270453025,4030.0168686098636,4387.904690587073,4504.826875373541,4446.973432348619,4440.141892523674,4932.927291143899,4736.327108098566,4749.009218368956,4898.148976685819,4213.998437660611,4182.500640458252,4412.997331465115,4337.087053242201,4180.296194773173,4005.0408157906713
datastructure,WB.DATA360:DS_DATA360(1.3),I,A,DOM,WB_WDI_NY_GDP_PCAP_KD,_T,_T,_T,USD_K_2015,_Z,_Z,_Z,_Z,CUR,2,WB_WDI,P1Y,0,A,PU,Annual,Dominican Republic,GDP per capita (constant 2015 US$),Total,All age ranges or no breakdown by age,Total,"US dollars, 2015 constant prices",Not Applicable,Not Applicable,Not Applicable,Not Applicable,Currency,Two,World Development Indicators (WDI),Annual,Units,Normal value,Public,1375.7072244144624,1302.093112959107,1477.332684212262,1525.8921385935685,1580.5448060214042,1343.1694878022547,1480.13901665748,1485.057064050482,1446.2574353877592,1558.836678519888,1791.7455448652918,1931.6732063819368,2073.939327804235,2277.5729128156395,2349.435763481514,2406.5228831735826,2502.184128035016,2560.1026434599657,2549.465625236026,2599.289479191321,2738.159685453961,2787.5151659522576,2769.4302655808733,2831.543739058402,2802.380520053687,2682.599975197196,2717.575297945293,2929.525962374515,2930.1670825538963,2995.0817497983844,2772.7706560838087,2741.939081439231,2989.606302299527,3147.6706032476623,3167.944941085665,3286.3614924938183,3419.506003995213,3659.5081904416165,3840.871802636498,4004.198768426466,4123.105731631146,4158.984302824295,4280.801823974078,4162.666861176606,4212.010441217729,4549.24957008857,4904.717158393978,5204.785006522538,5308.92664966814,5294.649533744258,5666.456334302058,5773.574034591559,5860.298933210133,6075.033999727373,6430.278110513385,6800.953093954736,7177.753764754883,7379.399780671366,7818.70593240469,8117.046391857863,7395.873426239604,8344.905103123949,8698.135920943952,8809.96335385949,9168.45418897141,9287.062930246078
datastructure,WB.DATA360:DS_DATA360(1.3),I,A,NRU,WB_WDI_NY_GDP_PCAP_KD,_T,_T,_T,USD_K_2015,_Z,_Z,_Z,_Z,CUR,2,WB_WDI,P1Y,0,A,PU,Annual,Nauru,GDP per capita (constant 2015 US$),Total,All age ranges or no breakdown by age,Total,"US dollars, 2015 constant prices",Not Applicable,Not Applicable,Not Applicable,Not Applicable,Currency,Two,World Development Indicators (WDI),Annual,Units,Normal value,Public,,,,,,,,,,,39512.81427155576,40345.38686801912,41210.03473251105,42070.9569728444,42933.90847883489,43773.63214017685,42076.932106310014,40326.565765119296,38465.710687567174,36531.26754171736,34662.17593961813,32869.360105074695,31144.92555254968,29619.269708415115,28231.74298965615,26878.234178396964,25550.433222300915,24264.51451286413,23017.569539850574,21833.21897170347,20706.63090116844,16385.39075994232,13486.944039891261,11222.492416545814,10751.367718006743,9872.219901916691,8686.035827925107,7897.466651845839,6965.830502069196,6515.3285461711885,6079.967006249796,5690.157298319002,5147.1620169617745,5173.612287819752,4949.890969221197,4955.309299469125,5382.1016186909865,4199.705081417329,5045.184723644913,4761.566583923233,4748.765399240776,5417.444879237673,6626.1831707294505,6735.421280618617,7638.9906521889225,7747.2558499360675,7925.577966204797,7308.317585165151,7149.781091383933,7687.196433225187,7770.698837840162,8325.882146634267,8260.973989911077,8150.433962639482,8218.724768020205,8340.387280609306
datastructure,WB.DATA360:DS_DATA360(1.3),I,A,SAS,WB_WDI_NY_GDP_PCAP_KD,_T,_T,_T,USD_K_2015,_Z,_Z,_Z,_Z,CUR,2,WB_WDI,P1Y,0,A,PU,Annual,South Asia,GDP per capita (constant 2015 US$),Total,All age ranges or no breakdown by age,Total,"US dollars, 2015 constant prices",Not Applicable,Not Applicable,Not Applicable,Not Applicable,Currency,Two,World Development Indicators (WDI),Annual,Units,Normal value,Public,331.594588637992,336.5980924291027,339.34360218553945,347.52253711320424,365.6937713799082,350.6716076256814,345.1121780916406,358.43566610874836,365.33273116938096,378.178629972378,388.660097239126,382.7830938513266,366.5376253935869,370.2808577877612,370.0343469537429,387.78205233197014,387.0670279353609,402.9831032793909,416.76795558430166,392.71004804412183,406.0101780950499,421.01708172290535,425.0022665836279,442.7340651111143,450.2270525691653,462.21892067943344,472.9830747959035,480.1572413863045,509.65934936259754,525.8636756849054,543.3396364976269,539.9757563552431,557.3460831051009,572.2171891665803,596.4663564393649,626.7579595302575,657.9306402221558,672.358162095982,698.9772905769094,742.1152752980789,758.1331724331027,778.3572386545876,793.5877919940341,838.6053528662246,887.1931015418925,940.1699089378044,999.3355553523378,1059.3163478416802,1081.2982712824517,1145.4623105437636,1222.5182300571312,1272.0751380127344,1326.511073873948,1392.202178320826,1475.2167649214941,1570.541424527443,1676.354097717357,1770.2629131350157,1863.721126353708,1920.3970630633332,1806.9904537904915,1957.5178529812863,2079.7009603938504,2201.3424898250237,2329.3595866533096,2473.374795160239
datastructure,WB.DATA360:DS_DATA360(1.3),I,A,KWT,WB_WDI_NY_GDP_PCAP_KD,_T,_T,_T,USD_K_2015,_Z,_Z,_Z,_Z,CUR,2,WB_WDI,P1Y,0,A,PU,Annual,Kuwait,GDP per capita (constant 2015 US$),Total,All age ranges or no breakdown by age,Total,"US dollars, 2015 constant prices",Not Applicable,Not Applicable,Not Applicable,Not Applicable,Currency,Two,World Development Indicators (WDI),Annual,Units,Normal value,Public,,,,,,,,,,,68591.70760697714,68673.32922406697,67066.74020808574,58987.77001139879,48324.5309755616,39840.760143799096,39811.735451536624,35866.60573535864,36140.3246475172,38757.806865217244,29547.754982728482,22766.103303553085,19135.912385426414,19686.201897486855,19848.779382710705,18264.44448801549,19042.378874662456,19786.36455098315,17116.065684073328,20743.686836233148,20140.783469775415,14812.920092466147,22382.84206851183,29323.853261827517,31946.49025792777,33156.84734914954,32417.962795431675,32152.43674261435,32306.66872386203,30798.094711483292,31341.97808194192,30573.428422419875,30702.216206812103,35169.633573786254,37918.54058292379,40451.25516569738,41137.96992767196,41113.869394273475,39852.51291156986,35124.085394102556,32568.498175450142,33545.346271839,33578.33096519638,32311.18000085365,31073.153730062422,29882.212649569756,29454.442638882883,27048.37069359583,26706.01916608642,26580.226474160663,25541.5378987908,26203.261725785578,26579.832164687632,24722.814370185697,24140.32579645838,24962.732075009095
datastructure,WB.DATA360:DS_DATA360(1.3),I,A,MAR,WB_WDI_NY_GDP_PCAP_KD,_T,_T,_T,USD_K_2015,_Z,_Z,_Z,_Z,CUR,2,WB_WDI,P1Y,0,A,PU,Annual,Morocco,GDP per capita (constant 2015 US$),Total,All age ranges or no breakdown by age,Total,"US dollars, 2015 constant prices",Not Applicable,Not Applicable,Not Applicable,Not Applicable,Currency,Two,World Development Indicators (WDI),Annual,Units,Normal value,Public,,,,,,,844.244873046875,904.050476074219,966.91650390625,1020.01104736328,1039.61254882813,1069.3251953125,1068.21313476563,1079.19360351563,1112.03527832031,1167.787109375,1263.17102050781,1306.12939453125,1301.05102539063,1328.20642089844,1340.24670410156,1281.85180664063,1359.98828125,1343.30456542969,1394.10388183594,1442.95849609375,1542.61840820313,1507.19995117188,1654.0068359375,1669.73254394531,1695.63647460938,1786.76281738281,1720.42248535156,1680.71044921875,1830.88061523438,1705.4482421875,1886.67224121094,1828.96862792969,1931.74047851563,1935.47875976563,1957.14135742188,2078.96606445313,2127.50708007813,2229.576171875,2301.08178710938,2342.15478515625,2489.99291992188,2540.615234375,2648.58569335938,2710.66650390625,2767.04223632813,2879.53930664063,2927.45043945313,3008.185546875,3051.458984375,3146.24780273438,3124.42504882813,3242.64428710938,3304.7119140625,3364.73950195313,3090.89428710938,3309.130859375,3334.91162109375,3421.21704101563,3516.15405273438,3643.8095703125
datastructure,WB.DATA360:DS_DATA360(1.3),I,A,LMC,WB_WDI_NY_GDP_PCAP_KD,_T,_T,_T,USD_K_2015,_Z,_Z,_Z,_Z,CUR,2,WB_WDI,P1Y,0,A,PU,Annual,Lower middle income,GDP per capita (constant 2015 US$),Total,All age ranges or no breakdown by age,Total,"US dollars, 2015 constant prices",Not Applicable,Not Applicable,Not Applicable,Not Applicable,Currency,Two,World Development Indicators (WDI),Annual,Units,Normal value,Public,560.9414539817731,564.1782633172166,573.0670234016841,592.152758021288,619.8558063826973,617.0246962658317,609.1941238129352,602.9187553297824,612.7521779944443,643.5397902797322,676.2852372931802,690.5370653762668,683.9395441870516,696.4670002261857,712.0396935902436,717.0533729664179,737.1950853366114,760.4181288439023,767.3379145839477,754.3227842789066,766.9161601571601,757.3115028166203,752.7786897556367,743.9390862155165,752.9001186825597,769.3489401747884,780.4424213274842,789.2674883704808,823.3746704511535,822.7699606974619,845.3888436658145,847.3646431235723,859.2103548837958,855.3317770455692,865.0836912506413,888.1008140391975,921.763540474801,937.3721467482341,960.7029110297595,988.5855911401094,1007.3719868817547,1030.5442064033316,1049.894131153245,1086.006052285188,1145.8438545220379,1202.5594352410856,1266.0225239721622,1330.2294230029431,1366.5444248754677,1423.3286814790833,1490.6456886437284,1533.9531399978762,1584.6606084616292,1645.1919194005422,1713.0101206977597,1780.6885369547088,1842.1508227492202,1902.900197310872,1968.6300442685945,2008.1888006320883,1897.7170729303955,2001.0394104158177,2100.101586142823,2182.511861435581,2270.1100459282557,2374.49400143309
datastructure,WB.DATA360:DS_DATA360(1.3),I,A,VCT,WB_WDI_NY_GDP_PCAP_KD,_T,_T,_T,USD_K_2015,_Z,_Z,_Z,_Z,CUR,2,WB_WDI,P1Y,0,A,PU,Annual,St. Vincent and the Grenadines,GDP per capita (constant 2015 US$),Total,All age ranges or no breakdown by age,Total,"US dollars, 2015 constant prices",Not Applicable,Not Applicable,Not Applicable,Not Applicable,Currency,Two,World Development Indicators (WDI),Annual,Units,Normal value,Public,1888.2424878599759,1939.6646928775401,1979.8263661904691,1828.8030556231136,1870.0163041000335,1862.1234432527192,1839.3657750471473,1645.0306540881195,1733.5207401064843,1765.5751914204561,1936.8418679623733,1975.635089620603,2462.6340849890325,2169.2620684543226,1960.7350067138473,1796.5524456671033,1967.1053347743546,2209.828595420578,2407.5773588894854,2472.0972443968817,2514.6224057385234,2609.113409111989,2702.8710053006703,2739.023963173273,2896.408734069931,3052.1749226273637,3200.2312677336845,3193.2099140107307,3621.0173032168345,3651.6530526140264,3784.799429467061,3813.793988744353,4046.6863845604184,4210.24289444354,4150.97674020379,4468.2639426109645,4522.93058114134,4680.555821857067,4870.320866530591,4994.11436770598,5067.967394673761,5158.566176788466,5441.526488675358,5816.2078835940665,6071.949452692205,6244.3595374600845,6707.278759857341,6960.17151500732,7019.995084387397,6955.82358345268,6678.042006973079,6674.581989661024,6790.683259582751,6996.573861513324,7116.220713472066,7353.7355605418425,7702.894263564697,7872.926905370766,8179.995989570836,8294.674344866655,7989.746519335968,8211.335880129422,8532.738134133895,9051.352080110068,9485.18771201686,9874.856773128458
datastructure,WB.DATA360:DS_DATA360(1.3),I,A,LAC,WB_WDI_NY_GDP_PCAP_KD,_T,_T,_T,USD_K_2015,_Z,_Z,_Z,_Z,CUR,2,WB_WDI,P1Y,0,A,PU,Annual,Latin America & Caribbean (excluding high income),GDP per capita (constant 2015 US$),Total,All age ranges or no breakdown by age,Total,"US dollars, 2015 constant prices",Not Applicable,Not Applicable,Not Applicable,Not Applicable,Currency,Two,World Development Indicators (WDI),Annual,Units,Normal value,Public,3237.6982161524465,3338.3618012861493,3393.017306798855,3359.2084836033528,3522.689580830584,3623.548886929669,3682.9263539676153,3741.549296365216,3915.2732975341596,4067.4513257901735,4237.598026558734,4410.517065718183,4622.336147702651,4899.395932058822,5091.90148557368,5180.618219206348,5342.233750936966,5467.535876115142,5566.016646938062,5825.935073754331,6051.994417874031,5978.058176783438,5871.740296921406,5608.3161477816075,5703.701376096647,5756.1542213867715,5832.609471846595,5898.895455452009,5814.183531255331,5749.024036163148,5624.514512878495,5690.332990515528,5711.273551563055,5846.013999154293,6037.07088878282,5966.420469822027,6092.065441331604,6315.73345752879,6383.443844853368,6305.85375785725,6437.961100485131,6362.432155437301,6280.19153327588,6328.85389898797,6598.99754541507,6788.8007881926815,7067.056404365682,7361.295671715103,7550.463641346561,7282.421127314847,7665.029188404074,7916.871812793294,8023.115947403695,8155.351282350074,8162.136224656385,8087.332423254248,7932.49607746858,7986.116048582288,8010.593204299599,7962.193143570826,7368.613186540146,7827.41188417897,8089.044305731604,8203.238951375028,8307.706458393533,8434.216310859927
datastructure,WB.DATA360:DS_DATA360(1.3),I,A,AUT,WB_WDI_NY_GDP_PCAP_KD,_T,_T,_T,USD_K_2015,_Z,_Z,_Z,_Z,CUR,2,WB_WDI,P1Y,0,A,PU,Annual,Austria,GDP per capita (constant 2015 US$),Total,All age ranges or no breakdown by age,Total,"US dollars, 2015 constant prices",Not Applicable,Not Applicable,Not Applicable,Not Applicable,Currency,Two,World Development Indicators (WDI),Annual,Units,Normal value,Public,11894.744354062912,12484.80894665879,12737.18550937124,13179.352625535286,13893.585991540316,14283.99748253075,14984.553142569996,15320.358382738143,15922.63866100376,16863.586323827174,18001.78307520079,18838.315599346653,19891.825985429663,20749.34399378701,21530.634222743232,21509.3123429813,22533.880334500762,23669.50863489852,23638.77840660432,24947.52707439609,25379.462993097,25278.295236062015,25768.21927355838,26577.245471978946,26592.546919043896,27244.21483865111,27853.504987276494,28213.663399263616,29102.322254000344,30097.651287846777,31167.18579786983,31919.557352027776,32231.121614152245,32134.829913593687,32780.34194233695,33603.42782635584,34301.65621513816,34998.032117393384,36180.749057126464,37468.86988697939,38571.08587800012,38929.75380054502,39313.72251075449,39569.28855673293,40333.33071838939,40989.01317789755,42120.15570020217,43568.830224394114,44063.8642019916,42372.47582547629,43035.407353193295,44146.19568052944,44221.459953089274,43851.36754974038,43838.834589213715,43915.22802085699,44362.67028051158,45056.63859124121,45951.58191640344,46550.56224594918,43428.69831372342,45368.64343373677,47332.424035797136,46497.91146403411,45958.82500712614,46090.251417045896
datastructure,WB.DATA360:DS_DATA360(1.3),I,A,ERI,WB_WDI_NY_GDP_PCAP_KD,_T,_T,_T,USD_K_2015,_Z,_Z,_Z,_Z,CUR,2,WB_WDI,P1Y,0,A,PU,Annual,Eritrea,GDP per capita (constant 2015 US$),Total,All age ranges or no breakdown by age,Total,"US dollars, 2015 constant prices",Not Applicable,Not Applicable,Not Applicable,Not Applicable,Currency,Two,World Development Indicators (WDI),Annual,Units,Normal value,Public,,,,,,,,,,,,,,,,,,,,,,,,,,,,,,,,,642.0722335272092,705.9884051580366,829.9150372272684,806.7029953289561,838.6605726352142,895.0337734520532,899.0829741991022,886.0536792183865,845.1324300605436,893.2687354391927,889.0091135929823,830.3796722826013,808.5914201845922,809.7947934688887,789.4024320180846,789.072701743247,693.3988742124936,702.4309364807783,703.8773743816538,751.3748997946678,,,,,,,,,,,,,,
datastructure,WB.DATA360:DS_DATA360(1.3),I,A,CYP,WB_WDI_NY_GDP_PCAP_KD,_T,_T,_T,USD_K_2015,_Z,_Z,_Z,_Z,CUR,2,WB_WDI,P1Y,0,A,PU,Annual,Cyprus,GDP per capita (constant 2015 US$),Total,All age ranges or no breakdown by age,Total,"US dollars, 2015 constant prices",Not Applicable,Not Applicable,Not Applicable,Not Applicable,Currency,Two,World Development Indicators (WDI),Annual,Units,Normal value,Public,,,,,,,,,,,,,,,,6173.3154296875,7484.82861328125,8708.4462890625,9350.986328125,10197.6572265625,10667.833984375,10756.251953125,11269.810546875,11801.1875,12669.4892578125,13127.521484375,13458.51953125,14253.55078125,15322.6796875,16306.3203125,17144.4609375,16829.904296875,17928.53125,17623.275390625,18281.01171875,19453.837890625,19385.27734375,19617.17578125,20562.287109375,21349.740234375,22383.955078125,23019.240234375,23604.177734375,23930.7734375,24799.63671875,25631.35546875,26395.490234375,27156.806640625,27449.212890625,26183.673828125,26090.037109375,25538.76953125,24285.484375,22711.708984375,22373.56640625,23088.4296875,24477.974609375,25665.990234375,26962.392578125,28167.146484375,26895.671875,29517.05859375,31505.2109375,32022.01953125,32757.541015625,33526.828125
datastructure,WB.DATA360:DS_DATA360(1.3),I,A,TTO,WB_WDI_NY_GDP_PCAP_KD,_T,_T,_T,USD_K_2015,_Z,_Z,_Z,_Z,CUR,2,WB_WDI,P1Y,0,A,PU,Annual,Trinidad and Tobago,GDP per capita (constant 2015 US$),Total,All age ranges or no breakdown by age,Total,"US dollars, 2015 constant prices",Not Applicable,Not Applicable,Not Applicable,Not Applicable,Currency,Two,World Development Indicators (WDI),Annual,Units,Normal value,Public,4289.580161401914,4788.560712672265,4824.5834589262,5000.616105010242,5286.926000036028,5234.94990319612,5363.4870336884915,5395.893097337491,5603.544895398813,5687.883230852453,5824.9332555607725,5820.288972692068,6081.889119646719,6104.855497628269,6258.693859697052,6274.580699268995,6596.0692972603365,7109.453385851926,7722.665138539229,7897.637476512667,8608.641031415287,8896.496910946717,9131.573699553006,8102.012029813447,7555.023981781571,7156.060129880896,6830.747717686598,6442.887063725996,6126.405536124936,6019.136608881008,6058.215216401529,6197.462428472458,6771.984158421281,6680.48480038241,6876.498572178983,7100.853812457229,7573.785608286754,8112.942858788674,8742.699310522401,9412.081083784455,10023.020666920676,10395.204104221793,11165.960015837973,12714.500433484593,13657.253499560436,15075.417970990233,17021.224167956243,17758.69952246515,18285.273544199208,17461.96409400546,17938.094945946294,17746.509252615033,18835.66741229544,19392.197459378287,20032.540200171752,19887.232771649797,18331.03445975802,17402.615532845415,17205.61513533899,17225.361633712047,15679.961148682514,15558.094053682897,15712.230497272045,15922.766834978771,16312.484955571577,16190.712981883007
datastructure,WB.DATA360:DS_DATA360(1.3),I,A,MCO,WB_WDI_NY_GDP_PCAP_KD,_T,_T,_T,USD_K_2015,_Z,_Z,_Z,_Z,CUR,2,WB_WDI,P1Y,0,A,PU,Annual,Monaco,GDP per capita (constant 2015 US$),Total,All age ranges or no breakdown by age,Total,"US dollars, 2015 constant prices",Not Applicable,Not Applicable,Not Applicable,Not Applicable,Currency,Two,World Development Indicators (WDI),Annual,Units,Normal value,Public,,,,,,,,,,,72837.68940484399,75563.49133608937,78166.26662421846,82591.47494225562,85729.7692879639,84013.67759229631,86381.9754388114,88164.35942289724,90506.29554434892,92704.92414267817,93468.0194964091,93739.13757551312,95085.55843995526,94848.68319007254,94912.47281096608,95274.26696833264,96396.18310109056,97606.90411311845,100947.00703097858,104091.04585503026,105878.32303217993,106020.66808343901,106557.97409835852,104739.7452136205,106244.84870640255,107691.03695775884,108107.40220747754,109746.97793227933,112873.55146937605,116084.526849631,120456.44975519917,123122.06508030112,124481.82174779462,126022.17989476379,129403.34417051758,132253.1562791387,140615.11273668267,162028.40453360346,163243.6755304565,142375.46512883404,141814.7200267325,148272.64234346544,146472.609057682,157167.9012011486,165288.12270432178,170437.0211286285,173120.1084651284,165781.70124864407,173041.67977474286,185582.6685164802,161262.85013416669,194674.68616426204,214359.5051345753,225884.0771991251,247170.10380707998,
datastructure,WB.DATA360:DS_DATA360(1.3),I,A,MAC,WB_WDI_NY_GDP_PCAP_KD,_T,_T,_T,USD_K_2015,_Z,_Z,_Z,_Z,CUR,2,WB_WDI,P1Y,0,A,PU,Annual,"Macao SAR, China",GDP per capita (constant 2015 US$),Total,All age ranges or no breakdown by age,Total,"US dollars, 2015 constant prices",Not Applicable,Not Applicable,Not Applicable,Not Applicable,Currency,Two,World Development Indicators (WDI),Annual,Units,Normal value,Public,,,,,,,,,,,,,,,,,,,,,,,23029.931281133035,23959.939981358013,24741.820481244602,24333.687427176785,25405.948337411704,28015.269643785527,29328.930045938563,29940.47637496899,31378.830418313297,30982.378828905366,33280.85314052316,33812.632606463776,34113.75316464758,34162.01258626869,33543.25362817669,33273.32635705168,31376.422564964603,30270.808569614084,31772.630253165575,32441.67601835812,34967.891456181336,38581.69761893217,47665.93303866428,49470.94029574798,53240.204575027645,58376.117604727464,58146.328584671355,59528.8350159491,74195.05777623436,88168.9713699088,93192.88585394097,99054.49802897162,92383.84349152763,69902.96057412325,68391.34154919215,75650.12618404519,79178.65062905595,75724.6078280261,33853.77615501092,41634.23861399028,34000.71341283081,59474.396425161365,63377.293212921366,66444.07697385801
datastructure,WB.DATA360:DS_DATA360(1.3),I,A,LCA,WB_WDI_NY_GDP_PCAP_KD,_T,_T,_T,USD_K_2015,_Z,_Z,_Z,_Z,CUR,2,WB_WDI,P1Y,0,A,PU,Annual,St. Lucia,GDP per capita (constant 2015 US$),Total,All age ranges or no breakdown by age,Total,"US dollars, 2015 constant prices",Not Applicable,Not Applicable,Not Applicable,Not Applicable,Currency,Two,World Development Indicators (WDI),Annual,Units,Normal value,Public,,,,,,,,,,,,,,,,,,4232.458635569497,4600.425871881721,4706.084259668617,4533.615590720623,4745.075348390012,4768.4731329811175,4926.91157454487,5200.740791760129,5540.547748768712,6238.039974629673,6386.068153638352,7178.182098918575,7736.209390603118,8418.431219705863,8349.337480601595,8879.900757640793,8800.62691819002,8808.682944057588,8822.50069854295,8945.863530796727,8759.567553080647,9183.351637462198,9306.760324898329,9198.938943522027,8795.545820906578,8755.459393531291,9054.067783745166,9637.378013902759,9527.584694305417,10045.650403259267,10147.443245993638,10583.431017259794,10219.802401156112,10191.314682769362,10576.897974359601,10517.277763553318,10279.415509600112,10369.938256651329,10334.986082391815,10644.161291340659,10960.484351247665,11233.888357845675,11077.94798238066,8512.818398735299,9447.300592446387,11258.611079056445,11665.682604781761,12190.797089015608,12093.563463916684
datastructure,WB.DATA360:DS_DATA360(1.3),I,A,SMR,WB_WDI_NY_GDP_PCAP_KD,_T,_T,_T,USD_K_2015,_Z,_Z,_Z,_Z,CUR,2,WB_WDI,P1Y,0,A,PU,Annual,San Marino,GDP per capita (constant 2015 US$),Total,All age ranges or no breakdown by age,Total,"US dollars, 2015 constant prices",Not Applicable,Not Applicable,Not Applicable,Not Applicable,Currency,Two,World Development Indicators (WDI),Annual,Units,Normal value,Public,,,,,,,,,,,,,,,,,,,,,,,,,,,,,,,,,,,,,,48409.52583570856,51376.413029320705,55318.420868065376,55806.8967854415,58173.267348590736,57615.38406070291,59090.20643743854,58393.19731404687,59049.550798523735,60604.323539360375,62776.91782758214,61572.71578474813,52873.24432369487,49672.67535895941,46450.00420701988,42082.536454205576,42293.46798079172,42492.83173827495,43146.80353020054,43886.196508111425,43057.75824845708,42818.675595961424,43525.40397981762,40506.8341853183,46834.11723638728,51277.32424685828,51323.77410029275,,
datastructure,WB.DATA360:DS_DATA360(1.3),I,A,LIC,WB_WDI_NY_GDP_PCAP_KD,_T,_T,_T,USD_K_2015,_Z,_Z,_Z,_Z,CUR,2,WB_WDI,P1Y,0,A,PU,Annual,Low income,GDP per capita (constant 2015 US$),Total,All age ranges or no breakdown by age,Total,"US dollars, 2015 constant prices",Not Applicable,Not Applicable,Not Applicable,Not Applicable,Currency,Two,World Development Indicators (WDI),Annual,Units,Normal value,Public,,,,,,,,660.5051451487701,665.3481973871618,684.654926384689,686.093744279189,700.0015072871515,693.6055791474562,685.425733816164,705.7125973540195,705.5737983095137,710.200987522268,711.4180029825168,690.0256883151291,675.2404469848833,676.6382846795789,683.2873446503233,675.0498932934472,667.394991045519,643.9523101293371,630.9836493509971,630.026475705315,644.4238651937945,649.9342577852369,631.6983766933452,597.2250501221696,590.0907954080635,571.934987077852,560.451938451747,552.5307609550691,562.9457378540399,577.3219964579263,594.3091081354977,601.897051614663,600.0691712841734,602.5740944298209,614.0798248535807,628.3419505187026,636.6815704799625,658.395846852181,682.3097402413215,700.5081625767277,722.632713618076,741.1177968886903,747.4243599646267,778.4498844651195,759.6601241859191,716.0906552789901,726.8230627580414,736.0000915813864,714.8364503262943,708.8678553447419,711.7367644583395,716.4095888331221,723.8419478002847,705.6360084477378,700.7021890419018,707.9206089762117,697.417753503119,701.876749725515,719.7422520641733
datastructure,WB.DATA360:DS_DATA360(1.3),I,A,AFW,WB_WDI_NY_GDP_PCAP_KD,_T,_T,_T,USD_K_2015,_Z,_Z,_Z,_Z,CUR,2,WB_WDI,P1Y,0,A,PU,Annual,Africa Western and Central,GDP per capita (constant 2015 US$),Total,All age ranges or no breakdown by age,Total,"US dollars, 2015 constant prices",Not Applicable,Not Applicable,Not Applicable,Not Applicable,Currency,Two,World Development Indicators (WDI),Annual,Units,Normal value,Public,1130.4383879410398,1127.5988997354189,1144.9466661959407,1199.2222698736016,1236.2944006385317,1259.0042636983842,1212.6654411291033,1079.5667771693743,1071.9975959619005,1204.353991797411,1379.1261882972778,1486.3027460969065,1496.2564218921457,1516.221855030508,1623.8138315368974,1549.1102514314864,1635.1289094050674,1663.8754918545876,1587.045230990373,1620.3590987968785,1604.5450867626776,1455.9568599771976,1368.1791616380824,1247.8024714032063,1221.4548831266984,1251.831000025584,1233.4101234067316,1217.0362713726863,1240.426400695336,1227.3233221123442,1262.0280483605848,1242.8559169251066,1236.7483863678603,1187.8917613722879,1154.0789166957795,1143.7450348423254,1164.3876174809845,1182.8322460334384,1192.2832696899798,1177.8402145342404,1189.609894807414,1217.48637912529,1301.4528484552054,1336.5350936006334,1404.1545210646677,1443.989572010199,1477.9625266421872,1515.0451326170357,1564.2103448337975,1614.4402311038323,1679.8619541977007,1713.4750735822718,1752.0487733988302,1808.0554243738295,1859.6508294951323,1863.4015130199139,1817.660956206293,1811.554716467654,1817.650664025686,1832.1636948548978,1722.4489822044306,1725.1712167383885,1761.0594514084712,1782.326070042659,1820.0704460850704,1860.3658554956446
datastructure,WB.DATA360:DS_DATA360(1.3),I,A,JPN,WB_WDI_NY_GDP_PCAP_KD,_T,_T,_T,USD_K_2015,_Z,_Z,_Z,_Z,CUR,2,WB_WDI,P1Y,0,A,PU,Annual,Japan,GDP per capita (constant 2015 US$),Total,All age ranges or no breakdown by age,Total,"US dollars, 2015 constant prices",Not Applicable,Not Applicable,Not Applicable,Not Applicable,Currency,Two,World Development Indicators (WDI),Annual,Units,Normal value,Public,6481.374422740527,7197.182144730581,7765.882927036889,8338.99399083672,9216.322215605973,9648.240546562049,10577.593776998581,11628.883317325171,12979.860485465037,14426.940655399241,14318.658800347663,14666.12287155719,15678.891945691,16701.629766936076,16279.105390085644,16570.149038446805,17045.178441884673,17622.10330935959,18383.075092403516,19227.734800587987,19614.292229985604,20291.56795862804,20818.804433715224,21402.86653665414,22221.8862508533,23238.925224365772,23884.484164286412,24894.091263432165,26472.77490412779,27648.08476462022,28904.76588630729,29775.391651584025,29916.65299570807,29665.387101728706,29876.45475276395,30504.533252900485,31371.432405964006,31723.338253842485,31076.43866265568,30911.92431805337,31779.378845903222,31793.126948548885,31746.243010571277,32115.581078537303,32783.1292835489,33385.91795903275,33880.68900934556,34426.69371248669,34008.59151473621,31993.858805370623,33311.2872381879,33306.18022597194,33909.491185524326,34636.692474616626,34996.87967566315,35664.64461106127,35934.44678866619,36547.73574373052,36899.384707943515,36837.25836531125,35363.29969517887,36792.55642947405,37448.35048248489,37902.54922044109,37976.637178829784,38619.33670734855
datastructure,WB.DATA360:DS_DATA360(1.3),I,A,NZL,WB_WDI_NY_GDP_PCAP_KD,_T,_T,_T,USD_K_2015,_Z,_Z,_Z,_Z,CUR,2,WB_WDI,P1Y,0,A,PU,Annual,New Zealand,GDP per capita (constant 2015 US$),Total,All age ranges or no breakdown by age,Total,"US dollars, 2015 constant prices",Not Applicable,Not Applicable,Not Applicable,Not Applicable,Currency,Two,World Development Indicators (WDI),Annual,Units,Normal value,Public,17770.537309630294,17996.299440349183,18085.105569863357,18811.24245904912,19545.552943440805,20400.821266036975,21290.79527374652,19954.242076855026,19770.313326115393,21591.764436561352,21002.917978189664,21474.78686041517,22178.422208046974,23444.975191181704,24337.30442306262,23455.088729320974,23464.410637967456,22470.698010781733,22535.059110311155,23119.344715664687,23386.918265364693,24381.742179724766,24365.14618407136,24875.372643021623,25843.014090163015,26098.71809969119,26813.452823739164,26839.214043814307,26676.082610003545,26592.054624787037,26383.747217884433,24865.504251448347,24878.72898573608,26166.825450811986,27141.20866096566,28013.583741260893,28563.84123214975,28776.547919896566,28766.268668004628,30155.919133998315,30839.29538660917,31705.248353125295,32628.4322594563,33502.64907556964,34358.62890461429,35112.07694814743,35649.02584952245,36400.01533089522,35722.227426258076,35352.642845369184,35476.371360915364,35961.91195925897,36588.81974717698,37240.027916682186,38025.46749986318,38648.73025621088,39205.0341298225,39667.68842362722,40257.91392608035,40615.72669465428,39702.31120904178,41309.819845134414,42716.08667830337,42501.49320449682,41415.4670639187,41336.02204348014
datastructure,WB.DATA360:DS_DATA360(1.3),I,A,STP,WB_WDI_NY_GDP_PCAP_KD,_T,_T,_T,USD_K_2015,_Z,_Z,_Z,_Z,CUR,2,WB_WDI,P1Y,0,A,PU,Annual,São Tomé and Príncipe,GDP per capita (constant 2015 US$),Total,All age ranges or no breakdown by age,Total,"US dollars, 2015 constant prices",Not Applicable,Not Applicable,Not Applicable,Not Applicable,Currency,Two,World Development Indicators (WDI),Annual,Units,Normal value,Public,,,,,,,,,,,985.0918023687698,1015.7466679319441,1017.0812132043554,1011.3497567953343,1045.1767062303695,1075.5255221748353,1065.9394159313126,1281.277076557039,1283.357083623803,1454.9687202311745,1405.760615318628,1234.8208538011709,1249.5026822275297,1179.5562604075894,1087.4415335998528,1163.8072425013695,1071.3616438149345,1014.6912583166375,1008.243594027105,1013.5076036126519,967.4908075028136,957.9464830636791,946.4824951032879,939.6066694380186,943.891404294867,947.3315385351995,947.0301513099606,942.9711852956776,953.9855008639005,966.2268289094998,959.938180991352,973.4242521004359,982.3290655762701,1036.8619626020688,1047.057961348842,1089.1477879876234,1157.0861446541956,1170.5161247443473,1214.141147247925,1225.6054190299687,1216.3502521663027,1214.9613027673126,1225.694525561499,1263.7042399528104,1301.3214644502832,1298.1094659639627,1342.5338076889968,1375.5940328419854,1413.843486185414,1420.660083160912,1430.8411929909644,1428.2867609797488,1403.233567046782,1380.6016941625683,1373.270821384363,1360.1495315823277
datastructure,WB.DATA360:DS_DATA360(1.3),I,A,VEN,WB_WDI_NY_GDP_PCAP_KD,_T,_T,_T,USD_K_2015,_Z,_Z,_Z,_Z,CUR,2,WB_WDI,P1Y,0,A,PU,Annual,"Venezuela, RB",GDP per capita (constant 2015 US$),Total,All age ranges or no breakdown by age,Total,"US dollars, 2015 constant prices",Not Applicable,Not Applicable,Not Applicable,Not Applicable,Currency,Two,World Development Indicators (WDI),Annual,Units,Normal value,Public,4060.4147616646533,4043.458162550987,4237.6609144609165,4253.767271675065,4569.0561303971035,4602.179275798616,4519.268550466466,4497.642854680178,4674.651753908364,4561.505396874552,4763.350902553911,4688.393627440107,4607.96565874392,4791.303844692081,4748.785446318255,4745.624780363557,4965.67045974867,5126.158252381627,5097.304841658882,4991.585115489646,4638.42050983556,4454.622335574537,4445.33179135954,3909.2596213441966,4003.499601971119,3925.302585707759,4060.77175121478,4150.8960646283385,4306.46260516457,3611.621733376834,3761.0050178106812,4024.3429864495774,4168.511861625219,4086.1374503989996,3905.123067580151,3973.559205189614,3881.5974399405254,4044.095707484548,3982.5401362753328,3673.6285714109285,3732.1515247560196,3789.565782374063,3396.8974636202524,3078.2614102609923,3576.823706242669,3875.8140962846446,4190.566070501255,4489.565716625942,4655.651367150991,4451.374460741645,4323.733015346774,4444.551590794942,4638.412098004867,4642.551493147785,4412.979592131297,4096.619891374734,3374.4309160818475,2863.332278463655,2359.382383450055,1759.0554736454792,1255.8645706811851,1272.9439751652712,1376.9380122712503,1427.8865594380543,1501.2220794932673,1518.84742704495
datastructure,WB.DATA360:DS_DATA360(1.3),I,A,CHL,WB_WDI_NY_GDP_PCAP_KD,_T,_T,_T,USD_K_2015,_Z,_Z,_Z,_Z,CUR,2,WB_WDI,P1Y,0,A,PU,Annual,Chile,GDP per capita (constant 2015 US$),Total,All age ranges or no breakdown by age,Total,"US dollars, 2015 constant prices",Not Applicable,Not Applicable,Not Applicable,Not Applicable,Currency,Two,World Development Indicators (WDI),Annual,Units,Normal value,Public,3222.6832069109482,3330.5270797451835,3391.2706785212076,3512.570100273897,3528.8579265411963,3485.361046723499,3813.4880420372015,3879.6639952190253,3948.300265721634,4040.0058011805977,4039.582210038685,4353.536195492386,4252.435671218866,3973.503972683603,3959.7958247547513,3419.827971160305,3488.609518055333,3818.6280430353204,4063.4185032228193,4341.278840055086,4627.193490610485,4866.126697763657,4244.098993832709,3975.6223055630608,4072.5046490735326,4153.370199300251,4310.54362901388,4528.633376965201,4783.260352209051,5192.613800448236,5290.5369483553495,5606.865572770472,6151.765464543263,6461.73217350303,6688.297177047073,7201.131003614406,7605.289530106027,8058.942288015349,8287.450610965467,8161.451688721856,8465.353032588642,8632.014824405604,8810.690527122566,9130.7842621819,9642.374786512277,10104.420839137292,10611.614401287736,11051.345071767773,11356.092210598314,11116.409344310288,11649.28970908564,12252.844107461458,12882.834417927043,13182.732961985574,13285.954036119223,13433.920298703233,13505.097711132956,13473.345853293376,13763.006884479453,13631.928488517196,12680.77615243779,14056.251601954968,14275.409464621072,14294.710663559546,14616.928793802826,14904.643550977606
datastructure,WB.DATA360:DS_DATA360(1.3),I,A,BWA,WB_WDI_NY_GDP_PCAP_KD,_T,_T,_T,USD_K_2015,_Z,_Z,_Z,_Z,CUR,2,WB_WDI,P1Y,0,A,PU,Annual,Botswana,GDP per capita (constant 2015 US$),Total,All age ranges or no breakdown by age,Total,"US dollars, 2015 constant prices",Not Applicable,Not Applicable,Not Applicable,Not Applicable,Currency,Two,World Development Indicators (WDI),Annual,Units,Normal value,Public,393.8617424871663,409.5021664692475,426.9016378518569,441.72804556941907,460.82443413060724,480.4906497733853,508.14172728013926,535.4052471457425,588.9071895949045,674.3899890558095,785.4748844427785,971.5928993836179,1184.4737005607494,1370.7328273285584,1419.442068542569,1464.6878520085809,1539.173872999815,1635.5125914087387,1760.570703640008,1859.4945788764164,2002.9961527223481,2111.345638889047,2276.0498245967256,2484.5179557106735,2603.4486567900444,2693.7818815168457,2816.7693715822975,3050.231762450119,3536.423253878771,3888.730451139246,4039.4654445509887,4224.098575449484,4226.73999498293,4186.145473583633,4219.440808867804,4399.1388580936,4543.210534927304,4809.443918467196,4724.936709420278,5070.947720487288,5062.642891735881,4971.963717941883,5175.476553172314,5320.440295139003,5369.42516766112,5514.217426647054,5865.000265213611,6085.6354476126,6158.61629368051,5179.413860714604,5584.5034321846,5850.078585754607,5742.9192445263625,6284.976780026177,6547.122541158922,6141.203947266163,6490.834635934826,6662.576448054672,6843.846120277393,6951.731890511457,6254.248062410908,6895.911849431069,7159.586061826801,7269.051706644575,6952.347703866605,6790.93284822604
datastructure,WB.DATA360:DS_DATA360(1.3),I,A,MNA,WB_WDI_NY_GDP_PCAP_KD,_T,_T,_T,USD_K_2015,_Z,_Z,_Z,_Z,CUR,2,WB_WDI,P1Y,0,A,PU,Annual,"Middle East, North Africa, Afghanistan & Pakistan (excluding high income)",GDP per capita (constant 2015 US$),Total,All age ranges or no breakdown by age,Total,"US dollars, 2015 constant prices",Not Applicable,Not Applicable,Not Applicable,Not Applicable,Currency,Two,World Development Indicators (WDI),Annual,Units,Normal value,Public,1025.3829865797761,1037.0984340382136,1037.2782182051706,1123.8977645275177,1205.958215892672,1317.8923818606318,1374.4974964216424,1438.3488895477617,1572.8591229372032,1698.5294584204223,1795.867379816741,1844.880085193438,2009.055525008112,2061.0226090828564,2152.2597701077298,2155.9666889530235,2410.3483669563648,2379.8013451223205,2267.851742650246,2189.8149260476803,2053.8963541064227,1963.1917208165885,2111.7389149637806,2144.264389495036,2081.1851613814924,2104.8159768968676,2004.6295310002884,1964.6719207455385,1942.024717733957,1939.0297229860985,2058.3455519092095,2025.6458674477965,2068.6810843000962,2045.067833708919,2039.8715311660196,2049.57795043634,2120.58983432008,2143.402485931977,2207.698152790662,2248.282579705973,2325.1742387379313,2340.6562424534036,2365.6561822289477,2376.113023857575,2501.7884453281667,2566.7820891608167,2644.5849569840616,2738.1087761132358,2772.410823014079,2788.7169688533736,2860.9214066033737,2791.243812429399,2833.1422287683117,2810.8353399864313,2825.6161727076183,2808.6233441937025,2916.7074451860067,2965.7572545696376,2975.079856842624,2963.2071825689814,2835.404493041196,2908.1534361664303,2982.783355556395,3016.2521002044887,3032.0052425079466,3042.413168684454
datastructure,WB.DATA360:DS_DATA360(1.3),I,A,BTN,WB_WDI_NY_GDP_PCAP_KD,_T,_T,_T,USD_K_2015,_Z,_Z,_Z,_Z,CUR,2,WB_WDI,P1Y,0,A,PU,Annual,Bhutan,GDP per capita (constant 2015 US$),Total,All age ranges or no breakdown by age,Total,"US dollars, 2015 constant prices",Not Applicable,Not Applicable,Not Applicable,Not Applicable,Currency,Two,World Development Indicators (WDI),Annual,Units,Normal value,Public,,,,,,,,,,,409.39951009811966,406.2914189185534,397.2620374852882,389.59392151119204,395.97778052766995,370.0560394815744,389.6654260647115,406.3373688074205,420.68220322594675,426.1595615890842,432.8386434886823,482.2357227771529,483.02353447228325,516.6780561591635,523.4221651529422,527.7916003545515,570.0542881927412,713.5871458389358,725.5549161934968,756.3809756783213,812.6713255887388,795.1918428653831,863.4638956932703,917.2912926898122,963.0165742916795,1043.387489816736,1099.8581782483107,1138.399223188471,1182.987810733161,1248.616008428105,1259.623764523495,1321.0987823027945,1427.2569331731463,1506.4152751782012,1552.7391519580144,1632.0216950057347,1701.1187817358618,1952.257346037786,2017.7601891340285,2148.564803750341,2378.728107609852,2552.488710730937,2654.7479894602684,2671.0746020117135,2797.818839719079,2954.0408191109696,3173.3677321743057,3211.809032755935,3300.5500646173587,3467.3859897935567,3092.124283993629,3206.2036699725377,3349.733096327985,3480.5138852318423,3717.2105311470564,3988.7811806797226
datastructure,WB.DATA360:DS_DATA360(1.3),I,A,QAT,WB_WDI_NY_GDP_PCAP_KD,_T,_T,_T,USD_K_2015,_Z,_Z,_Z,_Z,CUR,2,WB_WDI,P1Y,0,A,PU,Annual,Qatar,GDP per capita (constant 2015 US$),Total,All age ranges or no breakdown by age,Total,"US dollars, 2015 constant prices",Not Applicable,Not Applicable,Not Applicable,Not Applicable,Currency,Two,World Development Indicators (WDI),Annual,Units,Normal value,Public,,,,,,,,,,,79709.48065397514,77675.34649127063,77353.17131459387,77575.66956072589,74990.51132385226,72933.02576001771,72987.33303563381,62780.36328238469,63674.74222495507,62635.712624571526,58124.47885126902,55123.91604280529,48371.0591595479,44870.88202923957,44508.17497551911,41414.27593321219,41743.90089159611,40228.63288221407,41126.78513337726,42209.69736469849,42210.130922787204,40169.03077066426,43310.76795852605,41423.72059923201,40756.92894761042,40528.4858249639,41126.21091411664,51382.616690415976,54189.98374337031,53562.769606824855,54948.22280553836,54316.54195119252,55493.60499977509,54970.41988868402,63107.00863464449,63555.62398204781,68036.62121647343,64614.04650719681,64393.59544798665,63939.80508314366,74271.90229590583,83533.49637910188,82441.74050830089,77379.67355995518,71756.06493383025,68985.29469615073,67294.45857713559,64497.69872253751,64410.81712809806,63430.46076095814,57769.60410435396,65488.511791112265,64315.62636436993,65111.03332148503,62395.311329711156,61734.69288108396
datastructure,WB.DATA360:DS_DATA360(1.3),I,A,PNG,WB_WDI_NY_GDP_PCAP_KD,_T,_T,_T,USD_K_2015,_Z,_Z,_Z,_Z,CUR,2,WB_WDI,P1Y,0,A,PU,Annual,Papua New Guinea,GDP per capita (constant 2015 US$),Total,All age ranges or no breakdown by age,Total,"US dollars, 2015 constant prices",Not Applicable,Not Applicable,Not Applicable,Not Applicable,Currency,Two,World Development Indicators (WDI),Annual,Units,Normal value,Public,1312.5600603971566,1358.9413462841196,1412.5678477997435,1437.5148560746486,1527.2298879872935,1648.279831673036,1705.9905909455294,1736.1203808155256,1771.4380684082118,1874.0050619567473,2028.5358613525966,2105.1594991931365,2171.4966363310273,2259.8052747478305,2266.535215209552,2196.989348420243,2076.4353531639904,2048.9082542917,2177.1523981753508,2171.057418689555,2077.5836133952907,2029.4210528109882,1994.6129297261537,2016.0758807249772,1966.703970984967,2002.0229843576465,2051.252218165561,2062.9612180844997,2077.601608792895,2002.680815991731,1892.3067927944774,2008.3515194308875,2206.996333051723,2515.6383945070984,2570.336910619578,2397.400452988572,2492.079627627844,2310.9877397564273,2147.0452626691867,2112.095097395495,1989.5788220427419,1920.7800388939318,1854.4183173746192,1832.6787031444667,1821.8474107100153,1875.8227348051391,1915.2349405787975,2000.9726186689031,1934.0320155875288,2003.2410972703906,2140.509390273843,2102.031920606388,2139.4809666042834,2162.1059259559065,2391.357802816296,2484.5963398603,2557.0946303003548,2584.888363627105,2518.458993173212,2572.561779678961,2438.6113792229316,2378.389391466602,2467.240086289727,2515.285750965886,2566.910670577921,2664.690040424178
datastructure,WB.DATA360:DS_DATA360(1.3),I,A,PRE,WB_WDI_NY_GDP_PCAP_KD,_T,_T,_T,USD_K_2015,_Z,_Z,_Z,_Z,CUR,2,WB_WDI,P1Y,0,A,PU,Annual,Pre-demographic dividend,GDP per capita (constant 2015 US$),Total,All age ranges or no breakdown by age,Total,"US dollars, 2015 constant prices",Not Applicable,Not Applicable,Not Applicable,Not Applicable,Currency,Two,World Development Indicators (WDI),Annual,Units,Normal value,Public,971.4333099989966,946.189060615891,981.0462547275416,1012.6625288501198,1033.6387874181994,1052.5003973547568,1038.3646696521732,954.0948643971175,963.4297757681643,1044.4394699147276,1104.1209780673007,1175.2280769771667,1183.3245626646167,1197.822525096241,1261.2286178141214,1221.6613065135202,1269.5402800131553,1291.2711076383487,1250.05405439208,1280.409750062703,1296.4432741094636,1214.880161182017,1169.613065315626,1084.0013035667812,1060.5834129756252,1068.241653783021,1065.453381885972,1076.9385254183435,1089.3020765300687,1074.9547122754004,1132.1909261405585,1014.9233027058852,1008.3727861492787,970.9629593833379,939.9134664689367,939.4019928112494,966.2639625104222,1000.2093360604591,1039.934021138969,1053.1462281326794,1080.1260978933522,1095.6927449716184,1127.354114918586,1087.811457699475,1183.4294682329653,1217.743440998257,1256.9512006139444,1297.3993587689872,1341.1416792428067,1364.6602427594316,1413.5629792927552,1429.4885722999752,1447.5691341373695,1490.9957637613165,1523.1979782259002,1526.0409923196728,1521.0229211889873,1503.731439286004,1501.7732526105428,1507.8698553361978,1407.1534809382274,1402.4544605434562,1430.9036585373424,1429.188752476235,1439.7371211122506,1453.9694874135585
datastructure,WB.DATA360:DS_DATA360(1.3),I,A,LTU,WB_WDI_NY_GDP_PCAP_KD,_T,_T,_T,USD_K_2015,_Z,_Z,_Z,_Z,CUR,2,WB_WDI,P1Y,0,A,PU,Annual,Lithuania,GDP per capita (constant 2015 US$),Total,All age ranges or no breakdown by age,Total,"US dollars, 2015 constant prices",Not Applicable,Not Applicable,Not Applicable,Not Applicable,Currency,Two,World Development Indicators (WDI),Annual,Units,Normal value,Public,,,,,,,,,,,,,,,,,,,,,,,,,,,,,,,8333.35060476781,7847.017140858738,6185.535166234551,5206.442606470216,4730.69620782245,4924.096675307069,5211.100251979118,5685.449014910242,6154.172456406364,6129.99843995634,6384.308654263736,6854.525128266709,7374.097971011604,8218.693362898477,8851.92598922347,9692.868537632668,10577.214552287141,11889.354523465681,12324.519733138693,10612.920404458186,10884.116185258248,11836.720038403324,12516.618406566748,13145.806930996938,13753.189598230538,14269.803987828654,14823.107153522033,15695.999328845573,16604.902144080865,17431.723908159103,17443.655263279987,18572.289505109296,18873.84275272736,18748.93026471908,19205.415229313625,19762.834214281866
datastructure,WB.DATA360:DS_DATA360(1.3),I,A,IDA,WB_WDI_NY_GDP_PCAP_KD,_T,_T,_T,USD_K_2015,_Z,_Z,_Z,_Z,CUR,2,WB_WDI,P1Y,0,A,PU,Annual,IDA total,GDP per capita (constant 2015 US$),Total,All age ranges or no breakdown by age,Total,"US dollars, 2015 constant prices",Not Applicable,Not Applicable,Not Applicable,Not Applicable,Currency,Two,World Development Indicators (WDI),Annual,Units,Normal value,Public,731.2025115666495,721.5243856996937,745.4140334111967,761.9438064994403,778.6526557589275,792.34623590451,785.2210684768966,747.2797133037118,756.6697827660067,803.0741628219681,846.4883281738662,878.1766142820561,871.913310315723,883.7437556837747,923.705492364085,895.9753260801439,920.5013348330275,932.5393661613535,918.7781761249603,924.6554995002332,931.1725123580222,902.6108718711179,877.0473641653375,845.5061811071719,835.910428741259,846.8279318157141,848.3659177825017,855.4097957912679,872.810733092806,869.2134059243626,878.9881810080318,874.0211615248917,868.113676506683,852.3515694419167,839.0848402403974,846.9533769785289,866.0874606384125,877.0620616116879,885.3759275916101,889.9897381561179,902.727878479473,917.2220064984168,944.764140365419,966.7114217507725,1007.4207640897853,1044.6540414403617,1081.5860628718067,1118.4986107727198,1147.2462738938475,1176.8794999748009,1220.9512387225068,1242.3160465250098,1256.8933247136106,1297.8828758346642,1339.8986148876586,1357.9051932622963,1372.7296442096026,1397.3837046129843,1427.1488341421536,1451.1830548275677,1394.4154998194774,1418.9723350781933,1452.6702544889126,1466.4046761671932,1498.37807376176,1536.6710718056033
datastructure,WB.DATA360:DS_DATA360(1.3),I,A,BFA,WB_WDI_NY_GDP_PCAP_KD,_T,_T,_T,USD_K_2015,_Z,_Z,_Z,_Z,CUR,2,WB_WDI,P1Y,0,A,PU,Annual,Burkina Faso,GDP per capita (constant 2015 US$),Total,All age ranges or no breakdown by age,Total,"US dollars, 2015 constant prices",Not Applicable,Not Applicable,Not Applicable,Not Applicable,Currency,Two,World Development Indicators (WDI),Annual,Units,Normal value,Public,244.1672578733652,250.3940910126673,261.88091690319743,254.73118301603495,256.56891154956134,262.00131696778413,259.13028523800193,277.3131891714045,280.9603150150461,281.73763833433964,277.1841058137146,276.290476527029,277.84649611294196,274.1525064218179,291.30314550296123,294.05075564101196,312.38598906069143,306.319820987094,312.5463784412259,315.71696837442033,309.80528364599746,314.28658255995924,334.9604650152702,326.73027351331916,311.7883341852744,328.7151646304813,344.99391230664116,334.8889969592117,344.9044642012026,343.08982026075194,332.1532766609349,353.2067207573781,345.40181682334884,348.58121103268854,344.37118406950316,354.84118850286137,383.97358303114686,397.8389552573729,415.2735134702415,433.10472759723433,428.3097965661981,442.91412287004846,448.1288563170914,468.26304779012423,474.086412333459,499.1927975712173,514.1131317570615,519.2610121843395,533.4712999382883,533.470084831931,561.8472213024888,581.6036587374068,600.731343697818,616.7413311640822,624.5768851876654,630.124750752312,648.4204801760125,669.2763103283327,694.4928131263506,717.021595096634,713.8421779223995,745.4725634351441,740.3063199302587,745.4053346184086,764.0826255888184,786.9664374575481
datastructure,WB.DATA360:DS_DATA360(1.3),I,A,EAP,WB_WDI_NY_GDP_PCAP_KD,_T,_T,_T,USD_K_2015,_Z,_Z,_Z,_Z,CUR,2,WB_WDI,P1Y,0,A,PU,Annual,East Asia & Pacific (excluding high income),GDP per capita (constant 2015 US$),Total,All age ranges or no breakdown by age,Total,"US dollars, 2015 constant prices",Not Applicable,Not Applicable,Not Applicable,Not Applicable,Currency,Two,World Development Indicators (WDI),Annual,Units,Normal value,Public,325.33854138480996,281.7655156735012,276.19046574279747,286.6680065690902,310.0657351164118,335.33331644317275,352.52632821060973,338.57435603666914,335.574879564976,363.93423772993685,402.00022447342104,417.9142477556895,427.73283902113997,452.4725849283211,460.272316871924,481.9992129512719,486.82864432612354,514.9620728696477,553.523566511256,583.1213595121186,617.1683585264434,641.5243590651719,671.2439458663221,710.8414604686074,769.552931620374,817.3120074940911,861.2386558389344,924.1893460199725,997.0679259845843,1036.3342126299083,1072.1747390947578,1141.4025910284765,1251.8069496301548,1374.4679690870607,1504.6678701825435,1632.4671947027193,1758.5233930194856,1865.2331766428451,1898.6079047670983,1999.3918204486147,2132.3290898081405,2259.919572761053,2422.4600338138157,2618.71809817655,2835.318425157973,3095.2078137455674,3410.6598804258,3805.1786009497037,4102.084151069234,4397.74180769777,4797.14626921917,5168.394720190437,5511.800831238915,5864.597070437022,6225.563591322526,6589.818242459176,6966.41995023195,7374.767271550933,7806.586277349193,8220.63635978721,8293.473309290943,8905.680674630028,9200.119074899201,9666.084326452565,10127.918088251887,10614.8796455435
datastructure,WB.DATA360:DS_DATA360(1.3),I,A,ALB,WB_WDI_NY_GDP_PCAP_KD,_T,_T,_T,USD_K_2015,_Z,_Z,_Z,_Z,CUR,2,WB_WDI,P1Y,0,A,PU,Annual,Albania,GDP per capita (constant 2015 US$),Total,All age ranges or no breakdown by age,Total,"US dollars, 2015 constant prices",Not Applicable,Not Applicable,Not Applicable,Not Applicable,Currency,Two,World Development Indicators (WDI),Annual,Units,Normal value,Public,,,,,,,,,,,,,,,,,,,,,1823.4892604618249,1890.0219748725747,1905.063527101078,1885.692799774097,1823.323563177229,1818.0250697177726,1883.740413692841,1831.9470392193743,1772.1793579092123,1894.8782742561664,1682.8810874018022,1218.9642731736158,1138.2377399880916,1254.6788841488756,1367.2205896371213,1558.9663856546076,1683.7696554742417,1495.9003532852255,1630.4387413184481,1841.8076276056602,1991.914358671158,2188.9185445137514,2297.1085351392444,2428.689346535625,2567.297636871214,2712.869838303312,2894.360325801738,3105.8796756385987,3345.9816176147638,3459.2469564669213,3579.824131810459,3677.8945793771677,3771.8478186201514,3895.899756219416,4045.119348849334,4199.539129253976,4431.556358141677,4648.230786606584,4893.823755387173,5072.436483547388,4980.616995246958,5511.757434028622,5867.650962305566,6204.4352561211435,6549.2338741539725,6877.077204789653
datastructure,WB.DATA360:DS_DATA360(1.3),I,A,ETH,WB_WDI_NY_GDP_PCAP_KD,_T,_T,_T,USD_K_2015,_Z,_Z,_Z,_Z,CUR,2,WB_WDI,P1Y,0,A,PU,Annual,Ethiopia,GDP per capita (constant 2015 US$),Total,All age ranges or no breakdown by age,Total,"US dollars, 2015 constant prices",Not Applicable,Not Applicable,Not Applicable,Not Applicable,Currency,Two,World Development Indicators (WDI),Annual,Units,Normal value,Public,,231.02031173248272,235.01703820333702,239.38677848861127,242.7046240046734,249.91223137536528,261.1500229345574,264.675697737817,268.1284692035887,264.4748859932201,266.2454617152072,275.9762635142815,280.05813726386634,286.6386465116503,288.4633461766356,285.00604543011593,278.31366202679993,280.4444483657033,283.2831387670768,276.0402854826289,292.1535068863424,297.3918438808905,288.6900887399618,303.8572831678698,287.62123200204877,248.4706050318195,264.53900242220533,291.11225930914514,281.37402441710407,269.79352238661795,267.0781345085983,237.50245466790406,207.96788087977447,227.17329561420752,226.3999126425269,232.23045063384473,252.61298500550598,252.31166668183232,236.05551452187973,240.60471128604854,247.50541365969403,260.0423160813501,256.06663588370867,243.07666602000856,267.92351339171177,290.8333814250588,313.01389672150344,338.7990646543079,364.6422081557351,385.63241971137353,421.89862237863287,455.90962864855527,481.63999990980835,518.324662208106,556.3625322438668,597.9121132186633,636.835680951429,678.9854191575698,705.9688120733598,744.7027897400424,768.7054244848733,790.6570196024576,811.1777293373209,842.446604881663,883.4585886149987,945.3588381081836
datastructure,WB.DATA360:DS_DATA360(1.3),I,A,SVN,WB_WDI_NY_GDP_PCAP_KD,_T,_T,_T,USD_K_2015,_Z,_Z,_Z,_Z,CUR,2,WB_WDI,P1Y,0,A,PU,Annual,Slovenia,GDP per capita (constant 2015 US$),Total,All age ranges or no breakdown by age,Total,"US dollars, 2015 constant prices",Not Applicable,Not Applicable,Not Applicable,Not Applicable,Currency,Two,World Development Indicators (WDI),Annual,Units,Normal value,Public,,,,,,,,,,,,,,,,,,,,,,,,,,,,,,,13615.585351155201,12395.917388324318,11735.845812390186,12098.341286723658,12757.630128850895,13278.74285596431,13674.183297426041,14400.670888340981,14874.290478254612,15646.688587981233,16146.121684839436,16576.715884040594,17099.658209132027,17635.360858183074,18425.260121358104,19102.27766039053,20166.53234312138,21485.78099238105,22175.236955732107,20307.618832227254,20444.120129587598,20535.415575410774,19894.869796454775,19704.21860051275,20228.708198639077,20697.27485306189,21309.712213894927,22397.76349883375,23293.966665323038,23943.180094988893,22811.80505407781,24665.44104640256,25275.71596775705,25773.901583506886,26134.627203986995,26367.19073539821
datastructure,WB.DATA360:DS_DATA360(1.3),I,A,PST,WB_WDI_NY_GDP_PCAP_KD,_T,_T,_T,USD_K_2015,_Z,_Z,_Z,_Z,CUR,2,WB_WDI,P1Y,0,A,PU,Annual,Post-demographic dividend,GDP per capita (constant 2015 US$),Total,All age ranges or no breakdown by age,Total,"US dollars, 2015 constant prices",Not Applicable,Not Applicable,Not Applicable,Not Applicable,Currency,Two,World Development Indicators (WDI),Annual,Units,Normal value,Public,11468.18716122113,11825.081092505701,12334.88815859817,12804.262112911718,13470.8527077689,14061.543127042542,14684.831373118952,15094.629282116586,15833.26826823435,16562.68520886024,16853.276947146656,17256.59320744953,17992.11949947505,18933.596574805448,18964.121138290822,18860.84080891347,19625.69137679576,20210.79870675585,20929.322413837053,21567.47075264682,21640.8005290307,21905.014524037935,21829.96224520124,22385.187118546022,23351.962672197817,24083.96178290015,24736.099820157004,25465.59919239172,26492.831149287194,27318.845228096077,27869.696265364724,27954.843579234974,28299.500644808977,28453.3310822845,29214.47624599476,29872.60565031172,30579.99578148444,31478.77871712531,32183.20430324915,33162.22929713165,34342.77993069606,34691.794045546965,35047.35610385221,35572.481169749655,36518.89222343685,37354.05168914529,38248.384089156054,39009.22377573244,38915.530644620994,37403.06565606042,38308.9980746451,38818.02850979883,39139.86149547995,39581.733182937125,40234.956137307796,40960.908997519655,41508.88263564105,42376.95064907023,43192.479006250236,43829.71667956112,41980.20621712546,44440.63423459459,45677.3513142375,46338.324584660644,46868.81151047911,47461.87465386139
datastructure,WB.DATA360:DS_DATA360(1.3),I,A,TSS,WB_WDI_NY_GDP_PCAP_KD,_T,_T,_T,USD_K_2015,_Z,_Z,_Z,_Z,CUR,2,WB_WDI,P1Y,0,A,PU,Annual,Sub-Saharan Africa (IDA & IBRD),GDP per capita (constant 2015 US$),Total,All age ranges or no breakdown by age,Total,"US dollars, 2015 constant prices",Not Applicable,Not Applicable,Not Applicable,Not Applicable,Currency,Two,World Development Indicators (WDI),Annual,Units,Normal value,Public,1157.8869181681307,1142.566800451545,1182.3238092877937,1225.3623325223414,1254.2087113283728,1279.7987087860581,1272.6820460447398,1230.64690273427,1236.223833468531,1312.039050411473,1376.9316541906983,1443.7226241836847,1447.013100411018,1468.152344490543,1534.816308912709,1488.699987883897,1522.16442401286,1521.3040808694072,1475.0803560561008,1487.7156905329675,1498.4410951719833,1442.4260602538577,1381.7907048004747,1307.3768242298179,1299.0930106535582,1287.3425038521086,1274.074510498616,1274.067277621956,1293.7575699590416,1286.8721794262262,1279.8358005502892,1250.4786803255445,1211.180470150453,1166.1673715608708,1147.241872563178,1154.3902119078966,1181.6867051565293,1197.8922179383062,1195.8523183400955,1189.781583895208,1198.4103523036179,1215.9572329121652,1259.3688296154635,1276.3604521393368,1325.187233365942,1366.9731429745436,1410.5766873290218,1456.9004458652232,1490.8248514761176,1495.8474175478902,1543.4206233635196,1566.1417615475389,1574.7299096830097,1613.0069185216596,1644.0705015008898,1647.3208582683585,1625.3822143119282,1622.8851048291401,1624.636566688497,1623.2079870029056,1529.9102576263363,1545.113883244353,1568.0215278811331,1571.4055801622987,1588.939613265709,1614.9994651666473
datastructure,WB.DATA360:DS_DATA360(1.3),I,A,SAU,WB_WDI_NY_GDP_PCAP_KD,_T,_T,_T,USD_K_2015,_Z,_Z,_Z,_Z,CUR,2,WB_WDI,P1Y,0,A,PU,Annual,Saudi Arabia,GDP per capita (constant 2015 US$),Total,All age ranges or no breakdown by age,Total,"US dollars, 2015 constant prices",Not Applicable,Not Applicable,Not Applicable,Not Applicable,Currency,Two,World Development Indicators (WDI),Annual,Units,Normal value,Public,16039.291486163816,17298.293002978975,18662.17099665417,19550.803037359678,20493.32382379635,22142.52230495194,23078.450240435366,24200.342330968753,25058.300693060573,25526.182046187078,37361.65858999535,41183.78635351332,46644.480798387915,54345.67473119573,59924.24849513448,53743.56318666775,58684.09310861931,58778.05560948789,55609.83604462019,58225.42227325404,58094.29218545942,56355.615103511154,44478.94205373595,37250.513514849736,33693.40348127001,29520.52133303897,28170.240136596618,25788.64615736104,26066.24754426593,24884.331934110953,25918.965083752606,26742.682261558977,26709.032818687796,25649.064468644032,24808.652892840855,23876.246129794014,23699.135216173818,23406.034664345338,23179.858116286126,22214.42564454765,22247.856698743897,21193.092289435106,20025.431999827462,20765.93876880819,21545.894988606,21838.19153493741,21616.33557725161,21196.792603663285,21629.84057345506,20577.545344533584,21830.142427281644,23314.557602316807,23643.035832464662,23057.349446853546,23404.730603982465,23256.154955353068,22783.032853868546,23035.1199977707,24393.5188306638,24905.669742855847,22827.671935547995,24922.671694894445,26706.91792606596,25634.82375478405,25123.01220602808,25066.00874409797
datastructure,WB.DATA360:DS_DATA360(1.3),I,A,IBD,WB_WDI_NY_GDP_PCAP_KD,_T,_T,_T,USD_K_2015,_Z,_Z,_Z,_Z,CUR,2,WB_WDI,P1Y,0,A,PU,Annual,IBRD only,GDP per capita (constant 2015 US$),Total,All age ranges or no breakdown by age,Total,"US dollars, 2015 constant prices",Not Applicable,Not Applicable,Not Applicable,Not Applicable,Currency,Two,World Development Indicators (WDI),Annual,Units,Normal value,Public,994.2867762508497,994.603614060436,1008.5794010372874,1031.5111876135668,1091.5455447220208,1132.8010246508356,1167.7329408340522,1187.9699052441765,1235.0290177322631,1300.1092902909943,1368.2759437204475,1417.311374877543,1477.103565602893,1547.3958610887091,1601.2930103384685,1642.419479807398,1712.5359282872957,1759.7673100180991,1797.7920848268288,1848.7849757353144,1903.6876213302958,1908.277988183397,1925.6399629467244,1918.285098411095,1975.7577059612688,2024.7478876001771,2064.5447997269994,2124.954622193726,2170.9976603324835,2194.6522060139478,2199.855794021212,2190.69429962745,2192.101911173906,2239.0884511786253,2285.903264758936,2345.020017934503,2438.570267904011,2535.139680736429,2568.1219274397426,2628.9186164653456,2750.1768674567406,2816.854099234833,2910.668802201015,3048.089790223972,3247.5984029055094,3445.5432679107143,3693.3706653838317,3983.757865105269,4177.439009634484,4249.820719377665,4533.009140652746,4770.828248381854,4977.090906056511,5179.636133323778,5370.2048961028695,5546.819341376975,5738.525826138313,5978.759574592416,6215.676381207111,6412.741484139252,6287.103461206343,6729.333392665458,6950.42582854395,7237.597881754135,7516.231096929956,7797.150796850894
datastructure,WB.DATA360:DS_DATA360(1.3),I,A,UKR,WB_WDI_NY_GDP_PCAP_KD,_T,_T,_T,USD_K_2015,_Z,_Z,_Z,_Z,CUR,2,WB_WDI,P1Y,0,A,PU,Annual,Ukraine,GDP per capita (constant 2015 US$),Total,All age ranges or no breakdown by age,Total,"US dollars, 2015 constant prices",Not Applicable,Not Applicable,Not Applicable,Not Applicable,Currency,Two,World Development Indicators (WDI),Annual,Units,Normal value,Public,,,,,,,,,,,,,,,,,,,,,,,,,,,,3141.6796875,3209.2822265625,3321.19091796875,3102.310546875,2826.06469726563,2538.85278320313,2177.23486328125,1687.48449707031,1493.38208007813,1355.57336425781,1326.27795410156,1311.59362792969,1319.533203125,1409.22265625,1547.2783203125,1644.28125,1814.25854492188,2042.44494628906,2122.6015625,2298.13232421875,2498.35205078125,2567.69409179688,2188.17016601563,2285.93383789063,2418.12084960938,2426.92944335938,2432.41625976563,2308.6435546875,2094.47387695313,2156.0830078125,2217.7529296875,2308.6669921875,2398.07836914063,2324.107421875,2426.6123046875,1874.66296386719,2164.26123046875,2226.05810546875,2196.63818359375
datastructure,WB.DATA360:DS_DATA360(1.3),I,A,WSM,WB_WDI_NY_GDP_PCAP_KD,_T,_T,_T,USD_K_2015,_Z,_Z,_Z,_Z,CUR,2,WB_WDI,P1Y,0,A,PU,Annual,Samoa,GDP per capita (constant 2015 US$),Total,All age ranges or no breakdown by age,Total,"US dollars, 2015 constant prices",Not Applicable,Not Applicable,Not Applicable,Not Applicable,Currency,Two,World Development Indicators (WDI),Annual,Units,Normal value,Public,,,,,,,,,,,2426.501409059307,2713.7586150755797,2718.0197363383595,2876.8391785923386,2519.477814087855,2361.782479845411,2520.0100106319624,2459.153422163426,2586.588427934361,2842.219677405789,2642.834120631832,2384.532020901802,2350.194889244742,2357.0687504797525,2386.2436825495092,2478.9847119671485,2612.123375603111,2615.3494065393734,2567.1398591038605,2655.654743580044,2534.1220489350108,2471.0714300797526,2452.186853352088,2531.281930704323,2447.2026020526437,2589.4052405785174,2751.654266846013,2746.3366084468867,2785.3117132375064,2824.553303927914,2945.3721792319843,3137.4640376581165,3291.342447726796,3444.9985774328916,3535.7381382491353,3755.782428224666,3820.9223945313865,3818.2550380433163,3925.8743329936024,3875.9429168616625,4081.1553597800294,4201.45663738908,4007.910928468144,3976.392892681315,3967.2373047067945,4084.3608381993263,4373.237924403915,4393.373162559647,4321.005183449624,4466.080754820347,4283.0639249273445,4032.137310624102,4095.158755769777,4688.463053661133,4880.5441803205595,5055.896360428527
datastructure,WB.DATA360:DS_DATA360(1.3),I,A,LBR,WB_WDI_NY_GDP_PCAP_KD,_T,_T,_T,USD_K_2015,_Z,_Z,_Z,_Z,CUR,2,WB_WDI,P1Y,0,A,PU,Annual,Liberia,GDP per capita (constant 2015 US$),Total,All age ranges or no breakdown by age,Total,"US dollars, 2015 constant prices",Not Applicable,Not Applicable,Not Applicable,Not Applicable,Currency,Two,World Development Indicators (WDI),Annual,Units,Normal value,Public,2444.314695267568,2443.496594801311,2415.6926604190517,2409.4954202823037,2470.567914465236,2524.011734216279,2650.2259571657532,2758.089768757353,2816.8466468334946,2945.8900421661756,3062.7601267005207,3133.0879424640502,3181.1874591836363,3029.076987742117,3089.60241101354,2902.917062118266,2974.922352275757,2938.3808063932,2991.431529732625,2999.2530715785633,2792.036997895226,2653.146250452036,2514.921321623837,2394.5743780407306,2272.711540241109,2185.9280976745245,2085.9528821942063,2005.3657595450045,1908.453040515819,1360.0804912340534,754.1340094623839,735.1806586581566,450.53867769180846,290.3889202336594,227.7427760217882,216.09355461451295,235.43505824851152,449.28605861696394,528.670341826706,609.0409032587052,754.8509173609513,754.4223557620167,762.7163939270637,528.5673955434206,535.9958820662179,539.6653788419359,551.3774466118523,574.6093943485428,591.1853781419074,603.2562110776055,621.7832950715754,646.9087270165967,674.360011422232,717.0072803589749,707.157694930142,692.590082351257,668.0315131756014,671.2608998353553,665.8754396371369,636.6993848248694,605.025475431411,621.9279830634256,638.0051838582892,653.3291883431617,665.1013376241921,684.0383925533542
datastructure,WB.DATA360:DS_DATA360(1.3),I,A,AFG,WB_WDI_NY_GDP_PCAP_KD,_T,_T,_T,USD_K_2015,_Z,_Z,_Z,_Z,CUR,2,WB_WDI,P1Y,0,A,PU,Annual,Afghanistan,GDP per capita (constant 2015 US$),Total,All age ranges or no breakdown by age,Total,"US dollars, 2015 constant prices",Not Applicable,Not Applicable,Not Applicable,Not Applicable,Currency,Two,World Development Indicators (WDI),Annual,Units,Normal value,Public,,,,,,,,,,,,,,,,,,,,,,,,,,,,,,,,,,,,,,,,,308.3182697466378,277.1180514439406,338.13997364338707,346.0716270962232,338.6372738881967,363.6401414367734,367.75831169358025,410.75772887909744,417.6472826474983,488.8306524919485,542.8710304760368,525.4269827658195,568.9290214583409,580.6038333330962,575.1462458085464,565.5697304087512,563.8723367231469,562.7695741409875,553.1251516882929,557.8615332074586,527.8345544993056,408.6258552174031,377.66562708070467,378.0663031225898,374.3766962084898,
datastructure,WB.DATA360:DS_DATA360(1.3),I,A,JOR,WB_WDI_NY_GDP_PCAP_KD,_T,_T,_T,USD_K_2015,_Z,_Z,_Z,_Z,CUR,2,WB_WDI,P1Y,0,A,PU,Annual,Jordan,GDP per capita (constant 2015 US$),Total,All age ranges or no breakdown by age,Total,"US dollars, 2015 constant prices",Not Applicable,Not Applicable,Not Applicable,Not Applicable,Currency,Two,World Development Indicators (WDI),Annual,Units,Normal value,Public,,,,,,,,,,,,,,,,,3195.2625004690562,3356.1689452162423,3729.5230693405665,4358.349873460284,4671.649725481959,5259.189505269956,5393.50008707247,5044.354270173023,5028.226199538983,4673.597109032749,4708.74894604541,4600.375475369235,4455.085181181542,3791.1687822839317,3496.489771093861,3286.6355978306315,3564.739341555788,3535.9478606168477,3538.0988536116874,3606.712952432382,3561.749213304186,3582.048754435045,3605.634470528949,3648.6066523543263,3725.495447092572,3841.985118467427,3979.403886539526,4054.2261260976848,4296.623673708863,4532.962482585382,4596.56909353547,4681.170067669309,4902.383480738495,5043.626387293034,5066.497200277247,5085.980050253857,5135.032793958902,5007.761620671615,4703.3994498681495,4441.618960137543,4326.172615715049,4335.92512689541,4320.029787424999,4313.807914266082,4188.212400957193,4266.3790298994,4309.614328568043,4373.3808848236795,4441.039749223505,4579.330821821367
datastructure,WB.DATA360:DS_DATA360(1.3),I,A,CMR,WB_WDI_NY_GDP_PCAP_KD,_T,_T,_T,USD_K_2015,_Z,_Z,_Z,_Z,CUR,2,WB_WDI,P1Y,0,A,PU,Annual,Cameroon,GDP per capita (constant 2015 US$),Total,All age ranges or no breakdown by age,Total,"US dollars, 2015 constant prices",Not Applicable,Not Applicable,Not Applicable,Not Applicable,Currency,Two,World Development Indicators (WDI),Annual,Units,Normal value,Public,935.6999548120106,932.2800269399416,942.7592898509981,956.8917286613971,969.2290476655226,966.9505940497911,988.5944377725441,860.0868992462504,892.4911041444778,912.7541084547707,916.7106257791954,923.6047606077026,922.8805020538638,945.9327074377317,1018.7972641880062,1102.1763671609363,1014.0766715403792,1124.0377673179864,1334.4875045737583,1375.918174329861,1305.6836618432055,1475.9895017454646,1549.6127243804774,1622.468293043712,1695.9506100132737,1778.8809027749146,1842.9643174566943,1749.4246657075068,1565.1347528699357,1492.2817607878076,1360.4776529601113,1271.0465860838779,1196.8508191889514,1070.982753776357,1060.8732655290871,1062.0160734998694,1077.3892520296101,1096.6975773500712,1118.5081996307854,1138.362985465651,1151.2768930294671,1169.9267046498426,1189.9670789702654,1221.0944614145385,1271.7432687416708,1264.74345218659,1277.329907123417,1295.7306747128673,1295.0221127605203,1290.8996135114862,1290.9013745759012,1297.3064962694025,1319.6696163405359,1347.2130636705986,1381.8193845490673,1415.0000971056854,1435.618307278388,1444.9068291657331,1461.0196999931686,1470.3178527618725,1434.5191372340912,1443.576002376632,1458.661804316926,1468.1783700733736,1480.7309743199316,1489.4711904362152
datastructure,WB.DATA360:DS_DATA360(1.3),I,A,PHL,WB_WDI_NY_GDP_PCAP_KD,_T,_T,_T,USD_K_2015,_Z,_Z,_Z,_Z,CUR,2,WB_WDI,P1Y,0,A,PU,Annual,Philippines,GDP per capita (constant 2015 US$),Total,All age ranges or no breakdown by age,Total,"US dollars, 2015 constant prices",Not Applicable,Not Applicable,Not Applicable,Not Applicable,Currency,Two,World Development Indicators (WDI),Annual,Units,Normal value,Public,1123.7820998048608,1150.6290658652838,1168.608801257476,1211.8214995990174,1214.709257601906,1241.1092165211714,1257.9844066916498,1285.2931010298046,1311.5214873831058,1334.7317486994793,1348.6491277115229,1388.248999309688,1430.5853224474401,1522.0174204948753,1540.0422435171524,1587.4992825580775,1683.6599885392595,1730.5940972676808,1772.228201676065,1822.1450227022005,1867.568623521251,1881.8152025617221,1898.1393058021183,1878.6017341016584,1696.576738221509,1537.6655584043654,1551.4089277544495,1576.9733702773622,1638.0368240402606,1696.0023634712732,1704.075688991208,1656.3834970478124,1624.3493980612925,1620.3550583394199,1654.7461390283797,1693.8087308164445,1752.2380010455886,1800.2591313761332,1746.5259051328162,1759.4210522565197,1793.347611464365,1807.70892524758,1837.2542928685393,1892.8216199505077,1978.3448913311336,2037.8776605945982,2110.420447812837,2209.346510833289,2264.946290728805,2256.7255483546305,2373.143120646636,2416.752120645418,2533.741419649587,2654.415069339782,2776.9200590947853,2909.8581801030064,3076.3374186758983,3247.450387836204,3410.936479761091,3575.8817092292174,3198.6669000841307,3350.975875877763,3577.7013657324396,3744.6976380268593,3926.149008944946,4065.886151717278
datastructure,WB.DATA360:DS_DATA360(1.3),I,A,TLS,WB_WDI_NY_GDP_PCAP_KD,_T,_T,_T,USD_K_2015,_Z,_Z,_Z,_Z,CUR,2,WB_WDI,P1Y,0,A,PU,Annual,Timor-Leste,GDP per capita (constant 2015 US$),Total,All age ranges or no breakdown by age,Total,"US dollars, 2015 constant prices",Not Applicable,Not Applicable,Not Applicable,Not Applicable,Currency,Two,World Development Indicators (WDI),Annual,Units,Normal value,Public,,,,,,,,,,,,,,,,,,,,,,,,,,,,,,,633.1824904830196,684.870530173927,736.5916481012006,789.9006974349105,823.0624247834382,854.1304727228319,897.360531368488,907.9165659633853,865.8313779761157,631.0729125379136,1117.5642979611173,1192.7479616219634,1028.131934225296,964.3225646181296,955.4705482873775,964.0266141735582,897.5737636709277,961.8484620902685,1042.868354430017,1120.0969844839794,1195.3806780319705,1237.4838328427516,1269.4162927606812,1281.9286409257402,1312.964940794653,1319.592973709912,1333.6585468432038,1267.086601428832,1237.200647304125,1507.2474829437426,1947.8399713886636,2015.8203924619706,1579.710846808578,1279.2112241611007,1149.218890022011,1213.886249444733
datastructure,WB.DATA360:DS_DATA360(1.3),I,A,GNB,WB_WDI_NY_GDP_PCAP_KD,_T,_T,_T,USD_K_2015,_Z,_Z,_Z,_Z,CUR,2,WB_WDI,P1Y,0,A,PU,Annual,Guinea-Bissau,GDP per capita (constant 2015 US$),Total,All age ranges or no breakdown by age,Total,"US dollars, 2015 constant prices",Not Applicable,Not Applicable,Not Applicable,Not Applicable,Currency,Two,World Development Indicators (WDI),Annual,Units,Normal value,Public,,,,,,,,,,,530.0382078420321,507.7291082952281,539.7287766995382,540.022721959447,545.743584355489,554.5396111466074,545.7167198330026,474.08244409587627,502.50398041845557,494.9128072631443,411.2281910610559,478.36501639486414,490.61844134446693,466.4784851449295,500.9480880221973,513.5785601999971,501.441680283283,507.7799671716806,522.5685872264613,545.3406403634522,569.169670374215,585.5855139682404,574.8520025561554,567.8600729380977,568.168871993007,578.3818499174025,632.1609069209129,660.5377747079535,502.8155402070598,576.3307952965581,571.0940151786247,585.837980688333,594.0405351515517,579.0925068218363,572.5264646272938,595.9425556018699,597.2571517220462,597.4820209359483,608.9586204969247,608.2021318798818,625.9040272905823,658.9534705281158,630.6686230282501,634.0954560893521,623.6101591033649,645.0668372070388,663.2426080320048,677.4661313113672,686.4568198395259,706.2985628749851,710.2758307556112,729.3968827579417,752.1492552172493,769.5046524617952,785.9102195646402,813.8299136865556
datastructure,WB.DATA360:DS_DATA360(1.3),I,A,LBY,WB_WDI_NY_GDP_PCAP_KD,_T,_T,_T,USD_K_2015,_Z,_Z,_Z,_Z,CUR,2,WB_WDI,P1Y,0,A,PU,Annual,Libya,GDP per capita (constant 2015 US$),Total,All age ranges or no breakdown by age,Total,"US dollars, 2015 constant prices",Not Applicable,Not Applicable,Not Applicable,Not Applicable,Currency,Two,World Development Indicators (WDI),Annual,Units,Normal value,Public,2818.0105498157477,2971.8436783967277,3777.530945383103,4893.767784261242,6843.481449972598,8525.205071747403,9863.913688887973,10676.102115258898,13891.989338371424,15230.404679711433,15460.233833237167,14161.880737611415,14950.556327756594,14659.89702741947,17044.219854916526,16770.026919151893,19473.676328992187,20018.429524863426,19521.591919240105,20077.740120192004,19090.550373573216,14587.385891279873,14580.892443581692,14242.612754280488,13328.589354572227,13975.097477795205,12022.66478885498,9976.130245166341,10458.670189841843,10940.140702147146,11085.943994971612,12541.692615248185,11949.227502686494,11274.345223087237,11280.382930347527,10839.280224188438,10891.805568780348,11284.778073906216,10722.870073471664,10643.145279602602,10853.805951652621,10467.87761460117,10170.309577633827,11267.0627623548,11529.10866462207,12628.896152655974,13176.775891190395,13712.960258397208,13403.000464591121,12549.085434552127,12913.933493938615,6569.594775789572,12599.258882136044,10126.314927806048,7644.248439474036,7458.489177563744,7236.164099235018,9435.600600400456,10020.9165751361,8768.410487458603,6102.798640325124,7731.354481525813,7002.681892963579,7630.49664928174,7696.0807819319025,8634.47963250683
datastructure,WB.DATA360:DS_DATA360(1.3),I,A,LTE,WB_WDI_NY_GDP_PCAP_KD,_T,_T,_T,USD_K_2015,_Z,_Z,_Z,_Z,CUR,2,WB_WDI,P1Y,0,A,PU,Annual,Late-demographic dividend,GDP per capita (constant 2015 US$),Total,All age ranges or no breakdown by age,Total,"US dollars, 2015 constant prices",Not Applicable,Not Applicable,Not Applicable,Not Applicable,Currency,Two,World Development Indicators (WDI),Annual,Units,Normal value,Public,888.5043873068681,853.9161321268762,868.0265658788136,883.4797740746786,926.3542876842203,966.450007661764,1016.2909382731673,1011.0455046305713,1039.4636116566355,1116.6311620075182,1208.996405219331,1281.5478997892644,1352.9435242099455,1455.554202501781,1498.7506191069465,1537.0628522499105,1612.3960991526278,1688.8810629689376,1774.9835136345694,1885.239592892722,1994.5140494151908,1969.2991491114717,1977.0755659589427,1982.1947619567095,2107.0796653177485,2227.271520651503,2321.1756313895517,2432.7798560797755,2518.6118377083594,2598.9880011571513,2570.270517864872,2550.8671942141837,2541.2855672478495,2622.2439959902586,2710.1379259491478,2834.7971859186296,2950.250395080824,3086.943339710626,3146.2831736696253,3264.6976509760566,3466.7713206518315,3620.4015250698208,3813.479935255166,4049.327198011382,4353.947720447127,4664.005531139741,5065.166018891178,5546.155741481211,5893.641259690967,6076.719690513815,6526.906430631442,6951.295516223921,7306.628501818677,7663.562952857251,8010.171567325133,8331.63288950883,8645.984356481626,9041.123774519838,9481.120374795802,9886.116298085197,9878.266444747082,10610.208423309512,10941.940776636176,11414.692403804243,11918.040512255311,12440.512976547194
datastructure,WB.DATA360:DS_DATA360(1.3),I,A,EMU,WB_WDI_NY_GDP_PCAP_KD,_T,_T,_T,USD_K_2015,_Z,_Z,_Z,_Z,CUR,2,WB_WDI,P1Y,0,A,PU,Annual,Euro area,GDP per capita (constant 2015 US$),Total,All age ranges or no breakdown by age,Total,"US dollars, 2015 constant prices",Not Applicable,Not Applicable,Not Applicable,Not Applicable,Currency,Two,World Development Indicators (WDI),Annual,Units,Normal value,Public,9716.657746506402,10186.73067172258,10681.641571099173,11105.952687014636,11656.107301283071,12140.061822439446,12572.133110838182,12914.202652460746,13557.046065535947,14424.646773665012,15147.01465143347,15626.257802300779,16280.266010965315,17167.33779560994,17623.55098555327,17403.55802637203,18200.174556988004,18688.68837300131,19192.542780685184,19860.480717309332,20204.578312462607,20238.134662190503,20327.92232561013,20570.71864453395,21031.82988016599,21478.535620802653,21969.852721584757,22469.870947561012,23371.44522343487,24227.447929028905,24980.51360436985,25461.253246419386,25640.116900921472,25367.982614832697,25931.007519790368,26511.695467780934,26918.84398461164,27587.41743336032,28363.3111829819,29139.53631704904,30189.300838011568,30766.57269708734,30929.817320179583,31005.446025568475,31559.018021248703,31964.096898776817,32882.20254302071,33707.16300422301,33692.59796975932,32081.02425216448,32682.983634224078,33329.674600974984,32959.60321049893,32867.05217710699,33296.86669743982,33928.61413770195,34456.77874853336,35301.64854952032,35860.420480282235,36362.16106060177,34123.596684268334,36304.01204882124,37533.55240375511,37542.8850711276,37747.57625469018,38166.9810117283
datastructure,WB.DATA360:DS_DATA360(1.3),I,A,TMN,WB_WDI_NY_GDP_PCAP_KD,_T,_T,_T,USD_K_2015,_Z,_Z,_Z,_Z,CUR,2,WB_WDI,P1Y,0,A,PU,Annual,"Middle East, North Africa, Afghanistan & Pakistan (IDA & IBRD)",GDP per capita (constant 2015 US$),Total,All age ranges or no breakdown by age,Total,"US dollars, 2015 constant prices",Not Applicable,Not Applicable,Not Applicable,Not Applicable,Currency,Two,World Development Indicators (WDI),Annual,Units,Normal value,Public,1019.0710117779713,1030.7143421736941,1030.8930196389151,1116.9793599290904,1198.5346697929515,1309.7797999135278,1366.0364690044667,1429.494810568636,1563.1770360675125,1688.073779633091,1784.8125156370686,1833.5235123201799,1996.6883334170209,2048.335522457913,2139.0110526883277,2142.6951527638057,2395.5109273314424,2365.1519445370645,2253.8914729352346,2176.3350294483294,2041.2531347412555,1951.106854152047,2098.739632750505,2131.064889433069,2068.3739596466685,2091.8593103805606,1992.2895846073482,1952.5779423785646,1930.0701493012334,1927.0935909148393,2056.9367240529864,2024.4471294930172,2067.6578844148694,2044.2675722205215,2039.304450935438,2048.7408438387265,2120.6113598300544,2142.2703744643427,2205.2806363560903,2245.2016362768763,2324.4737418773225,2341.855488130075,2369.048633700094,2378.268772957497,2502.279073455388,2566.3631013084337,2645.2662306039665,2739.2081362149,2772.9814634335726,2788.383926256191,2860.488693744774,2789.0123159517157,2830.4473285745967,2807.496758550093,2822.910330706014,2805.4869561111223,2912.851491317948,2962.3615987998965,2972.032911092137,2960.3284444432525,2834.7964197401316,2907.1447811053536,2981.952677958574,3016.3878622000584,3037.5629920850142,3047.7672773195272
datastructure,WB.DATA360:DS_DATA360(1.3),I,A,CHI,WB_WDI_NY_GDP_PCAP_KD,_T,_T,_T,USD_K_2015,_Z,_Z,_Z,_Z,CUR,2,WB_WDI,P1Y,0,A,PU,Annual,Channel Islands,GDP per capita (constant 2015 US$),Total,All age ranges or no breakdown by age,Total,"US dollars, 2015 constant prices",Not Applicable,Not Applicable,Not Applicable,Not Applicable,Currency,Two,World Development Indicators (WDI),Annual,Units,Normal value,Public,,,,,,,,,,,,,,,,,,,,,,,,,,,,,,,,,,,,,,,,,,,,,,,,,,67617.82054036959,64722.983299029715,65006.487128721565,60861.90064605009,60780.669022098,61892.80834457077,61847.82122388566,62434.185944421755,63393.39386986436,63859.98260966154,64594.52139086843,58636.70361433651,64267.6930018122,67508.93852766637,69818.15281191039,,
datastructure,WB.DATA360:DS_DATA360(1.3),I,A,GNQ,WB_WDI_NY_GDP_PCAP_KD,_T,_T,_T,USD_K_2015,_Z,_Z,_Z,_Z,CUR,2,WB_WDI,P1Y,0,A,PU,Annual,Equatorial Guinea,GDP per capita (constant 2015 US$),Total,All age ranges or no breakdown by age,Total,"US dollars, 2015 constant prices",Not Applicable,Not Applicable,Not Applicable,Not Applicable,Currency,Two,World Development Indicators (WDI),Annual,Units,Normal value,Public,,,,,,,,,,,,,,,,,,,,,457.6088575426707,460.69490321246286,443.1267799081428,436.5718159058334,415.03066105657376,443.4956763506932,412.6313125400021,412.7902219075075,407.2413601866686,387.12829191041806,366.31440474702293,349.3528822859683,453.6378139170679,485.3922317129252,545.5954708549478,617.2948261287538,989.7772667336288,2380.3210682723225,2833.331846293435,3423.12126162912,3839.0864273712846,5882.850503065864,6604.005463108096,7082.654891869213,9208.605667071623,10212.454505149759,10521.999677482723,11594.917206845575,13048.070305016829,12627.86238154495,10984.324393242552,11203.907367909114,11650.719627088396,10731.645572919062,10363.487247354895,9068.910032386446,7971.834019045732,7259.109364548028,6578.900397657107,6018.120663218655,5575.262415114922,5487.924792019916,5524.243124185794,4992.260768145712,4892.953104985665,4497.751123280529
datastructure,WB.DATA360:DS_DATA360(1.3),I,A,HRV,WB_WDI_NY_GDP_PCAP_KD,_T,_T,_T,USD_K_2015,_Z,_Z,_Z,_Z,CUR,2,WB_WDI,P1Y,0,A,PU,Annual,Croatia,GDP per capita (constant 2015 US$),Total,All age ranges or no breakdown by age,Total,"US dollars, 2015 constant prices",Not Applicable,Not Applicable,Not Applicable,Not Applicable,Currency,Two,World Development Indicators (WDI),Annual,Units,Normal value,Public,,,,,,,,,,,,,,,,,,,,,,,,,,,,,,,9754.763258505543,7842.64431877356,7095.31004903355,6490.9105913169315,6795.792075857212,7304.726922288773,7858.19280544609,8383.473763267091,8577.65913376916,8541.533122427169,8880.477891264278,9515.927144764211,10062.060251676863,10619.335187498467,11059.127415515824,11522.944604729044,12104.294721936134,12718.200249897922,12970.514371230214,12099.704522836722,11965.14149566758,11993.133716645654,11780.585349125344,11838.45543885953,11862.781570626552,12283.875029917666,12848.473748279042,13485.37113605759,14061.059740291883,14641.873557848761,13545.740228942721,15395.286160512795,16618.333378618263,17225.45045156968,17854.326264837848,18414.29352353671
datastructure,WB.DATA360:DS_DATA360(1.3),I,A,YEM,WB_WDI_NY_GDP_PCAP_KD,_T,_T,_T,USD_K_2015,_Z,_Z,_Z,_Z,CUR,2,WB_WDI,P1Y,0,A,PU,Annual,"Yemen, Rep.",GDP per capita (constant 2015 US$),Total,All age ranges or no breakdown by age,Total,"US dollars, 2015 constant prices",Not Applicable,Not Applicable,Not Applicable,Not Applicable,Currency,Two,World Development Indicators (WDI),Annual,Units,Normal value,Public,,,,,,,,,,,,,,,,,,,,,,,,,,,,,,,1722.2243941178874,1761.8114609956788,1835.2811155942788,1838.2826859328466,1890.755096879784,1927.4229807907848,1949.9975474465436,1987.6265785116018,2041.671077770459,2053.7978627400144,2114.6726556685085,2129.7726876277816,2148.888604947881,2164.860830194671,2185.789991590858,2237.6376264315154,2234.7426686331237,2235.7507590106693,2244.0449165523664,2257.469020868315,2356.199604220962,1994.836633372218,1981.4580004660304,2014.7289059487007,1950.162545058899,1362.1738120601008,1197.9586597117175,1103.4563484984167,1079.3293836625512,,,,,,,
datastructure,WB.DATA360:DS_DATA360(1.3),I,A,URY,WB_WDI_NY_GDP_PCAP_KD,_T,_T,_T,USD_K_2015,_Z,_Z,_Z,_Z,CUR,2,WB_WDI,P1Y,0,A,PU,Annual,Uruguay,GDP per capita (constant 2015 US$),Total,All age ranges or no breakdown by age,Total,"US dollars, 2015 constant prices",Not Applicable,Not Applicable,Not Applicable,Not Applicable,Currency,Two,World Development Indicators (WDI),Annual,Units,Normal value,Public,6634.19064094179,6714.425648710624,6529.056728857754,6464.239376494807,6548.586871531968,6547.982997617637,6682.54699505643,6380.138292583799,6447.958790590876,6778.454636531416,6894.771665842777,6839.053140023606,6712.49475408714,6694.220574074952,6847.46769966687,7218.473566152078,7453.066609589711,7514.582676658448,7874.423977635075,8322.210875412386,8772.554297202778,8875.413721432753,7976.398752259504,7125.057296826903,7011.4823641877065,7080.001086048476,7663.581676790327,8229.87299178332,8302.574844624154,8344.469664620328,8320.355904869295,8565.269278000284,9193.551220747133,9388.109390801608,10019.347924395463,9822.896803569964,10316.202757094892,11138.867612721217,11584.94918582772,11357.08668598041,11096.330956948701,10643.557401927264,9806.771306435896,9878.75684344081,10366.906738287149,11131.398489003846,11574.47054023104,12310.482735502002,13165.836281659993,13691.714206889972,14722.378008119127,15443.996192639486,15949.317698543451,16639.40547506506,17122.03645632247,17125.901680029787,17357.234999284105,17611.603680087435,17608.944129469986,17758.438427340174,16443.363490131003,17416.005230846862,18249.291216882808,18403.675312515672,19024.120426615536,19374.515842562225
datastructure,WB.DATA360:DS_DATA360(1.3),I,A,TSA,WB_WDI_NY_GDP_PCAP_KD,_T,_T,_T,USD_K_2015,_Z,_Z,_Z,_Z,CUR,2,WB_WDI,P1Y,0,A,PU,Annual,South Asia (IDA & IBRD),GDP per capita (constant 2015 US$),Total,All age ranges or no breakdown by age,Total,"US dollars, 2015 constant prices",Not Applicable,Not Applicable,Not Applicable,Not Applicable,Currency,Two,World Development Indicators (WDI),Annual,Units,Normal value,Public,331.594588637992,336.5980924291027,339.34360218553945,347.52253711320424,365.6937713799082,350.6716076256814,345.1121780916406,358.43566610874836,365.33273116938096,378.178629972378,388.660097239126,382.7830938513266,366.5376253935869,370.2808577877612,370.0343469537429,387.78205233197014,387.0670279353609,402.9831032793909,416.76795558430166,392.71004804412183,406.0101780950499,421.01708172290535,425.0022665836279,442.7340651111143,450.2270525691653,462.21892067943344,472.9830747959035,480.1572413863045,509.65934936259754,525.8636756849054,543.3396364976269,539.9757563552431,557.3460831051009,572.2171891665803,596.4663564393649,626.7579595302575,657.9306402221558,672.358162095982,698.9772905769094,742.1152752980789,758.1331724331027,778.3572386545876,793.5877919940341,838.6053528662246,887.1931015418925,940.1699089378044,999.3355553523378,1059.3163478416802,1081.2982712824517,1145.4623105437636,1222.5182300571312,1272.0751380127344,1326.511073873948,1392.202178320826,1475.2167649214941,1570.541424527443,1676.354097717357,1770.2629131350157,1863.721126353708,1920.3970630633332,1806.9904537904915,1957.5178529812863,2079.7009603938504,2201.3424898250237,2329.3595866533096,2473.374795160239
datastructure,WB.DATA360:DS_DATA360(1.3),I,A,IDX,WB_WDI_NY_GDP_PCAP_KD,_T,_T,_T,USD_K_2015,_Z,_Z,_Z,_Z,CUR,2,WB_WDI,P1Y,0,A,PU,Annual,IDA only,GDP per capita (constant 2015 US$),Total,All age ranges or no breakdown by age,Total,"US dollars, 2015 constant prices",Not Applicable,Not Applicable,Not Applicable,Not Applicable,Currency,Two,World Development Indicators (WDI),Annual,Units,Normal value,Public,,617.1142015343887,646.9477929605866,643.4794728053741,652.0584474654977,659.1194651263437,659.915065423643,654.4221375731759,667.2743632179685,676.7346768991953,661.4335269011377,660.0377580652475,640.2299193111445,638.2679538215143,661.7743634778747,649.6741637513142,658.535973769707,657.3237009307059,654.5215016296042,643.6926293684202,645.9931575448115,653.0878995431651,642.6525426216335,635.1496360453784,630.2961240305954,627.2971437572277,629.5587017693786,636.5968931873927,641.2648920555587,633.2238766775383,625.6314824455606,624.4452301275979,615.0899669520559,612.0307675925261,604.0896000481121,619.3105062327049,635.1491197548352,653.5393480964365,665.2417796305532,676.0534383851858,689.180790229207,701.9505328423533,717.3265467111488,736.4453865936455,763.0286878934963,793.392553485602,824.3968669268795,857.5943871234222,888.1119636143798,904.6900554984652,941.8731112646201,957.759251305851,958.9933649936985,987.5595064163714,1015.3734765589043,1024.0389254854736,1043.6171292839683,1073.8467319310473,1100.738578631933,1127.4047076860488,1097.9073513852982,1112.5528102120072,1135.3447164140266,1147.1631678795557,1173.281868354903,1203.5152586211138
datastructure,WB.DATA360:DS_DATA360(1.3),I,A,UMC,WB_WDI_NY_GDP_PCAP_KD,_T,_T,_T,USD_K_2015,_Z,_Z,_Z,_Z,CUR,2,WB_WDI,P1Y,0,A,PU,Annual,Upper middle income,GDP per capita (constant 2015 US$),Total,All age ranges or no breakdown by age,Total,"US dollars, 2015 constant prices",Not Applicable,Not Applicable,Not Applicable,Not Applicable,Currency,Two,World Development Indicators (WDI),Annual,Units,Normal value,Public,997.7003233384839,996.4367551685935,1011.0418797460964,1030.5518155009856,1091.5516077890968,1146.1856002995116,1185.6000296062223,1200.3545311070432,1250.8326213613984,1319.4387465958741,1391.9930802920203,1446.480559349814,1519.7447262404257,1600.758247429635,1664.8665225652185,1706.3322018228703,1784.706109724978,1829.318184619258,1866.1421245714268,1936.6587297125218,1992.792599986081,1996.663900881321,2021.5093019437527,2014.009811549641,2079.103638498054,2133.3158425811357,2172.6585652145495,2238.214257020205,2274.7576863634276,2303.126833539233,2327.544449575765,2361.9287493898482,2432.9549912644643,2540.7841292885646,2647.462368852469,2732.413756108723,2867.0390758830636,3005.2690141294142,3057.5674276247896,3122.7532430131164,3274.765376629322,3354.477463343742,3484.4723364893816,3657.699916418439,3909.4104631550094,4166.1593966910805,4482.593487149124,4861.075377830623,5121.5327316295925,5256.439947368703,5653.685986746016,5988.840117021995,6275.992640831718,6569.484806899828,6835.143918415447,7083.477800156192,7348.667813235551,7681.043594924206,7998.616588212815,8280.047012397446,8191.064948597001,8773.6893792671,9057.389648215098,9448.075668497624,9814.412839012584,10192.353415030319
datastructure,WB.DATA360:DS_DATA360(1.3),I,A,SVK,WB_WDI_NY_GDP_PCAP_KD,_T,_T,_T,USD_K_2015,_Z,_Z,_Z,_Z,CUR,2,WB_WDI,P1Y,0,A,PU,Annual,Slovak Republic,GDP per capita (constant 2015 US$),Total,All age ranges or no breakdown by age,Total,"US dollars, 2015 constant prices",Not Applicable,Not Applicable,Not Applicable,Not Applicable,Currency,Two,World Development Indicators (WDI),Annual,Units,Normal value,Public,,,,,,,,,,,,,,,,,,,,,,,,,,,,,,,8597.463915276454,7338.798740232321,6843.300174367819,6946.845641179756,7348.918397432005,7755.623333855297,8212.83193942756,8647.394343115167,8966.219262312516,8914.68326467255,8997.211995943191,9277.358088510018,9690.684682628887,10168.022565329979,10718.210185884102,11412.159363000763,12430.201548855654,13770.960269152747,14497.111440717164,13680.75371065965,14596.147777688733,14950.873517859865,15159.657042000448,15249.882451378477,15647.649176351693,16442.07608600175,16740.741399642804,17195.28887219626,17869.0149173679,18250.980247563653,17763.856384735176,18808.454049659547,18964.829840062357,19383.373200940143,19776.175806949843,19966.254282727714
datastructure,WB.DATA360:DS_DATA360(1.3),I,A,EST,WB_WDI_NY_GDP_PCAP_KD,_T,_T,_T,USD_K_2015,_Z,_Z,_Z,_Z,CUR,2,WB_WDI,P1Y,0,A,PU,Annual,Estonia,GDP per capita (constant 2015 US$),Total,All age ranges or no breakdown by age,Total,"US dollars, 2015 constant prices",Not Applicable,Not Applicable,Not Applicable,Not Applicable,Currency,Two,World Development Indicators (WDI),Annual,Units,Normal value,Public,,,,,,,,,,,,,,,,,,,,,,,,,,,,,,,9341.225581060913,8637.205777257263,6934.170576623887,6706.560211224838,6738.999041222358,7170.946077211682,7637.25708286963,8732.990856571943,9199.935341276323,9133.895933843552,10006.7696280939,10662.945502033059,11474.662272192318,12424.044153569328,13348.528446332368,14703.61797077725,16234.515204141699,17543.46617857232,16688.997772177965,14274.851108678657,14657.939813611953,15820.922342204003,16460.68434790011,16809.53266837812,17413.68675602116,17722.155766952314,18264.9873304279,19270.8141210511,19914.345492287837,20579.875673237566,19946.945696898005,21570.665845526815,21023.299493724604,20126.37304869572,20078.139762099312,20282.153037199125
datastructure,WB.DATA360:DS_DATA360(1.3),I,A,IND,WB_WDI_NY_GDP_PCAP_KD,_T,_T,_T,USD_K_2015,_Z,_Z,_Z,_Z,CUR,2,WB_WDI,P1Y,0,A,PU,Annual,India,GDP per capita (constant 2015 US$),Total,All age ranges or no breakdown by age,Total,"US dollars, 2015 constant prices",Not Applicable,Not Applicable,Not Applicable,Not Applicable,Currency,Two,World Development Indicators (WDI),Annual,Units,Normal value,Public,312.77784782986777,316.73964466511364,318.38194582652636,329.64149485279046,346.0118833328725,329.39257445817253,322.2413177699036,340.0800257452016,344.1282880780313,358.9667994095816,369.1924806391702,367.0333097720962,357.0779291507797,360.63784405443585,356.61506965555657,380.1599413843584,377.496025416227,395.4433068196015,408.5169444040295,378.219592791247,394.182239921013,408.15354979330726,412.59673710422067,432.4292353847592,438.5417055129151,450.96670385586697,461.72561147640334,469.20995629639367,502.9373421870654,521.0733838391232,537.8702695361034,531.898397833351,549.2350699648954,563.3728723367472,588.7278921806322,620.6999543363655,654.3559284340519,667.5984230933993,695.2937093370822,742.5392083981195,756.7041095331869,778.5073775224986,793.6159129010017,841.2788945624084,892.5966145807181,947.7325656442715,1008.2327534481848,1069.246968122337,1086.506052510045,1155.10163273817,1235.1593913293866,1281.610543549368,1333.0962655764886,1399.4537980280961,1484.3164068296119,1583.998159079848,1694.465349737867,1788.697703184812,1883.3577270505514,1936.030677410632,1806.5011058386517,1965.3094343747164,2098.2112447612194,2229.71491223037,2366.832891032305,2523.4360185137643
datastructure,WB.DATA360:DS_DATA360(1.3),I,A,FSM,WB_WDI_NY_GDP_PCAP_KD,_T,_T,_T,USD_K_2015,_Z,_Z,_Z,_Z,CUR,2,WB_WDI,P1Y,0,A,PU,Annual,"Micronesia, Fed. Sts.",GDP per capita (constant 2015 US$),Total,All age ranges or no breakdown by age,Total,"US dollars, 2015 constant prices",Not Applicable,Not Applicable,Not Applicable,Not Applicable,Currency,Two,World Development Indicators (WDI),Annual,Units,Normal value,Public,,,,,,,,,,,1698.8455248285607,1688.8191464117324,1661.835539750997,2166.2851979718703,2431.327608746946,2372.5472197055565,2325.1045765841154,2324.1606646712,2387.7199197496307,2363.5996670572817,2126.8276512462608,2263.8249411547686,2139.4685701481535,2117.3822231494564,1975.4645748011346,2237.4567432570684,2348.9836067315823,2312.5508968942586,2316.468348648017,2351.9782982134116,2394.375588863607,2525.5024196649492,2575.297328060474,2726.1572575904265,2661.6421897661207,2818.4969090602776,2712.573799820715,2535.8244544768067,2600.5965506056623,2622.81714261636,2735.195656928296,2777.0246648919883,2787.2741327606745,2840.524490688648,2758.7459039009846,2847.482295255373,2853.207137328466,2827.530721061632,2779.829711130983,2841.467459460789,2901.246047982146,3006.5397623700637,2952.5870965681665,2837.1574672913534,2757.396548788895,2869.8627616910117,2896.472822454675,2945.601473844623,2946.0582784642847,3043.0771898901194,2963.443605290217,3035.922517792324,2928.5246424595134,2948.077209752764,3001.79669747008,3019.7374580665364
datastructure,WB.DATA360:DS_DATA360(1.3),I,A,CRI,WB_WDI_NY_GDP_PCAP_KD,_T,_T,_T,USD_K_2015,_Z,_Z,_Z,_Z,CUR,2,WB_WDI,P1Y,0,A,PU,Annual,Costa Rica,GDP per capita (constant 2015 US$),Total,All age ranges or no breakdown by age,Total,"US dollars, 2015 constant prices",Not Applicable,Not Applicable,Not Applicable,Not Applicable,Currency,Two,World Development Indicators (WDI),Annual,Units,Normal value,Public,3616.3038818090145,3549.4412099930773,3607.7113947732078,3720.83513702117,3725.338595733192,3897.704312373942,4037.231046484206,4135.558487394904,4356.513291519447,4468.50770757481,4674.027784261328,4859.805124480398,5122.413071593751,5378.290933109751,5533.739225566541,5506.656362599596,5661.546391650707,6005.5924484601055,6214.35929015895,6347.560456078965,6223.695711249398,5919.503084227284,5340.052960509562,5344.040811787025,5616.083123002141,5503.327829011431,5652.721135309969,5767.515155125813,5813.9134626804,5990.495316727199,6048.583075339067,6030.179708637236,6420.446242997311,6706.276688926696,6839.3623289413445,6954.095376638881,6884.735529581239,7099.523981218371,7439.726728799079,7589.290936836939,7726.519856174673,7854.233975638188,7989.559261061047,8207.457478261413,8445.529175774293,8655.339676673728,9160.294373133793,9779.511502218273,10104.909235200506,9883.67568633785,10285.085677766681,10612.46949604263,11001.51930843955,11151.143793774401,11422.673597244153,11714.710612167235,12084.435141998822,12468.565484933635,12708.804282835934,12944.013449340962,12322.235945853414,13267.254950803512,13931.846161476393,14531.500513746569,15052.914992474325,15669.004109690713
datastructure,WB.DATA360:DS_DATA360(1.3),I,A,TEC,WB_WDI_NY_GDP_PCAP_KD,_T,_T,_T,USD_K_2015,_Z,_Z,_Z,_Z,CUR,2,WB_WDI,P1Y,0,A,PU,Annual,Europe & Central Asia (IDA & IBRD),GDP per capita (constant 2015 US$),Total,All age ranges or no breakdown by age,Total,"US dollars, 2015 constant prices",Not Applicable,Not Applicable,Not Applicable,Not Applicable,Currency,Two,World Development Indicators (WDI),Annual,Units,Normal value,Public,,,,,,,,,,,,,,,,,,,,,,,,,,,,,,5459.885139651147,5346.609519515449,5006.96939084445,4511.551788011545,4289.412252016647,3919.920534246553,3912.4644583336462,3946.280357888437,4058.471851444062,4029.118078772902,4130.4046465739275,4437.327998366303,4558.684957104121,4789.407193439689,5084.48553032781,5481.956836094239,5843.321426184309,6297.575987694056,6778.530044151404,7066.171315992451,6711.530310249326,7000.768861912113,7380.618221158277,7600.780825393603,7818.914339797361,7958.160975027011,8034.684259625501,8146.530104734168,8464.38023977556,8750.280888104593,8959.32260249973,8812.508685215818,9476.651107489153,9708.776746841359,10132.301327056617,10509.110178592708,10747.690884563443
datastructure,WB.DATA360:DS_DATA360(1.3),I,A,OED,WB_WDI_NY_GDP_PCAP_KD,_T,_T,_T,USD_K_2015,_Z,_Z,_Z,_Z,CUR,2,WB_WDI,P1Y,0,A,PU,Annual,OECD members,GDP per capita (constant 2015 US$),Total,All age ranges or no breakdown by age,Total,"US dollars, 2015 constant prices",Not Applicable,Not Applicable,Not Applicable,Not Applicable,Currency,Two,World Development Indicators (WDI),Annual,Units,Normal value,Public,11062.071457333463,11385.844244613403,11851.46597104989,12286.889442769983,12908.732521595206,13443.600329721363,14015.78615338902,14379.866268307327,15062.493640789846,15712.121282101878,15965.68967238304,16322.57914800257,16992.327325294507,17832.736832060895,17850.17648449629,17737.872575997713,18406.487870563316,18901.90058346511,19541.578011877795,20108.93329506931,20161.32584420311,20397.563416862427,20268.26834502189,20672.38136594224,21492.33896320316,22102.771203549943,22607.39218243481,23219.97251289122,24068.434887041447,24755.944648710614,25250.493608535642,25294.19217597436,25589.422531814715,25724.20461817759,26361.059499749797,26875.332362024183,27496.465856240316,28289.340443505902,28905.34211161726,29680.77782926328,30690.47748881037,30890.130717138407,31136.42810247888,31536.788269753393,32329.449021100816,33018.698983291506,33783.13050108513,34431.72094176364,34298.23045502234,32893.894524598654,33643.24800112894,34082.48704651382,34347.43700807913,34700.98922497539,35262.5460710348,35931.9232791311,36367.10622215489,37096.022062790355,37756.284694114685,38231.921715651675,36615.92106250725,38777.500830770114,39804.66249613602,40246.743427263646,40700.64434617399,41261.061662932305
datastructure,WB.DATA360:DS_DATA360(1.3),I,A,LSO,WB_WDI_NY_GDP_PCAP_KD,_T,_T,_T,USD_K_2015,_Z,_Z,_Z,_Z,CUR,2,WB_WDI,P1Y,0,A,PU,Annual,Lesotho,GDP per capita (constant 2015 US$),Total,All age ranges or no breakdown by age,Total,"US dollars, 2015 constant prices",Not Applicable,Not Applicable,Not Applicable,Not Applicable,Currency,Two,World Development Indicators (WDI),Annual,Units,Normal value,Public,262.7404304778956,259.76624482217863,290.7832964231727,312.24114521582254,328.19819128761077,325.59053888523675,314.0552856970699,336.0870748096299,322.8016164091117,316.0958377428964,311.5476359746264,316.0161659099062,304.4744126535212,371.7433655020699,398.58305072590724,333.01164791661415,358.1296670503749,423.8053541299322,487.3514555883247,487.1660450822896,460.2016172823168,450.1025262889636,456.70895712651975,452.5203317291166,464.08569376449896,462.89217229415476,472.4328559571615,465.473147313833,494.92189148357915,513.1063028899493,533.8249641939992,560.884905718596,590.0082120924852,601.5579141315403,628.9600512272008,641.758711944969,670.4695817741547,689.8062184550046,696.9359739377529,698.4410871820664,725.2636687077727,752.243212493971,760.0334431803064,798.5405005544542,817.7935978971864,853.9605006297973,893.7506866271556,927.2686332734197,971.8813668213514,952.7479297465286,995.2334324516809,1031.997215643429,1086.390348162832,1093.9532348927173,1100.049936842151,1121.1985134251822,1147.5874880167062,1097.821668127518,1068.444629133729,1040.9935101411727,944.8341283754287,955.221236301503,967.5192859832496,973.116561960912,1012.5937952338597,1021.3510481623862
datastructure,WB.DATA360:DS_DATA360(1.3),I,A,ARE,WB_WDI_NY_GDP_PCAP_KD,_T,_T,_T,USD_K_2015,_Z,_Z,_Z,_Z,CUR,2,WB_WDI,P1Y,0,A,PU,Annual,United Arab Emirates,GDP per capita (constant 2015 US$),Total,All age ranges or no breakdown by age,Total,"US dollars, 2015 constant prices",Not Applicable,Not Applicable,Not Applicable,Not Applicable,Currency,Two,World Development Indicators (WDI),Annual,Units,Normal value,Public,,,,,,,,,,,48741.07966127975,56948.80050457183,68920.97587674667,107395.09705230818,109718.5701854025,105007.18848935256,107855.62859419273,113580.44223137839,98092.33001460758,105254.74950741242,117073.34920919458,113153.02105646518,99530.86203335453,89516.44183037871,88072.44720058353,80474.98465358444,64264.80834075158,61928.03147857343,56449.75523491588,59586.044316948566,66481.58974664377,63430.90661806504,62201.81838281303,59942.990798835126,61156.743910473364,62393.29932412502,61871.42111098138,61715.53119945016,57355.8965054096,54943.770569469,56939.36007679977,54169.41357015654,52216.831833817545,53619.1662875958,55611.437634412505,55363.58181969982,56629.971311754474,52038.62293931218,47922.694143047236,42672.194622262694,42328.846681859985,43687.791942454554,43958.57796707126,44312.63204635045,44257.66520854508,44910.345886077565,45168.495597391244,43293.02023607645,43377.80260148598,43468.45347050126,39878.46638963894,40935.89154820839,41828.56869235462,41926.57734984073,41605.413870690754,
datastructure,WB.DATA360:DS_DATA360(1.3),I,A,MMR,WB_WDI_NY_GDP_PCAP_KD,_T,_T,_T,USD_K_2015,_Z,_Z,_Z,_Z,CUR,2,WB_WDI,P1Y,0,A,PU,Annual,Myanmar,GDP per capita (constant 2015 US$),Total,All age ranges or no breakdown by age,Total,"US dollars, 2015 constant prices",Not Applicable,Not Applicable,Not Applicable,Not Applicable,Currency,Two,World Development Indicators (WDI),Annual,Units,Normal value,Public,129.77204023117775,127.56428119073057,129.88794141641216,144.00079290024502,132.5224395761648,143.4172178079804,133.39825466500568,122.67890096035063,134.3881369366278,135.7027561955556,139.27513359740126,141.82379962710843,142.10434466428563,137.82900450170936,142.3875140605672,145.45796007931156,151.3815281016875,157.3376203552753,164.3584201312705,169.59943309891716,179.58860092821473,187.43997349844196,194.36086226594884,198.97314350178343,204.5039439594677,206.1790241683607,200.21557680533556,188.87166752729811,164.7004166397048,168.11385420497936,170.23343672644853,166.71043994752554,180.33322741725294,188.6805253446685,200.12478854139655,211.2656359445067,222.01335977589792,231.58795411603927,242.13214813142423,265.4553351447819,298.5904645060466,328.97387270899645,364.8558001924773,411.498764121919,463.3301357153318,522.0995447846614,586.0855799274178,651.7297308902677,714.6204190173377,785.6348531578935,854.9324780160347,895.512538750361,953.1230819234252,1024.6906047325424,1099.243877500987,1166.7330554633684,1225.3791397098876,1290.5640902568957,1361.5683126411977,1440.989882367336,1301.3138635066707,1136.9956605413986,1174.7669794575465,1177.7664964556272,1158.4792809772819,1127.9174542942653
datastructure,WB.DATA360:DS_DATA360(1.3),I,A,WLD,WB_WDI_NY_GDP_PCAP_KD,_T,_T,_T,USD_K_2015,_Z,_Z,_Z,_Z,CUR,2,WB_WDI,P1Y,0,A,PU,Annual,World,GDP per capita (constant 2015 US$),Total,All age ranges or no breakdown by age,Total,"US dollars, 2015 constant prices",Not Applicable,Not Applicable,Not Applicable,Not Applicable,Currency,Two,World Development Indicators (WDI),Annual,Units,Normal value,Public,3666.590820610731,3758.772502628048,3889.4416988034145,3999.117373677266,4176.128722143546,4321.263594824163,4461.252011135234,4534.504351774878,4706.6920448546325,4884.727812179986,4964.266881619904,5060.961777980723,5235.595218018481,5464.502350851745,5466.805120334885,5409.877913344302,5590.918915217148,5710.217130282892,5843.071956764273,5978.088040445486,5980.2496636777005,5986.165416340472,5902.836311071861,5947.171961851611,6119.787470001959,6233.016209957059,6325.606967957084,6446.303343439365,6619.580693948324,6741.215596724406,6804.1256624153975,6773.415567841006,6801.305487900749,6818.5696934514,6944.091078913807,7057.772785189589,7202.739870665972,7381.771198728047,7478.784108246192,7638.92854068848,7879.617889903309,7932.442470456762,8010.647240399788,8151.037005052501,8408.564587326233,8639.359347436954,8913.156668563634,9191.47419679425,9265.526554773522,9028.220551629007,9322.217915781059,9514.519510489958,9653.62748273357,9811.026196876075,10000.583273873364,10191.975251266249,10355.044987352105,10591.555084678432,10822.574532063587,10996.909518406976,10575.219488302899,11167.604492338543,11452.020212461646,11670.82246808224,11894.252150505134,12130.663321466169
datastructure,WB.DATA360:DS_DATA360(1.3),I,A,MYS,WB_WDI_NY_GDP_PCAP_KD,_T,_T,_T,USD_K_2015,_Z,_Z,_Z,_Z,CUR,2,WB_WDI,P1Y,0,A,PU,Annual,Malaysia,GDP per capita (constant 2015 US$),Total,All age ranges or no breakdown by age,Total,"US dollars, 2015 constant prices",Not Applicable,Not Applicable,Not Applicable,Not Applicable,Currency,Two,World Development Indicators (WDI),Annual,Units,Normal value,Public,1266.3152571268877,1327.7765086540253,1376.658009870847,1439.554900611081,1477.8315644889524,1551.336167382068,1631.475898140795,1654.7650757367564,1746.6965470927535,1791.139665486924,1855.2467385088569,1993.4999949867304,2128.907386832316,2321.7380996524735,2455.312713608921,2416.513448826603,2632.120320893034,2768.8853436512613,2883.071070294813,3077.789333781402,3216.287786900768,3332.8200055916345,3420.217171151138,3518.794921126044,3670.366012366019,3515.2550562520464,3444.1171381955783,3508.0094857169483,3737.2600690665226,3953.8147125583414,4184.760729289759,4456.931331481592,4726.13789172987,5062.591104370498,5390.1016760696575,5771.352119560827,6190.464291348864,6480.556494558546,5857.967029408574,6070.956219870912,6455.614197925831,6334.927956516982,6516.906715601545,6732.920494580987,7025.345580043809,7234.024426891415,7469.810692121099,7769.596933504883,7976.1178537477335,7700.46111294033,8118.922705119811,8400.322486835577,8710.526713599022,8964.807248962034,9341.730559712778,9648.679793752302,9901.479601798123,10293.762920536155,10610.195024047911,10902.983485585608,10171.4657842762,10388.266712085682,11191.65117569426,11445.392527507936,11883.791277489954,12352.373269671018
datastructure,WB.DATA360:DS_DATA360(1.3),I,A,CAN,WB_WDI_NY_GDP_PCAP_KD,_T,_T,_T,USD_K_2015,_Z,_Z,_Z,_Z,CUR,2,WB_WDI,P1Y,0,A,PU,Annual,Canada,GDP per capita (constant 2015 US$),Total,All age ranges or no breakdown by age,Total,"US dollars, 2015 constant prices",Not Applicable,Not Applicable,Not Applicable,Not Applicable,Currency,Two,World Development Indicators (WDI),Annual,Units,Normal value,Public,15432.48724628353,15605.53886697784,16455.770060601026,17007.707813869274,17800.88203603486,18585.900110498882,19476.046636058134,19715.113441540987,20371.164554016028,21114.30827726869,21428.930660192927,21642.56252207505,22573.58893413765,23799.719443665093,24257.841162866214,24275.837131097276,25369.488925882633,25960.66528128823,26663.797488582564,27384.70543789366,27622.40115066506,28215.559196837716,26999.106183935415,27418.519150157696,28763.00110841441,29851.673266847145,30183.439114936988,31001.160968648142,31951.582560738105,32116.955604286275,31700.578115460674,30654.36393689734,30563.409522971368,31032.785763879,32074.188480629873,32595.48426909091,32801.33481715857,33867.04192740911,34894.64849284038,36391.571896460686,37906.898210120016,38200.494502539535,38921.70640545142,39270.0629084669,40108.79902629159,41006.26414402396,41663.55415881658,42106.914718616485,42067.610977794975,40376.45593309276,41164.38124865782,42043.68420440078,42320.685653001805,42851.21358762322,43643.27949109958,43594.23790807062,43551.38635582362,44339.43322178779,44907.38879944694,45100.336805858984,42366.17109352646,44639.23811719925,45883.005894189206,45495.51008926053,45061.38645872851,45418.12926626993
datastructure,WB.DATA360:DS_DATA360(1.3),I,A,AFE,WB_WDI_NY_GDP_PCAP_KD,_T,_T,_T,USD_K_2015,_Z,_Z,_Z,_Z,CUR,2,WB_WDI,P1Y,0,A,PU,Annual,Africa Eastern and Southern,GDP per capita (constant 2015 US$),Total,All age ranges or no breakdown by age,Total,"US dollars, 2015 constant prices",Not Applicable,Not Applicable,Not Applicable,Not Applicable,Currency,Two,World Development Indicators (WDI),Annual,Units,Normal value,Public,1186.271645387084,1160.378668886244,1219.2728658280328,1253.365940342307,1275.8195139258764,1304.2066831304141,1329.2811592906394,1360.9757021814437,1377.156588366048,1406.454092750688,1381.60880745634,1415.8848492478567,1414.2383639304232,1437.003446485215,1471.2179121895167,1448.4951890838656,1439.8910485857593,1415.256919565103,1393.9087216904045,1390.5172042227655,1423.013450789492,1433.8720721690245,1392.7846820774955,1350.6844985747575,1354.9493918015316,1313.6258441721852,1303.9141374752123,1315.258495564624,1332.365629892394,1329.7759727047423,1293.7652223679722,1257.3274624723513,1194.9829394034412,1152.5900407487504,1143.9139633955417,1163.1260924150954,1195.0517868380496,1209.723605397623,1199.7045822019056,1199.4302912235387,1205.8766643728372,1216.2278810839691,1231.3326061680368,1235.598052263286,1271.1956995491894,1314.2677841970979,1364.5800259976663,1417.3733138599637,1440.5214451050613,1414.5054892712812,1449.7807265218084,1464.8861119293754,1452.765685958278,1478.879956236631,1495.7984486298665,1498.7159707383353,1493.119365756915,1493.1423907296028,1492.186702043845,1480.2290023954295,1398.5779300083248,1422.6554631187314,1437.0913937496612,1428.5462384367625,1432.5084349681451,1449.2713834104702
datastructure,WB.DATA360:DS_DATA360(1.3),I,A,LIE,WB_WDI_NY_GDP_PCAP_KD,_T,_T,_T,USD_K_2015,_Z,_Z,_Z,_Z,CUR,2,WB_WDI,P1Y,0,A,PU,Annual,Liechtenstein,GDP per capita (constant 2015 US$),Total,All age ranges or no breakdown by age,Total,"US dollars, 2015 constant prices",Not Applicable,Not Applicable,Not Applicable,Not Applicable,Currency,Two,World Development Indicators (WDI),Annual,Units,Normal value,Public,,,,,,,,,,,,,,,,,,,,,,,,,,,,,,,,,,,,,,,,,,,,,,,,,,,,,,,,167187.15730982038,,,,,,,,,,
datastructure,WB.DATA360:DS_DATA360(1.3),I,A,HND,WB_WDI_NY_GDP_PCAP_KD,_T,_T,_T,USD_K_2015,_Z,_Z,_Z,_Z,CUR,2,WB_WDI,P1Y,0,A,PU,Annual,Honduras,GDP per capita (constant 2015 US$),Total,All age ranges or no breakdown by age,Total,"US dollars, 2015 constant prices",Not Applicable,Not Applicable,Not Applicable,Not Applicable,Currency,Two,World Development Indicators (WDI),Annual,Units,Normal value,Public,207.81524033172965,205.377946621958,204.01621924648873,200.82272945018224,198.1931572658534,197.5569560307087,189.78934445492823,191.31207324090295,183.63300820101554,179.89351480970947,183.26395169204034,186.11789407896558,187.5990617765124,190.11467932433442,202.0763902802274,206.60198350011012,232.49511747683064,244.92506497428286,268.186072317287,290.04695374101334,318.01722631505083,330.9121922931343,335.2383556508008,348.1854475976805,346.0719042462675,351.8806567554969,360.8789904188743,356.88961310879154,373.257584295228,388.7846713024583,457.98104009258776,561.1255923193436,594.6890011415701,656.8698278490925,823.7916755620937,998.3565641831768,1193.3883090617455,1420.7310970024373,1543.7579480068914,1677.779491570838,1789.477985126372,1789.1881603211712,1807.9730554729163,1842.2975001881252,1908.9095005046433,1975.8564791323588,2056.5349146923136,2134.195406394847,2175.14709403064,2076.3085989563792,2108.473144596029,2144.5626554049118,2188.393788178909,2205.4012672806716,2229.2477223221786,2271.2026598034863,2315.7298305819804,2383.373984397137,2430.1350365776216,2447.6164928218077,2189.4316866822246,2423.766349169109,2482.2238490471364,2527.2736633318846,2575.32081187859,2628.1972213688678
datastructure,WB.DATA360:DS_DATA360(1.3),I,A,BHR,WB_WDI_NY_GDP_PCAP_KD,_T,_T,_T,USD_K_2015,_Z,_Z,_Z,_Z,CUR,2,WB_WDI,P1Y,0,A,PU,Annual,Bahrain,GDP per capita (constant 2015 US$),Total,All age ranges or no breakdown by age,Total,"US dollars, 2015 constant prices",Not Applicable,Not Applicable,Not Applicable,Not Applicable,Currency,Two,World Development Indicators (WDI),Annual,Units,Normal value,Public,,,,,,,,,,,17423.524670228348,17249.012422457065,18258.31311429244,19724.65165345911,20304.817461613093,17582.57544136523,21815.076482531716,23475.826642994976,23251.0531134084,22978.219801872623,22551.986092581472,20521.425016102963,18310.990859164427,18811.438095549296,19065.319147866434,17516.63610439906,17091.29030169836,18193.207344195554,18774.13951720751,18183.311929769046,18345.83799688154,20882.50586404715,21701.2220342029,23858.193124582434,23180.332255565892,23465.71291702272,23795.209253886238,23893.13356557634,24386.59165234909,24773.84641040436,25407.969405455166,25106.286974261217,24149.01560137992,23857.64035797686,23688.112105922453,23439.67043530378,23095.018133022786,23112.48880583977,23127.214804004776,22206.937198522544,22224.073616624868,23288.04493983129,23894.880444708786,24271.62788145059,24135.499130484906,23734.05511430191,23715.279132871165,23606.886750131347,24059.783864156212,24873.664006013405,23586.930958151588,24086.784780342812,25234.402561820025,25342.622664157167,25886.239315231087,26591.66519126905
datastructure,WB.DATA360:DS_DATA360(1.3),I,A,TEA,WB_WDI_NY_GDP_PCAP_KD,_T,_T,_T,USD_K_2015,_Z,_Z,_Z,_Z,CUR,2,WB_WDI,P1Y,0,A,PU,Annual,East Asia & Pacific (IDA & IBRD),GDP per capita (constant 2015 US$),Total,All age ranges or no breakdown by age,Total,"US dollars, 2015 constant prices",Not Applicable,Not Applicable,Not Applicable,Not Applicable,Currency,Two,World Development Indicators (WDI),Annual,Units,Normal value,Public,329.5429496514283,285.49498880137895,279.88117929867946,290.49515429238744,314.2093898374756,339.818414005776,357.2362660967384,343.10984582348874,340.08277370444176,368.82610957136006,407.40422519572553,423.5093234284591,433.45406447726657,458.50129542673216,466.38593890656,488.3753066372897,493.2424632936344,521.70367933532,560.7162389516393,590.6530638180354,625.0979171137664,649.7329974952073,679.7867986814317,719.8408234180829,779.2533542809759,827.5781479397926,872.0153770908042,935.6973953291098,1009.4231510507742,1049.1345279310283,1085.3864787556554,1155.4220497248411,1267.1415341059035,1391.2713497328311,1523.068553015912,1652.4006146389988,1779.9184130871186,1887.8314883808605,1921.519890667339,2023.4208213826792,2157.8553560379546,2286.874585317278,2451.2308338771422,2649.7194654395757,2868.8226935382077,3131.6805514232956,3450.7126762321814,3849.6918174444804,4149.891721691147,4448.80407260716,4852.638590130794,5227.9513648251495,5575.013904641329,5931.549273722315,6296.370147109068,6664.534473370076,7045.160721105578,7457.828900093734,7894.29743865068,8312.847679759298,8386.414839078147,9005.518064063654,9303.40405088781,9774.780429859593,10241.98902480994,10734.626833525204
datastructure,WB.DATA360:DS_DATA360(1.3),I,A,BDI,WB_WDI_NY_GDP_PCAP_KD,_T,_T,_T,USD_K_2015,_Z,_Z,_Z,_Z,CUR,2,WB_WDI,P1Y,0,A,PU,Annual,Burundi,GDP per capita (constant 2015 US$),Total,All age ranges or no breakdown by age,Total,"US dollars, 2015 constant prices",Not Applicable,Not Applicable,Not Applicable,Not Applicable,Currency,Two,World Development Indicators (WDI),Annual,Units,Normal value,Public,252.49443226323504,212.34285540931364,225.78813934807178,230.22486982361065,237.796206552628,240.48406689455012,245.5895993647939,272.52744854486,265.30958592256434,255.8217310851153,303.7097923911063,304.5592991166088,285.0681163739504,305.13995945311535,295.43006437029004,290.2029860181435,306.3131591146099,332.79234017324194,320.2751353002241,317.6142672088541,307.5782674600648,331.2153922462465,319.6486873478825,322.7591329033855,315.5224618599284,345.1638542345178,349.75603026614704,360.67992379734676,370.52675566420885,368.22615709793166,373.2452416879918,383.87035858919097,377.5183196978736,365.2820122717048,349.0162492377681,302.70184452460444,278.29347986698326,273.8895483328965,281.4708927164218,272.0308647889725,264.154407180223,262.91388577438363,266.96814164834177,255.5008233856123,258.0500091153332,250.87893347593544,255.1055822519254,254.31172551633097,256.01246155449644,252.5820198758858,253.30857774992384,254.2421106482151,256.18039393187394,259.3111172033546,261.2967217520021,254.40258522678766,258.06197080406275,261.7258392872387,267.5086921726873,270.4110057108094,263.4638763625973,264.6826516584216,263.5875500491186,264.8433079451201,268.7008573899107,273.43297761247743
datastructure,WB.DATA360:DS_DATA360(1.3),I,A,XKX,WB_WDI_NY_GDP_PCAP_KD,_T,_T,_T,USD_K_2015,_Z,_Z,_Z,_Z,CUR,2,WB_WDI,P1Y,0,A,PU,Annual,Kosovo,GDP per capita (constant 2015 US$),Total,All age ranges or no breakdown by age,Total,"US dollars, 2015 constant prices",Not Applicable,Not Applicable,Not Applicable,Not Applicable,Currency,Two,World Development Indicators (WDI),Annual,Units,Normal value,Public,,,,,,,,,,,,,,,,,,,,,,,,,,,,,,,,,,,,,,,,,,,,,,,,,2543.5980687088977,2680.859955927124,2822.632270460906,2995.6481131445726,3021.3500069167685,3163.470408882701,3279.023450177069,3520.6268532445147,3739.173866774969,3890.176245372607,4009.1195243937796,4219.06495675744,3990.944255866478,4429.873894408571,4666.38918595784,5102.746749219078,5631.679588544221,5898.638952715172
datastructure,WB.DATA360:DS_DATA360(1.3),I,A,FRO,WB_WDI_NY_GDP_PCAP_KD,_T,_T,_T,USD_K_2015,_Z,_Z,_Z,_Z,CUR,2,WB_WDI,P1Y,0,A,PU,Annual,Faroe Islands,GDP per capita (constant 2015 US$),Total,All age ranges or no breakdown by age,Total,"US dollars, 2015 constant prices",Not Applicable,Not Applicable,Not Applicable,Not Applicable,Currency,Two,World Development Indicators (WDI),Annual,Units,Normal value,Public,,,,,,,,,,,,,,,,,,,,,,,,,,,,,,,,,,,,,,,,,,,,,,,,,44623.031587197496,42379.08511760438,42334.39162898797,43947.15706258205,47304.8451728204,50121.79196845739,52645.87699577282,52638.266821845355,52758.46264615401,53832.10227527976,54432.525765806626,56031.66287012926,54305.79188233342,56275.53066141242,57784.72237029138,59067.56374462965,59302.10985461423,
datastructure,WB.DATA360:DS_DATA360(1.3),I,A,TON,WB_WDI_NY_GDP_PCAP_KD,_T,_T,_T,USD_K_2015,_Z,_Z,_Z,_Z,CUR,2,WB_WDI,P1Y,0,A,PU,Annual,Tonga,GDP per capita (constant 2015 US$),Total,All age ranges or no breakdown by age,Total,"US dollars, 2015 constant prices",Not Applicable,Not Applicable,Not Applicable,Not Applicable,Currency,Two,World Development Indicators (WDI),Annual,Units,Normal value,Public,,,,,,,,,,,,,,,,,,,,,,2589.00431043349,2709.790836045037,2763.002209302984,2811.263514835629,2995.822644050744,3058.4823993863793,3138.0790339143855,3060.5755825690385,3059.0941998165167,2987.6369415196846,3173.086327268612,3177.042575530039,3293.1354200686405,3454.0548358113138,3667.018949681999,3668.5960966927473,3632.1124043712925,3689.216702488806,3749.8234831235754,3866.685913143308,3901.1807203993953,4050.9896231342104,4030.19690552619,3928.0603072449253,3880.070541584972,3775.248485708293,3665.895499722809,3833.6016905826627,3630.7609699507193,3653.978172650873,3892.768077506659,3932.593671806748,3962.1698094878834,4058.815844474725,4123.903472388129,4419.814747003902,4568.62484962494,4583.559685656878,4566.075087007213,4647.007752915795,4612.900869132981,4533.968098201242,4680.300106643572,4779.923998985571,4934.271007952062
datastructure,WB.DATA360:DS_DATA360(1.3),I,A,NOR,WB_WDI_NY_GDP_PCAP_KD,_T,_T,_T,USD_K_2015,_Z,_Z,_Z,_Z,CUR,2,WB_WDI,P1Y,0,A,PU,Annual,Norway,GDP per capita (constant 2015 US$),Total,All age ranges or no breakdown by age,Total,"US dollars, 2015 constant prices",Not Applicable,Not Applicable,Not Applicable,Not Applicable,Currency,Two,World Development Indicators (WDI),Annual,Units,Normal value,Public,19184.909610471102,20227.128517628513,20629.900323455295,21249.46972173833,22146.068523721005,23136.07926396048,23821.18519469206,25100.60093706206,25452.98316505603,26383.707609810215,26701.723641790224,28030.399085147405,29286.741467892858,30388.488321276083,31397.839295440976,32770.04579566613,34524.64470843789,35806.41531723856,37045.292756604766,38525.789043384706,40140.62459679403,40672.48439268457,40621.62224247005,42082.9236226217,44513.899310666406,46848.85550471895,48571.57881517083,49188.03850444215,48762.69296804636,49061.776096193986,49851.03299941516,51032.351265796686,52547.09121570661,53735.99450352465,56123.45825970972,58151.542279587266,60732.75515423337,63480.18417516849,64823.478667212104,65786.3001204135,67611.34110218589,68725.40431627979,69352.0430510008,69702.36115764103,72292.1208978835,73933.74462352639,75428.8816534082,77205.75459840077,76876.87050280086,74688.75314453713,74505.43135863348,74563.83490856692,75669.0612719716,75711.24103952623,76430.73749746865,77220.95243114144,77532.27500226686,78961.77579061675,79313.28894340422,79937.5097885912,78387.04350231019,81199.33914921395,83756.73838050607,83100.79446458716,83487.13322769282,83812.75595634569
datastructure,WB.DATA360:DS_DATA360(1.3),I,A,GRD,WB_WDI_NY_GDP_PCAP_KD,_T,_T,_T,USD_K_2015,_Z,_Z,_Z,_Z,CUR,2,WB_WDI,P1Y,0,A,PU,Annual,Grenada,GDP per capita (constant 2015 US$),Total,All age ranges or no breakdown by age,Total,"US dollars, 2015 constant prices",Not Applicable,Not Applicable,Not Applicable,Not Applicable,Currency,Two,World Development Indicators (WDI),Annual,Units,Normal value,Public,,,,,,,,,,,,,,,,,,3040.0415642096664,3226.0984894223034,3435.9042353684513,3451.944177017176,3523.0145499285863,3655.448157784636,3765.692681447472,3877.608512291818,4083.2677594966867,4346.323540097767,4705.942651342427,4807.013729856562,4947.215949419744,5102.691729815526,5130.482574785219,5046.311072050502,4909.7707644488255,4956.322451389973,5026.24215573734,5213.4310371238325,5438.0445822801,6036.158998086143,6409.145914510519,6677.126523092204,6509.516603133743,6707.368735327766,7309.785470945788,7233.294944349623,8162.912321247273,7808.2435832343435,8257.362256826887,8307.49221491819,7733.129906000582,7670.711658276631,7695.376160172874,7559.562848395603,7688.752977013425,8206.628621123333,8694.12438005692,8983.683973378986,9357.40728883583,9744.169195772041,9785.560402405921,8413.283355003718,8782.321934260775,9406.193376432257,9817.863835839165,10042.650314206305,10477.15159570097
datastructure,WB.DATA360:DS_DATA360(1.3),I,A,IDB,WB_WDI_NY_GDP_PCAP_KD,_T,_T,_T,USD_K_2015,_Z,_Z,_Z,_Z,CUR,2,WB_WDI,P1Y,0,A,PU,Annual,IDA blend,GDP per capita (constant 2015 US$),Total,All age ranges or no breakdown by age,Total,"US dollars, 2015 constant prices",Not Applicable,Not Applicable,Not Applicable,Not Applicable,Currency,Two,World Development Indicators (WDI),Annual,Units,Normal value,Public,988.0998957374342,980.7406896961974,995.64648176103,1049.9024123017443,1082.569031628029,1109.1656689153617,1086.4132595777214,985.4144754809065,988.9334133056786,1107.5580022604963,1262.6373219566751,1357.1230897868916,1373.7472272500943,1410.923816656969,1483.0297957939467,1421.465289173025,1473.945178642273,1507.752349465176,1469.2430615058136,1502.8822214540496,1509.9587662099937,1406.2028781209497,1347.395054417621,1268.108376798912,1247.758595081987,1282.4318708921523,1280.0173936195577,1284.6553995529835,1322.1096546804968,1323.1137861322666,1359.7561942912328,1344.8335360413387,1343.848321092608,1304.6957147226126,1281.2138783960029,1275.396967758191,1300.1340860113091,1297.1667244810742,1298.68875523704,1291.5595836710636,1302.7917320558688,1319.2837398469326,1368.724319478254,1395.747810497483,1461.5358507132125,1510.7855145488347,1558.1995049557593,1600.8764976188295,1625.063607640761,1677.0113479799882,1732.0970274752037,1762.431099997929,1800.9868040786541,1864.2009435171826,1932.236646734601,1967.894114581303,1975.5045658550662,1991.505820038592,2028.1409204023935,2049.302366777407,1943.872438092948,1988.143167481507,2043.423728951992,2062.6235641928683,2107.6638668717983,2163.142954178716
datastructure,WB.DATA360:DS_DATA360(1.3),I,A,TLA,WB_WDI_NY_GDP_PCAP_KD,_T,_T,_T,USD_K_2015,_Z,_Z,_Z,_Z,CUR,2,WB_WDI,P1Y,0,A,PU,Annual,Latin America & Caribbean (IDA & IBRD),GDP per capita (constant 2015 US$),Total,All age ranges or no breakdown by age,Total,"US dollars, 2015 constant prices",Not Applicable,Not Applicable,Not Applicable,Not Applicable,Currency,Two,World Development Indicators (WDI),Annual,Units,Normal value,Public,3333.1398389393976,3435.1339829781123,3487.1859776984265,3458.3257743877466,3614.9516655962375,3710.462076450495,3781.6483385205097,3837.5846075983577,4007.1586504054712,4159.653025026727,4324.27864662007,4498.81195646583,4697.84424910301,4955.671636558596,5143.681110093912,5205.876984048569,5364.212179212535,5492.511502886147,5597.782918025236,5863.770687296631,6105.327441016802,6022.555725697862,5877.252217230253,5594.7697059732245,5680.55662019316,5732.4862840124815,5818.181635810101,5896.593464539027,5814.449235740532,5765.852336152912,5654.495923654933,5745.441518104986,5805.604658475471,5963.723137875308,6161.0069598379505,6106.189309809318,6238.879363259844,6477.3183672615805,6558.452121864383,6476.339393388913,6609.754917809026,6536.569716740708,6458.560967283068,6518.710907291523,6799.291477399296,6997.308728214882,7284.009457023252,7589.783024261481,7789.6779608555935,7519.435269638602,7913.201820587127,8183.496908602349,8314.564555280082,8456.925257703528,8473.41365340212,8404.049788497434,8259.950337940121,8315.235049208424,8349.310111826766,8304.430053019665,7684.931948390936,8194.510658097464,8479.2645101924,8611.077811218314,8744.52778534944,8889.256159750339
datastructure,WB.DATA360:DS_DATA360(1.3),I,A,SSF,WB_WDI_NY_GDP_PCAP_KD,_T,_T,_T,USD_K_2015,_Z,_Z,_Z,_Z,CUR,2,WB_WDI,P1Y,0,A,PU,Annual,Sub-Saharan Africa,GDP per capita (constant 2015 US$),Total,All age ranges or no breakdown by age,Total,"US dollars, 2015 constant prices",Not Applicable,Not Applicable,Not Applicable,Not Applicable,Currency,Two,World Development Indicators (WDI),Annual,Units,Normal value,Public,1157.886918168132,1142.5668004515467,1182.323809287795,1225.3623325223427,1254.2087113283735,1279.7987087860593,1272.6820460447411,1230.6469027342712,1236.2238334685314,1312.0390504114735,1376.9316541906994,1443.7226241836856,1447.0131004110185,1468.1523444905436,1534.8163089127097,1488.6999878838976,1522.1644240128603,1521.3040808694072,1475.0803560561008,1487.7156905329678,1498.441095171984,1442.4260602538586,1381.7907048004745,1307.3768242298179,1299.0930106535586,1287.3425038521093,1274.0745104986156,1274.0672776219565,1293.7575699590416,1286.8721794262262,1279.8358005502894,1250.478680325545,1211.1804701504523,1166.1673715608706,1147.2418725631776,1154.3902119078969,1181.6867051565293,1197.8922179383067,1195.8523183400955,1189.781583895208,1198.4103523036172,1215.9572329121652,1259.3688296154637,1276.3604521393365,1325.1872333659421,1366.9731429745434,1410.5766873290218,1456.9004458652237,1490.8248514761176,1495.8474175478898,1543.4206233635193,1566.1417615475382,1574.7299096830084,1613.0069185216587,1644.0705015008893,1647.3208582683583,1625.3822143119282,1622.8851048291394,1624.6365666884974,1623.2079870029054,1529.9102576263365,1545.113883244353,1568.021527881133,1571.4055801622983,1588.9396132657093,1614.9994651666477
datastructure,WB.DATA360:DS_DATA360(1.3),I,A,EGY,WB_WDI_NY_GDP_PCAP_KD,_T,_T,_T,USD_K_2015,_Z,_Z,_Z,_Z,CUR,2,WB_WDI,P1Y,0,A,PU,Annual,"Egypt, Arab Rep.",GDP per capita (constant 2015 US$),Total,All age ranges or no breakdown by age,Total,"US dollars, 2015 constant prices",Not Applicable,Not Applicable,Not Applicable,Not Applicable,Currency,Two,World Development Indicators (WDI),Annual,Units,Normal value,Public,754.6651274084782,773.3599526919949,782.4641289557725,842.3261123488592,915.1286328755805,935.9542134520179,958.8506569123025,942.8606580920546,905.1646645098167,930.0309022653053,959.0560552926399,975.1724357374322,982.105208413768,993.4293162936676,985.8620777238417,1048.9695115715635,1160.7919367942,1235.697100733158,1309.7761513206926,1335.5315212021108,1431.4010816904517,1495.8548305330896,1599.4008322174325,1632.3820136427014,1738.325773147819,1785.0784298070082,1817.0762574662963,1835.1134262357248,1882.2679777298301,1921.8563040015626,1972.1378930332485,1940.1001935856368,1979.020101313321,1989.9792002079103,2024.9537380525273,2074.8399114024555,2133.6480417724392,2204.665759424461,2277.2850483467005,2361.864251013688,2458.608350031538,2492.034411888607,2498.4812119433955,2524.8047719575266,2574.42341789647,2635.7030522663404,2761.624107683114,2902.065598032591,3052.2129784594026,3135.0966130571187,3233.845212493056,3222.3765011139703,3220.991942011885,3216.3783902445357,3235.6624623551925,3306.9815941414076,3381.2224630771243,3452.9096124597622,3568.639662863646,3701.2446344953996,3770.869478685437,3837.3199232525626,4029.782954582041,4111.311847901801,4137.609292331298,4252.636965889529
datastructure,WB.DATA360:DS_DATA360(1.3),I,A,HPC,WB_WDI_NY_GDP_PCAP_KD,_T,_T,_T,USD_K_2015,_Z,_Z,_Z,_Z,CUR,2,WB_WDI,P1Y,0,A,PU,Annual,Heavily indebted poor countries (HIPC),GDP per capita (constant 2015 US$),Total,All age ranges or no breakdown by age,Total,"US dollars, 2015 constant prices",Not Applicable,Not Applicable,Not Applicable,Not Applicable,Currency,Two,World Development Indicators (WDI),Annual,Units,Normal value,Public,737.2676586148661,718.0821466954234,752.0182790388136,758.2847659999211,763.9280348884769,772.954121233625,782.1157444486392,779.3579461065852,792.6509627097804,807.4714099371578,786.0054200964535,799.7180175553783,794.7802068338707,797.1633703658413,816.7586556660165,811.2482164716905,818.9905722157299,824.7774754802066,821.1405870208729,802.3123657539775,788.3787731916638,794.4440423899988,779.4743064667454,760.6521359153155,748.1209713192319,738.3124134056584,739.9211540115746,742.376725824281,732.2723083856612,722.8318989979888,695.764787063158,683.621803364557,654.4511350716542,636.0198680098758,619.324443849788,633.0032225331438,649.4486735045052,669.2165195647632,674.9324704320388,678.8262933802138,679.6619163177187,685.807417274643,692.386060275808,699.5374502451314,719.2860739854955,737.8154948306083,758.0760107274333,777.852603441457,799.0108980736823,803.6693825849036,830.1954363825467,840.9951096730869,850.9053722490603,878.3897389018247,900.2332728078103,917.9241408781778,930.3031958456212,949.2694576895769,961.1258586620235,974.0699658464607,947.5801616476983,962.578481916824,983.847120090035,992.1749170214355,1016.2739876169211,1047.7953353581113
datastructure,WB.DATA360:DS_DATA360(1.3),I,A,RUS,WB_WDI_NY_GDP_PCAP_KD,_T,_T,_T,USD_K_2015,_Z,_Z,_Z,_Z,CUR,2,WB_WDI,P1Y,0,A,PU,Annual,Russian Federation,GDP per capita (constant 2015 US$),Total,All age ranges or no breakdown by age,Total,"US dollars, 2015 constant prices",Not Applicable,Not Applicable,Not Applicable,Not Applicable,Currency,Two,World Development Indicators (WDI),Annual,Units,Normal value,Public,,,,,,,,,,,,,,,,,,,,,,,,,,,,,,8105.89501953125,7849.51904296875,7432.021484375,6345.912109375,5798.91455078125,5071.74267578125,4862.646484375,4686.86279296875,4760.33935546875,4515.50927734375,4819.38037109375,5323.66650390625,5618.95556640625,5910.171875,6370.45361328125,6856.67822265625,7323.38525390625,7949.89697265625,8640.40625,9093.7001953125,8381.8681640625,8755.1201171875,9120.8203125,9464.0107421875,9601.537109375,9493.8125,9277.7138671875,9269.3173828125,9418.99609375,9674.787109375,9882.0244140625,9632.3251953125,10231.318359375,10119.115234375,10560.4658203125,11092.6337890625,11216.2451171875
datastructure,WB.DATA360:DS_DATA360(1.3),I,A,MDV,WB_WDI_NY_GDP_PCAP_KD,_T,_T,_T,USD_K_2015,_Z,_Z,_Z,_Z,CUR,2,WB_WDI,P1Y,0,A,PU,Annual,Maldives,GDP per capita (constant 2015 US$),Total,All age ranges or no breakdown by age,Total,"US dollars, 2015 constant prices",Not Applicable,Not Applicable,Not Applicable,Not Applicable,Currency,Two,World Development Indicators (WDI),Annual,Units,Normal value,Public,,,,,,,,,,,1525.4528649346976,1556.677513843781,1546.534486561806,1524.5608002903814,1565.1957916873812,1398.1022949099317,1364.8400507396782,1474.3922956699964,1645.110752116152,1772.8552887555409,2045.055925091502,2222.3252230744088,2096.026423250245,2371.5340248347725,2927.9210523930137,3273.1863602651583,3456.594138264598,3632.500003989032,3819.632848834742,4044.4525978255606,4582.261279440989,4507.194929550773,4671.996393138012,4803.909904607,5053.646335991073,5580.263420494267,5888.072418706623,6254.758569926572,6599.871737478224,6889.012460886856,7037.085461046135,6647.650382003897,7012.255688731729,7845.29307409315,8174.416073012476,7141.883770498914,8620.728146781827,8933.171663638575,9396.497336104858,8313.409836972301,8569.524946007254,9005.813913751042,8907.66134868182,9213.327914424754,9612.078618067393,9644.906550281454,9909.076697234152,10263.29911476718,10793.894132536665,11194.925374806373,7295.602209564536,9759.221936070799,10939.996327173774,11439.536434287054,11798.791369146036,12498.954291851589
datastructure,WB.DATA360:DS_DATA360(1.3),I,A,GBR,WB_WDI_NY_GDP_PCAP_KD,_T,_T,_T,USD_K_2015,_Z,_Z,_Z,_Z,CUR,2,WB_WDI,P1Y,0,A,PU,Annual,United Kingdom,GDP per capita (constant 2015 US$),Total,All age ranges or no breakdown by age,Total,"US dollars, 2015 constant prices",Not Applicable,Not Applicable,Not Applicable,Not Applicable,Currency,Two,World Development Indicators (WDI),Annual,Units,Normal value,Public,15323.628641145,15618.343999621777,15656.506026409514,16294.937725805621,17095.08438803219,17347.45584901392,17522.49959222054,17912.153216726212,18800.6914906503,19085.738454969876,19524.68651591288,19833.056910360796,20482.711106734474,21938.293793926794,21556.199272197595,21411.881206966285,22017.827379983744,22545.596298243974,23311.65770533725,23930.49368988437,23381.06266499252,23063.591539627923,23554.76956776633,24400.153808566498,25012.24740563379,25853.79146668512,26828.920325280196,27993.28986029404,29336.722050271674,29928.016192878713,30071.20856169547,29590.905405342837,29893.07767937433,30862.41181216544,32308.795272211475,33362.01612725072,34147.345905403316,35721.610592879064,36773.92877904064,37730.715559116055,39297.13663172671,40082.13593568217,40594.93292934499,41706.830393012606,42434.82090236381,43320.562868443834,43944.998579906896,44882.14131230401,44508.28746314787,42146.50958799624,42762.720840223024,42791.09343134741,43136.70067959965,43585.873177228095,44628.57245782168,45256.04022705699,45888.709961456254,47019.45104199995,47516.20997703218,47866.91403540778,42985.039214824814,46491.506883668466,48410.095170281995,47911.15401348323,47900.96801441464,48422.06712363689
datastructure,WB.DATA360:DS_DATA360(1.3),I,A,HKG,WB_WDI_NY_GDP_PCAP_KD,_T,_T,_T,USD_K_2015,_Z,_Z,_Z,_Z,CUR,2,WB_WDI,P1Y,0,A,PU,Annual,"Hong Kong SAR, China",GDP per capita (constant 2015 US$),Total,All age ranges or no breakdown by age,Total,"US dollars, 2015 constant prices",Not Applicable,Not Applicable,Not Applicable,Not Applicable,Currency,Two,World Development Indicators (WDI),Annual,Units,Normal value,Public,,3955.999898544815,4333.800273166303,4847.271956754025,5139.734390684522,5739.515756768522,5791.02111631566,5737.052298859062,5807.327554331702,6363.664433363245,6782.609120973056,7122.002854630715,7728.207645785586,8435.805833391607,8370.769075796796,8253.95806612799,9468.4600080768,10427.085082981257,11085.78255186515,11709.172068928638,12553.063893472092,13397.267184920533,13579.996503589466,14174.666777661609,15435.949299960674,15386.625906036532,16876.223613411967,18945.67771885647,20386.183347340615,20635.519980503002,21357.239674697084,22388.59134591992,23585.654663611876,24621.647818422294,25526.433008331816,25620.020368597212,25551.37131142572,26631.776159752317,24856.750406300183,25237.632569598398,26933.213075470307,26885.405327559616,27210.050236465395,28097.097139730806,30304.290161959834,32401.35586265731,34458.00323480887,36371.64342339873,36924.052964389695,35938.57839174198,38090.01544201286,39656.31845101305,39887.8192650568,40959.97763492486,41796.85931500915,42432.161974044146,43087.55371281275,44380.81767531468,45280.497189207555,44195.274114290565,41451.29895862821,44530.9213833761,43281.00673096465,43518.93117899184,44734.43652968353,46450.189326030064
datastructure,WB.DATA360:DS_DATA360(1.3),I,A,DJI,WB_WDI_NY_GDP_PCAP_KD,_T,_T,_T,USD_K_2015,_Z,_Z,_Z,_Z,CUR,2,WB_WDI,P1Y,0,A,PU,Annual,Djibouti,GDP per capita (constant 2015 US$),Total,All age ranges or no breakdown by age,Total,"US dollars, 2015 constant prices",Not Applicable,Not Applicable,Not Applicable,Not Applicable,Currency,Two,World Development Indicators (WDI),Annual,Units,Normal value,Public,,,,,,,,,,,,,,,,,,,,,,,,,,,,,,,,,,,,,,,,,,,,,,,,,,,,,,2140.1376944233584,2253.1408224976817,2376.1255471987265,2502.8518144943146,2596.45134698268,2677.1650334451,2781.9435011348387,2773.4066178009693,2854.15987035097,2959.786730112679,3117.8155381530996,3290.42482052598,3458.71447416107
datastructure,WB.DATA360:DS_DATA360(1.3),I,A,GEO,WB_WDI_NY_GDP_PCAP_KD,_T,_T,_T,USD_K_2015,_Z,_Z,_Z,_Z,CUR,2,WB_WDI,P1Y,0,A,PU,Annual,Georgia,GDP per capita (constant 2015 US$),Total,All age ranges or no breakdown by age,Total,"US dollars, 2015 constant prices",Not Applicable,Not Applicable,Not Applicable,Not Applicable,Currency,Two,World Development Indicators (WDI),Annual,Units,Normal value,Public,1438.2156944463338,1484.5793687359744,1536.9562349279772,1578.1191858951759,1640.5044943399605,1789.993421997081,1902.9960654979711,2002.2556191147203,2072.582852789258,2151.3558449505376,2387.4681018388255,2421.1417815634422,2464.772102364356,2601.53891669817,2806.253644029282,2991.2100727664306,3150.8572579652873,3345.2071490459716,3572.821359977411,3808.0190588590763,3948.865350795121,4122.876591270079,4169.979244132319,4311.29871587326,4506.668136748219,4688.071865250605,4266.724946373568,4285.87259530389,4479.400182811313,4146.256807981102,3534.032277327824,2768.81016089293,1513.8501740446266,1062.095280802074,966.4195962254845,1029.4805462834745,1187.1232062189954,1354.783522020656,1431.7933606922363,1503.4629877673394,1561.1986763884659,1661.8301910642062,1768.597011688804,1977.4614333874113,2105.0047284379875,2321.6008428516348,2554.8125350391365,2891.13702331846,2970.1585828242805,2887.256079359217,3090.0651366231846,3362.103003196797,3609.7807986259963,3806.5060064905138,3960.3508009190073,4086.6223465964995,4225.091549048057,4442.50744127374,4713.653548453031,4975.811481948139,4659.609253182341,5175.198651858251,5736.304495785975,6180.6206023429,6606.357722718582,6876.985089393909
datastructure,WB.DATA360:DS_DATA360(1.3),I,A,BRB,WB_WDI_NY_GDP_PCAP_KD,_T,_T,_T,USD_K_2015,_Z,_Z,_Z,_Z,CUR,2,WB_WDI,P1Y,0,A,PU,Annual,Barbados,GDP per capita (constant 2015 US$),Total,All age ranges or no breakdown by age,Total,"US dollars, 2015 constant prices",Not Applicable,Not Applicable,Not Applicable,Not Applicable,Currency,Two,World Development Indicators (WDI),Annual,Units,Normal value,Public,8456.986474823303,9019.789825724607,9750.233034281939,9164.182894189544,9526.553528287226,10508.21574260086,10813.853365457839,11862.590621494814,12609.751388051334,13508.669248724245,14796.644200922818,15389.109815358448,15554.547686944314,15721.274668170146,14962.905684351186,14655.351445502842,15278.11499725802,15822.996443330474,16599.622083821843,17929.931867811298,18695.04676661373,18285.65354093844,17332.801352913204,17358.163084692183,17917.65688922967,18050.707357622257,18913.04854489034,19353.229092932757,19994.020480620376,20686.037969956084,19965.24047907996,19128.10193426332,17977.267183022028,18067.081995045864,18388.596509323943,18728.947011380864,19455.508662264136,20369.332500215216,21125.2533175225,21189.410239496712,22170.08467129739,21615.800339172725,21643.89649079726,21979.292323002737,22162.63440486069,22918.543802859458,24193.138434467448,24579.089775259446,24605.45232307518,23250.80176593488,21285.003939355815,21200.194982592264,20534.882587865253,20521.1209928514,20636.032718805513,20429.47471235528,20673.76823373751,20766.551849112933,20674.354784798372,20687.64674279088,17056.98686697809,18395.615362207292,21315.93632555171,21701.266027070073,22421.533361129492,23014.204597035117
datastructure,WB.DATA360:DS_DATA360(1.3),I,A,VNM,WB_WDI_NY_GDP_PCAP_KD,_T,_T,_T,USD_K_2015,_Z,_Z,_Z,_Z,CUR,2,WB_WDI,P1Y,0,A,PU,Annual,Vietnam,GDP per capita (constant 2015 US$),Total,All age ranges or no breakdown by age,Total,"US dollars, 2015 constant prices",Not Applicable,Not Applicable,Not Applicable,Not Applicable,Currency,Two,World Development Indicators (WDI),Annual,Units,Normal value,Public,,,,,,,,,,,,,,,,,,,,,,,,,595.4913333430534,603.9774957970778,607.5899978878296,616.7151480332715,635.3982039480059,668.323172497837,687.8603162541611,713.7472108068039,759.9108539537235,805.6064436304579,861.122422555836,927.6255120057647,998.924907248853,1064.7780285990775,1110.1126773247988,1148.0446521083193,1212.1965779438085,1273.8052690094,1340.516704602711,1418.7433747150933,1510.944490495987,1609.9626831365051,1699.676203433928,1788.948502895698,1856.0051988397852,1927.1342705745365,2027.581843759237,2132.9045376208664,2224.1140425325566,2320.0843144493388,2439.2865574442344,2577.568853401125,2715.57887431272,2868.1368001337887,3048.283276021446,3241.0764896652886,3303.16949807493,3358.217347647143,3617.663112804366,3772.360291161032,4012.5077992108395,4308.205075128339
datastructure,WB.DATA360:DS_DATA360(1.3),I,A,CPV,WB_WDI_NY_GDP_PCAP_KD,_T,_T,_T,USD_K_2015,_Z,_Z,_Z,_Z,CUR,2,WB_WDI,P1Y,0,A,PU,Annual,Cabo Verde,GDP per capita (constant 2015 US$),Total,All age ranges or no breakdown by age,Total,"US dollars, 2015 constant prices",Not Applicable,Not Applicable,Not Applicable,Not Applicable,Currency,Two,World Development Indicators (WDI),Annual,Units,Normal value,Public,,,,,,,,,,,,,,,,,,,,,581.755065828323,622.1758437894325,630.3732151658364,680.3092707610659,696.0472556837614,745.6202290801426,756.2601004140305,777.8309573559517,813.0374584673192,846.5740360920572,835.120723175504,826.681399309547,896.5193595585408,953.8610111157287,1113.9380647646738,1248.2810435075874,1365.4982060362265,1492.0184742250713,1652.1111722059313,1809.8058262413715,2037.3172091271385,2051.217338881015,2127.7087229650238,2186.8950042276465,2379.7963622413467,2514.167792553269,2683.839438568925,3056.9710285115443,3238.4415928749763,3159.5869869397743,3194.6166773423265,3309.201216438979,3341.742105483601,3361.0938770220514,3383.8422809790954,3415.0626673093116,3560.140072953397,3719.7130604791478,3853.6794003524146,4115.90283469406,3255.936289840575,3471.655342178596,3997.7676325065327,4168.677484075933,4438.387419311713,4695.961342514168
datastructure,WB.DATA360:DS_DATA360(1.3),I,A,NCL,WB_WDI_NY_GDP_PCAP_KD,_T,_T,_T,USD_K_2015,_Z,_Z,_Z,_Z,CUR,2,WB_WDI,P1Y,0,A,PU,Annual,New Caledonia,GDP per capita (constant 2015 US$),Total,All age ranges or no breakdown by age,Total,"US dollars, 2015 constant prices",Not Applicable,Not Applicable,Not Applicable,Not Applicable,Currency,Two,World Development Indicators (WDI),Annual,Units,Normal value,Public,,,,,,,,,,,,,,,,,,,,,,,,,,,,,,,,,,,,,,,,,,,,,,,,,,,,,,,,30858.723706053293,,,,,,,,,,
datastructure,WB.DATA360:DS_DATA360(1.3),I,A,ISL,WB_WDI_NY_GDP_PCAP_KD,_T,_T,_T,USD_K_2015,_Z,_Z,_Z,_Z,CUR,2,WB_WDI,P1Y,0,A,PU,Annual,Iceland,GDP per capita (constant 2015 US$),Total,All age ranges or no breakdown by age,Total,"US dollars, 2015 constant prices",Not Applicable,Not Applicable,Not Applicable,Not Applicable,Currency,Two,World Development Indicators (WDI),Annual,Units,Normal value,Public,14221.144855921168,13936.351160979933,14817.935976920055,16053.10118370885,17328.63652074427,18273.617769498156,19538.978847358623,18983.949813155617,17696.46080022057,17951.74792973109,19189.7449557563,21521.336969557917,22518.733935032782,23691.12938199559,24706.483901397518,24550.136163703963,25756.173264594956,27820.57774888584,29265.143070494785,30388.791827163306,31797.02894546502,32777.18323483008,33038.82456120836,31902.888770819736,32868.73074912294,33684.674976315015,35535.60087039941,38152.147589479166,37525.55663347527,37159.49465445598,37302.80605997117,36790.4868486955,35105.28703330457,35206.5664833565,36162.29115091833,36008.584649516444,37425.51427537935,38657.27639118978,40926.71582044703,42010.93762568934,43472.33699513062,44545.98227384645,44389.55606049089,45088.922608238325,48101.711641574286,50674.44114066493,52306.128485788955,55457.36016145035,55360.81360124065,50581.084616733635,49528.48647334112,50058.83026651438,50375.41170541952,51696.08765073257,52102.57581019496,53505.69640793393,56049.29286720394,56657.98003227972,57731.6523639512,57118.84527771977,52464.30732405891,54285.020920324176,57626.25337175845,59951.753773969234,59053.56483704508,58910.17595135185
datastructure,WB.DATA360:DS_DATA360(1.3),I,A,MHL,WB_WDI_NY_GDP_PCAP_KD,_T,_T,_T,USD_K_2015,_Z,_Z,_Z,_Z,CUR,2,WB_WDI,P1Y,0,A,PU,Annual,Marshall Islands,GDP per capita (constant 2015 US$),Total,All age ranges or no breakdown by age,Total,"US dollars, 2015 constant prices",Not Applicable,Not Applicable,Not Applicable,Not Applicable,Currency,Two,World Development Indicators (WDI),Annual,Units,Normal value,Public,,,,,,,,,,,2038.671992898357,2011.1380638534617,1979.853034344781,2587.9402790773356,2900.136306135357,2806.685631260992,2726.445986454979,2704.138464846269,2766.690305112985,2737.492669311991,2454.9977903424965,2511.568666645844,2524.1136928466626,2797.1254775789257,2788.8570483123754,2510.706628532083,3005.517207147584,3162.804398941902,3288.8884950733677,3139.414399118983,3148.0997781711444,3085.935305477528,3247.852892989566,3391.385131548213,3544.135647216633,3791.204989019186,3365.1112250128144,3117.27400069023,3067.7373936480485,2997.5498984104224,3040.5967735573704,3224.791189875399,3322.411278561012,3256.972443308353,3234.1526520051752,3284.7840326744504,3285.1207878135106,3403.478427981167,3146.2617720545845,3262.2695553547746,3441.3188840212133,3433.0629780183795,3420.9144479667057,3602.9281190189618,3620.7727528315527,3764.344262295082,3946.844410907795,4190.934685894818,4542.342939163078,5162.8150067034785,5172.575282161756,5455.317040152778,5591.463931931031,5460.117959152135,5832.534356024286,6173.860316410339
datastructure,WB.DATA360:DS_DATA360(1.3),I,A,CAF,WB_WDI_NY_GDP_PCAP_KD,_T,_T,_T,USD_K_2015,_Z,_Z,_Z,_Z,CUR,2,WB_WDI,P1Y,0,A,PU,Annual,Central African Republic,GDP per capita (constant 2015 US$),Total,All age ranges or no breakdown by age,Total,"US dollars, 2015 constant prices",Not Applicable,Not Applicable,Not Applicable,Not Applicable,Currency,Two,World Development Indicators (WDI),Annual,Units,Normal value,Public,575.8943914688064,593.1895583325248,560.3267681525748,545.5814086641119,545.8748921587018,539.8170402138221,531.90309134597,544.7470727687648,540.0934131292878,565.3083431967799,565.8121742005976,560.4646557222715,549.5987117241394,549.35454984184,573.0242090100116,564.2607624734463,586.1371575733573,602.1997010831413,603.119667759043,581.9822983974507,549.8510693994984,535.2718032043629,569.9098605877534,517.4005612368007,559.5760637367408,574.3248507218193,587.3483223523862,551.0394345861065,551.2093701528778,547.9736387808332,519.7867359619116,500.9911508909012,454.14896823947083,441.38490750836417,448.78444295980086,468.15052762068575,437.9250547617231,448.6346636395505,457.14885841643763,460.82790021608525,437.16892841482564,446.65863419208307,452.8087022170347,418.2405322898585,433.8252277702332,427.96804315523684,439.2943309027676,450.7627854018929,450.3136168860222,492.2153989148365,519.1414564084844,532.3829549385199,553.7295783149125,349.82117168897287,351.5615549116249,366.3228539381206,376.85825412039844,387.3579513174203,395.02001545590855,401.8258216143503,398.8342741221393,396.02062293196144,398.9153979564201,397.46779575045144,389.93830796422935,393.98830977849116
datastructure,WB.DATA360:DS_DATA360(1.3),I,A,COL,WB_WDI_NY_GDP_PCAP_KD,_T,_T,_T,USD_K_2015,_Z,_Z,_Z,_Z,CUR,2,WB_WDI,P1Y,0,A,PU,Annual,Colombia,GDP per capita (constant 2015 US$),Total,All age ranges or no breakdown by age,Total,"US dollars, 2015 constant prices",Not Applicable,Not Applicable,Not Applicable,Not Applicable,Currency,Two,World Development Indicators (WDI),Annual,Units,Normal value,Public,1961.2291441725952,1998.4231620611945,2042.635277047714,2046.3075636364435,2108.008781379415,2119.9949873656283,2167.3567077142893,2194.443654719566,2262.1742428117923,2338.1071439844345,2421.2250227078657,2504.497310557857,2634.720685510992,2748.145534260706,2841.3813477239632,2843.7310184211105,2914.0119662832744,2968.662580527491,3148.2388679857204,3244.0865168529303,3300.51170195765,3298.7321888326396,3253.8804691718756,3228.3559310294804,3260.2845918274847,3289.7120971540917,3410.159652816411,3520.1626198721933,3588.969635731654,3636.0756919988658,3714.1849928328,3713.1772753557616,3787.594291821599,3912.6590835796046,4059.3214611388153,4189.727709139992,4198.691262527078,4265.6935185646,4213.828004700513,3967.113399376812,4016.809517481673,4020.50789754842,4058.2849357873793,4154.175285236175,4311.915912552334,4457.275374604425,4694.034429391747,4947.2526081310825,5048.571872452488,5046.971217577268,5214.245476201313,5517.101108689902,5675.756179783048,5910.8059230116605,6121.839820198248,6248.514905345122,6316.070677825417,6309.677452925182,6353.546428539201,6439.9635981264655,5891.955232154031,6457.169218070858,6856.725905053739,6837.373920845344,6865.312839446281,6975.566962862587
datastructure,WB.DATA360:DS_DATA360(1.3),I,A,SGP,WB_WDI_NY_GDP_PCAP_KD,_T,_T,_T,USD_K_2015,_Z,_Z,_Z,_Z,CUR,2,WB_WDI,P1Y,0,A,PU,Annual,Singapore,GDP per capita (constant 2015 US$),Total,All age ranges or no breakdown by age,Total,"US dollars, 2015 constant prices",Not Applicable,Not Applicable,Not Applicable,Not Applicable,Currency,Two,World Development Indicators (WDI),Annual,Units,Normal value,Public,3611.9536514206393,3777.394634915255,3951.7604699537865,4239.992661512198,4004.458793531306,4214.50928654512,4529.526030209692,4984.784177003519,5562.320076956113,6237.250936644186,6997.199029312124,7722.864511791104,8590.608648125382,9325.56611338064,9732.7270627095,9974.22091805681,10572.56690417357,11141.579797003813,11863.693967700205,12834.160089585706,13953.890170833964,14737.30058542088,15106.250766482106,16186.914513840147,17280.370382230303,17149.315501459994,17396.028136367546,18986.752700362704,20595.975138918726,22031.89713002192,23272.700093215888,24132.715329062055,24973.4311358112,27139.952427898537,29220.272791547555,30379.89911445981,31349.317180513106,32835.251850608205,31043.108180075953,32557.04699040634,34890.081136516805,33597.869080822624,34598.82674837807,36709.79650382547,39856.6356222613,41798.48808346707,44159.41018205518,46178.81394701991,44601.57993026987,43331.87466389616,48752.05154418587,50713.53263935941,51679.35271733304,53298.97285582862,54681.933645825324,55645.60686146057,57076.52419367868,59493.37585957025,61101.52525789016,61106.311977535144,59083.85748415722,67846.8565377728,68271.08975253018,65976.70680369032,68129.69604022881,70683.68334912573
datastructure,WB.DATA360:DS_DATA360(1.3),I,A,BRN,WB_WDI_NY_GDP_PCAP_KD,_T,_T,_T,USD_K_2015,_Z,_Z,_Z,_Z,CUR,2,WB_WDI,P1Y,0,A,PU,Annual,Brunei Darussalam,GDP per capita (constant 2015 US$),Total,All age ranges or no breakdown by age,Total,"US dollars, 2015 constant prices",Not Applicable,Not Applicable,Not Applicable,Not Applicable,Currency,Two,World Development Indicators (WDI),Annual,Units,Normal value,Public,,,,,,,,,,,,,,,64932.08434582429,62303.46814489263,72760.08388902414,77308.86309685011,80082.67945815643,96517.13368217032,84483.38969491234,63568.33247064528,63000.674205680036,61220.70803866653,57811.77207284776,54270.08455179478,49618.464731158274,49057.084716444275,46889.491576006716,44296.33904498769,44179.82786945405,44201.139494772695,41672.370841938944,40342.0504065212,39721.434535212946,39274.49802043353,38331.65761770256,39820.21075240855,36331.1813349886,37045.934256863795,37509.598384774225,37269.30992165869,37976.26275736014,38595.16885137023,37948.659082519436,37312.27787971215,38229.356568418305,36174.516515486044,34126.694156396916,32855.602160246635,33121.31782417236,33754.364078371254,33544.53894578774,32381.073979523095,31148.72974054006,30625.128774465637,29492.414592778874,29524.659127890023,29200.195202422157,29996.240722317503,30015.9588506697,29256.183367834255,28549.17560604654,28645.96453962838,29563.86827530823,29531.48544357428
datastructure,WB.DATA360:DS_DATA360(1.3),I,A,MNP,WB_WDI_NY_GDP_PCAP_KD,_T,_T,_T,USD_K_2015,_Z,_Z,_Z,_Z,CUR,2,WB_WDI,P1Y,0,A,PU,Annual,Northern Mariana Islands,GDP per capita (constant 2015 US$),Total,All age ranges or no breakdown by age,Total,"US dollars, 2015 constant prices",Not Applicable,Not Applicable,Not Applicable,Not Applicable,Currency,Two,World Development Indicators (WDI),Annual,Units,Normal value,Public,,,,,,,,,,,,,,,,,,,,,,,,,,,,,,,,,,,,,,,,,,,24066.53615734451,24650.04055319092,24445.461844191865,21882.292793541474,20940.161977042768,20117.703733522947,18451.390545878738,15710.580728203866,16293.305949625856,15226.130880510824,15457.425819224669,16015.034916433757,16869.5270385638,17665.100749310866,23158.57449885378,28989.347022133905,23756.607582024782,21451.440163651096,15410.118692394402,16365.016735394987,19461.861112974442,,,
datastructure,WB.DATA360:DS_DATA360(1.3),I,A,ESP,WB_WDI_NY_GDP_PCAP_KD,_T,_T,_T,USD_K_2015,_Z,_Z,_Z,_Z,CUR,2,WB_WDI,P1Y,0,A,PU,Annual,Spain,GDP per capita (constant 2015 US$),Total,All age ranges or no breakdown by age,Total,"US dollars, 2015 constant prices",Not Applicable,Not Applicable,Not Applicable,Not Applicable,Currency,Two,World Development Indicators (WDI),Annual,Units,Normal value,Public,6284.8519410768195,6963.897958913761,7586.921029709789,8242.392551063545,8594.11568577046,9032.899628255376,9588.733200877154,9882.544115590868,10397.639346850927,11212.718915209105,11559.595479961148,11952.15090759307,12784.282735154353,13628.560060911374,14237.902275788103,14161.146239911483,14475.208235720465,14733.685823209886,14805.988186650666,14682.131937856659,14886.406702571463,14761.37763410844,14855.91085185135,15045.400175318833,15250.453506270538,15548.040042170867,16005.973261180263,16850.090352819763,17670.97485604784,18494.939764604827,19174.77083232997,19612.976604195672,19698.511767659984,19394.493141181603,19762.38862891536,20217.903194037248,20658.84027757007,21310.431188898638,22135.4045018802,23017.83877132299,24106.881852937368,24878.378454399062,25205.31547690448,25481.16536901118,25825.31064633146,26294.447384390965,26899.092149711265,27338.795417739955,27112.52629388895,25860.81425926523,25766.251582574285,25510.557967882938,24763.568274483976,24498.555950794478,24947.85125059132,25982.44161977755,26719.24422686151,27426.281015093024,27956.722546648427,28301.43939495632,25077.01988292799,26705.362913895937,28203.10934194735,28558.631981750077,29245.21924517295,29762.900056009315
datastructure,WB.DATA360:DS_DATA360(1.3),I,A,MOZ,WB_WDI_NY_GDP_PCAP_KD,_T,_T,_T,USD_K_2015,_Z,_Z,_Z,_Z,CUR,2,WB_WDI,P1Y,0,A,PU,Annual,Mozambique,GDP per capita (constant 2015 US$),Total,All age ranges or no breakdown by age,Total,"US dollars, 2015 constant prices",Not Applicable,Not Applicable,Not Applicable,Not Applicable,Currency,Two,World Development Indicators (WDI),Annual,Units,Normal value,Public,,,,,,,,,,,,,,,,,,,,,251.5675492228615,258.85060609976205,235.76748281749698,194.6456546844692,178.41568638255,176.8540862004307,169.78779969559434,193.9569024549407,210.2223049106077,222.04312347589905,221.04898108639648,227.4627362365001,206.19460758858256,221.62457996489766,220.47858329133106,212.08624986290354,227.19848669518706,247.18494562919642,266.6727053974918,291.5600186656061,287.39063034448367,317.1857035810339,340.13537022259,356.5211574041249,377.06495808487784,391.69975816397647,420.5264627647259,442.04957405775076,460.9472948567904,475.7881780511934,494.1628590747853,514.8699571919941,540.2945177803002,559.3939536856878,585.2667161339837,610.5637747065892,620.7797149545554,618.3976943603338,621.1537341947873,617.1393200019503,591.8040599859323,588.2158546954162,596.0866309189647,610.5910416115379,605.7634814169693,585.6825931097361
datastructure,WB.DATA360:DS_DATA360(1.3),I,A,NAC,WB_WDI_NY_GDP_PCAP_KD,_T,_T,_T,USD_K_2015,_Z,_Z,_Z,_Z,CUR,2,WB_WDI,P1Y,0,A,PU,Annual,North America,GDP per capita (constant 2015 US$),Total,All age ranges or no breakdown by age,Total,"US dollars, 2015 constant prices",Not Applicable,Not Applicable,Not Applicable,Not Applicable,Currency,Two,World Development Indicators (WDI),Annual,Units,Normal value,Public,18675.076693873387,18796.708573069453,19651.469592607875,20228.062771226036,21109.999526842268,22169.059353200988,23328.82543796129,23648.732368038975,24526.956216894952,25069.53828753404,24881.165412404724,25351.506451406298,26402.40814640122,27643.561116693014,27319.843552233262,27024.957494261405,28213.952454601138,29192.23963265148,30439.72308369569,31076.447257431028,30756.26628099075,31244.463153747587,30345.22272794235,31391.72728605164,33333.87695399553,34431.304904671626,35255.12528062569,36151.608421184246,37313.997287229824,38246.10854821251,38461.71452307644,37851.11505623403,38572.595743074424,39120.637700606196,40219.65065508851,40817.04759380308,41805.246710234984,43145.52009144193,44552.50121797265,46179.801663087004,47578.00984302939,47590.305898068684,47992.7531590537,48872.988726757576,50256.447840967885,51517.69506732254,52436.4017613233,52982.11167194973,52571.56038229287,50741.9965051822,51671.51252928416,52118.724676957056,52849.30899461296,53554.27625719622,54473.094922469914,55534.46140291886,56048.89828738689,57026.27808163868,58314.20463203449,59425.28423204848,57774.41497007199,61198.251236330136,62404.62106027948,63532.00768717634,64506.563606664175,65507.546125689114
datastructure,WB.DATA360:DS_DATA360(1.3),I,A,GUM,WB_WDI_NY_GDP_PCAP_KD,_T,_T,_T,USD_K_2015,_Z,_Z,_Z,_Z,CUR,2,WB_WDI,P1Y,0,A,PU,Annual,Guam,GDP per capita (constant 2015 US$),Total,All age ranges or no breakdown by age,Total,"US dollars, 2015 constant prices",Not Applicable,Not Applicable,Not Applicable,Not Applicable,Currency,Two,World Development Indicators (WDI),Annual,Units,Normal value,Public,,,,,,,,,,,,,,,,,,,,,,,,,,,,,,,,,,,,,,,,,,,29576.221681311046,29685.95317456572,31483.81419495578,32520.372956535222,31242.46290094705,31385.047516211307,31941.270602587352,31988.722935825463,32644.148405620457,32665.378748337916,33404.931763691275,34044.319041545474,34755.26911072982,35165.70146447955,35373.8483143417,35850.90255205063,35731.22037430808,36830.12644109731,32884.88526467872,33239.48463278749,34627.986278183744,,,
datastructure,WB.DATA360:DS_DATA360(1.3),I,A,BGR,WB_WDI_NY_GDP_PCAP_KD,_T,_T,_T,USD_K_2015,_Z,_Z,_Z,_Z,CUR,2,WB_WDI,P1Y,0,A,PU,Annual,Bulgaria,GDP per capita (constant 2015 US$),Total,All age ranges or no breakdown by age,Total,"US dollars, 2015 constant prices",Not Applicable,Not Applicable,Not Applicable,Not Applicable,Currency,Two,World Development Indicators (WDI),Annual,Units,Normal value,Public,,,,,,,,,,,,,,,,,,,,,3427.239181508957,3583.2178429857477,3656.039330210048,3772.0279979780153,3891.0281988817624,3995.500407621308,4164.719516360537,4410.380205229906,4887.587335332496,4782.421561172424,4425.499552861636,4092.0793499046595,3835.4542795108728,3808.9431068381073,3891.382326177854,4022.1974867315203,4253.4519944019285,3675.3687781144367,3840.172976972023,3537.526269533761,3718.118959938633,3937.90285118373,4260.62251956893,4519.4153269769995,4850.119171845773,5231.605386070981,5630.089072453924,6049.051367264182,6465.052310711944,6289.046666092156,6429.045992331077,6605.646167368586,6693.769830607974,6793.0825359274495,6941.373198257762,7269.025865137114,7586.8917466811645,7899.110565898705,8194.79296320014,8626.575026574197,8440.514169645556,9161.945417593472,9598.358285715794,9787.76510584614,10127.4152566236,10454.173957947702
datastructure,WB.DATA360:DS_DATA360(1.3),I,A,HTI,WB_WDI_NY_GDP_PCAP_KD,_T,_T,_T,USD_K_2015,_Z,_Z,_Z,_Z,CUR,2,WB_WDI,P1Y,0,A,PU,Annual,Haiti,GDP per capita (constant 2015 US$),Total,All age ranges or no breakdown by age,Total,"US dollars, 2015 constant prices",Not Applicable,Not Applicable,Not Applicable,Not Applicable,Currency,Two,World Development Indicators (WDI),Annual,Units,Normal value,Public,1735.0265712250898,1653.899225729873,1752.0030696598794,1688.671124398594,1631.5407120572675,1636.198145854853,1596.9765972585976,1534.4979643361387,1554.127530206361,1583.5782098531524,1564.3889522107268,1634.6896394924447,1619.5875942743617,1664.490818362921,1727.2366637002885,1713.3037961648597,1822.4073451724375,1853.92218428991,1931.4522963486438,2037.8681657686377,2146.490929973783,2045.4625579698697,1934.639428234996,1914.4324755900032,1882.8178928420264,1856.9681130146103,1811.0858236737954,1760.750451207561,1728.6025430238367,1644.1037450848678,1627.3126452563304,1624.4959886497654,1507.818728898228,1398.2546463817496,1207.6605445002974,1302.1349116855254,1330.5403988526855,1340.9970209680653,1344.9390395746993,1356.1134455605895,1342.894904505233,1314.1141969396865,1304.5293810385037,1326.4716104221166,1286.902821282212,1304.3330373123065,1305.0381381561094,1343.6111142204759,1356.5340014004755,1412.8965352342877,1317.5838933974644,1369.1692125585246,1354.885461244991,1392.3820473685928,1411.7683480215373,1411.1268474679646,1416.7488187969846,1432.672286095407,1437.352519283492,1394.4211407111234,1331.6977850693165,1292.7195496355114,1256.7214359244783,1219.118716458474,1154.6884194533666,1110.7631883171216
datastructure,WB.DATA360:DS_DATA360(1.3),I,A,GAB,WB_WDI_NY_GDP_PCAP_KD,_T,_T,_T,USD_K_2015,_Z,_Z,_Z,_Z,CUR,2,WB_WDI,P1Y,0,A,PU,Annual,Gabon,GDP per capita (constant 2015 US$),Total,All age ranges or no breakdown by age,Total,"US dollars, 2015 constant prices",Not Applicable,Not Applicable,Not Applicable,Not Applicable,Currency,Two,World Development Indicators (WDI),Annual,Units,Normal value,Public,3311.2969381403577,3756.641607632168,3987.373027177011,4176.149995111741,4307.947118218119,4601.582649524033,4738.291469484987,4857.542246538351,4899.799660246795,5195.799225725946,5527.636050786665,5969.4507518119735,6511.217960447235,7026.715765947331,9594.103231808314,11184.724189535154,14823.88299304651,12653.313750291778,9377.062837802516,9187.357658117711,9182.526802195916,9399.27026015795,8866.934616199776,9113.436705357894,9533.316593248106,9058.499549761496,8741.051386077808,7044.156748859465,7730.935748405902,8162.582407795538,8354.263090008759,8627.389857379048,8138.868219053715,8237.7433874389,8322.610108430843,8514.940098995961,8603.008134003612,8870.125508640189,8949.121100836497,7944.645179364661,7596.099706505193,7556.769953148979,7338.75620613605,7301.671544428417,7148.98713447497,7130.2250577175355,6724.0814897727405,6908.673991629991,6468.385233576093,6264.836114801538,6481.496120735622,6699.233946065119,6803.226680792107,6938.257538622355,6998.605454395762,7047.126546343554,6991.325144673602,6840.0595934780185,6724.5961429107965,6817.568794687638,6534.279665294444,6479.049006925196,6527.482079018615,6541.253686180423,6618.986858613396,6640.956878901654
datastructure,WB.DATA360:DS_DATA360(1.3),I,A,LAO,WB_WDI_NY_GDP_PCAP_KD,_T,_T,_T,USD_K_2015,_Z,_Z,_Z,_Z,CUR,2,WB_WDI,P1Y,0,A,PU,Annual,Lao PDR,GDP per capita (constant 2015 US$),Total,All age ranges or no breakdown by age,Total,"US dollars, 2015 constant prices",Not Applicable,Not Applicable,Not Applicable,Not Applicable,Currency,Two,World Development Indicators (WDI),Annual,Units,Normal value,Public,,,,,,,,,,,,,,,,,,,,,,,,,579.8677829838346,592.6273019980987,604.3317882718331,579.0226205223106,551.3631637161434,611.8220698818453,634.5252970093853,643.410259077746,660.6338619540644,680.9641537086377,717.5092451087169,749.2347417285378,782.6831565355453,819.205851313643,836.0880985071158,881.6341296096751,917.2280386175291,954.1235054146342,994.4922419637949,1038.7119276778294,1088.7603472883075,1148.681538520707,1228.0892761992318,1301.085975498645,1381.7375422395319,1463.3379666845951,1564.9106831164688,1666.4008618987123,1774.6358520367198,1890.2786129487477,2006.3119544444692,2121.013390973629,2234.7609874184627,2351.5744174759507,2459.97874636195,2554.9563801924505,2529.746226987609,2556.5891264040542,2589.0501519162817,2648.8872660803527,2721.078106631223,2807.2537443779697
datastructure,WB.DATA360:DS_DATA360(1.3),I,A,KOR,WB_WDI_NY_GDP_PCAP_KD,_T,_T,_T,USD_K_2015,_Z,_Z,_Z,_Z,CUR,2,WB_WDI,P1Y,0,A,PU,Annual,"Korea, Rep.",GDP per capita (constant 2015 US$),Total,All age ranges or no breakdown by age,Total,"US dollars, 2015 constant prices",Not Applicable,Not Applicable,Not Applicable,Not Applicable,Currency,Two,World Development Indicators (WDI),Annual,Units,Normal value,Public,1037.7289923161527,1077.1046403857874,1087.7936222872606,1153.2348691669172,1229.3699890815392,1286.1662540786601,1404.838111218243,1498.010496445442,1657.188540052488,1856.4841878074383,2001.0465643677232,2170.9646968132033,2286.9366683082653,2583.3115846169076,2784.4724180654466,2955.1963902216994,3294.1349709921624,3644.59385270464,3986.9977785434335,4270.0729891647425,4139.960685460797,4377.640267420666,4675.53053701243,5227.5389314228705,5712.639847574832,6105.742689839511,6740.699416172764,7535.126604327819,8367.046565229435,8878.296552514625,9672.57845182894,10618.843143912176,11176.560685870958,11837.469205379664,12817.244782495778,13924.304400034747,14894.32788341037,15682.271790518887,14800.509157364051,16402.916834109383,17763.13534172973,18460.428819382876,19775.380065513928,20278.040642117798,21244.813680052805,22123.761306685057,23162.186011129663,24391.76510134481,24934.539636769114,25009.914831199938,26623.048712292744,27393.455357271963,27944.056419004522,28732.71115203303,29470.673299165515,30171.790654522236,31005.407287638827,31979.902730246704,32852.88874889417,33496.31138156434,33215.929892810826,34792.93972145982,35809.01381051443,36347.7036392553,37048.42640014959,37469.66002333862
datastructure,WB.DATA360:DS_DATA360(1.3),I,A,SLB,WB_WDI_NY_GDP_PCAP_KD,_T,_T,_T,USD_K_2015,_Z,_Z,_Z,_Z,CUR,2,WB_WDI,P1Y,0,A,PU,Annual,Solomon Islands,GDP per capita (constant 2015 US$),Total,All age ranges or no breakdown by age,Total,"US dollars, 2015 constant prices",Not Applicable,Not Applicable,Not Applicable,Not Applicable,Currency,Two,World Development Indicators (WDI),Annual,Units,Normal value,Public,,,,,,,,,,,,,,,,,,,,,2211.571496595974,2097.659870580747,1992.7653914413652,2000.7705466912764,1937.4465506180777,1815.019194864212,1753.1013091662123,1840.3737817227654,1804.409240988401,1822.6966230453606,1805.7320681283722,1856.3688871108052,2029.952823734538,2049.277814356804,2151.0299399004116,2299.9768783352774,2270.4602838594365,2186.407055329911,2153.3586262081744,2086.008995689395,1747.7179560715285,1577.6551996625747,1504.8467189517078,1573.8434843576733,1664.5731597907177,1755.7408244627334,1796.7143981067368,1830.2332140580738,1911.1896901552766,1930.4628761492236,2058.9569164888267,2132.0284419939157,2105.9142375837905,2136.7211617703415,2085.1606727308595,2045.477215266493,2084.2484574522523,2075.3670530230474,2061.8996970668986,2043.0913977830726,1930.6551030719902,1880.5519827183007,1788.6172792205748,1795.8879869714162,1806.3836732438724,1828.3206610569966
datastructure,WB.DATA360:DS_DATA360(1.3),I,A,MDA,WB_WDI_NY_GDP_PCAP_KD,_T,_T,_T,USD_K_2015,_Z,_Z,_Z,_Z,CUR,2,WB_WDI,P1Y,0,A,PU,Annual,Moldova,GDP per capita (constant 2015 US$),Total,All age ranges or no breakdown by age,Total,"US dollars, 2015 constant prices",Not Applicable,Not Applicable,Not Applicable,Not Applicable,Currency,Two,World Development Indicators (WDI),Annual,Units,Normal value,Public,,,,,,,,,,,,,,,,,,,,,,,,,,,,,,,3740.1014981488674,3137.8350172715,2225.173562349585,2202.1644530321923,1526.4252449652558,1511.9583176505394,1425.9518091470998,1454.8086155592323,1360.1816109554388,1316.4325491600669,1346.9156717656128,1432.276892823399,1547.5742123161233,1654.366293031951,1781.1914532372407,1919.4455076374759,2017.177300629081,2082.512600976692,2249.225897193717,2116.9435754409674,2269.5111614599646,2402.9444630605094,2389.0866614752895,2605.850299861424,2737.801850566472,2749.5513705433796,2910.954868723758,3085.333058442626,3267.9961042871973,3438.677326707123,3188.916916026994,3688.1672944214374,3610.1431534471853,3758.3688194081988,3855.569403829253,4018.6279246859713
datastructure,WB.DATA360:DS_DATA360(1.3),I,A,ABW,WB_WDI_NY_GDP_PCAP_KD,_T,_T,_T,USD_K_2015,_Z,_Z,_Z,_Z,CUR,2,WB_WDI,P1Y,0,A,PU,Annual,Aruba,GDP per capita (constant 2015 US$),Total,All age ranges or no breakdown by age,Total,"US dollars, 2015 constant prices",Not Applicable,Not Applicable,Not Applicable,Not Applicable,Currency,Two,World Development Indicators (WDI),Annual,Units,Normal value,Public,,,,,,,,,,,,,,,,,,,,,,,,,,,16150.651072500124,18992.0683778812,22468.507120235707,24730.39644790922,24763.653809938354,25460.363027292733,25743.445501002454,25870.153396050442,26581.976748899728,26504.186418080913,25779.597928224655,26547.41660766959,26418.088330272723,26384.810593513674,28104.895436285864,29007.738695877422,28535.463948022196,28525.807706383897,29959.774818958154,29081.706699789735,28885.911870046868,29556.838468655365,29870.66480770051,26204.05973619838,25429.218097485296,26093.054208322672,25444.733664668725,26680.14112063425,26773.82291023908,27458.220153750623,27587.249804048344,28548.890431773896,29419.208623316004,29700.36346705653,22718.229444500714,26303.039720237495,29198.990358482737,31963.076450534896,33938.95417691917,
datastructure,WB.DATA360:DS_DATA360(1.3),I,A,KHM,WB_WDI_NY_GDP_PCAP_KD,_T,_T,_T,USD_K_2015,_Z,_Z,_Z,_Z,CUR,2,WB_WDI,P1Y,0,A,PU,Annual,Cambodia,GDP per capita (constant 2015 US$),Total,All age ranges or no breakdown by age,Total,"US dollars, 2015 constant prices",Not Applicable,Not Applicable,Not Applicable,Not Applicable,Currency,Two,World Development Indicators (WDI),Annual,Units,Normal value,Public,,,,,,,,,,,,,,,,775.6130131034697,832.0463700210474,768.3490093685114,835.7090438302174,746.0857241347202,688.7622159984885,678.0112509629871,659.0622425991257,663.8855390727035,671.7302487533688,679.989551081934,678.6700940903884,790.5537069717793,852.2239752848375,849.2790497480959,824.0516558254874,850.6102211730972,862.4780308873349,845.3820042918682,513.9671479678735,520.9268831861455,511.67034959770393,496.7705513109409,499.01664905083305,552.9014922326434,598.5619152521472,632.8335739808495,662.1883412834542,719.3334942405086,775.8471390309785,866.3402901232085,947.0652200506911,1030.2311762079162,1090.5747580614675,1117.2583419451435,1155.8523685669866,1221.3883985245407,1295.2527147789315,1376.295575959256,1464.531158669268,1547.320104443935,1645.4667157812587,1753.9353050466204,1884.2837481708602,2008.3209400670598,1908.6342751833563,1938.7643674172837,2011.2743331326217,2085.057484621225,2183.5568240166717,2273.4016967364587
datastructure,WB.DATA360:DS_DATA360(1.3),I,A,MWI,WB_WDI_NY_GDP_PCAP_KD,_T,_T,_T,USD_K_2015,_Z,_Z,_Z,_Z,CUR,2,WB_WDI,P1Y,0,A,PU,Annual,Malawi,GDP per capita (constant 2015 US$),Total,All age ranges or no breakdown by age,Total,"US dollars, 2015 constant prices",Not Applicable,Not Applicable,Not Applicable,Not Applicable,Currency,Two,World Development Indicators (WDI),Annual,Units,Normal value,Public,260.372803776879,273.67162140850263,268.9305904473214,258.78510600131347,259.2381229397618,287.4292371221028,317.6195841826813,332.42565537548563,318.04717248626326,328.5529293005117,322.0945204585919,365.07737592413497,378.0371414181367,376.7288155000108,392.97243282444214,405.377974102106,413.4381481792353,420.5147236677018,445.9936395115429,448.7164175373098,433.5151831533014,394.77170082523986,388.98957597097376,387.8453297997669,392.9701217640451,395.4187206971561,380.29804690220647,368.4580721610331,360.1828645543507,348.2011128524413,353.77130371759523,372.99756177246894,335.72654353964293,362.9309953990168,329.5840999006424,385.27971407236316,405.39706369047764,412.4131068374999,419.31324517057726,422.0999099637619,418.5929850384615,388.2600397635689,385.30898023709483,397.224846758815,408.06491605276466,410.2679795925361,417.87768977650285,445.2543054195864,465.5514729800698,489.6314187901578,508.0886505528461,517.8337366242317,512.7403179745099,525.3576455165572,539.562601918057,539.605363240686,538.2219908109595,544.7957292203486,553.528790902088,569.8662493719476,559.4470860860672,569.9689673224348,560.6357597149408,557.0352396579104,551.9515234705596,548.1604462612322
datastructure,WB.DATA360:DS_DATA360(1.3),I,A,UGA,WB_WDI_NY_GDP_PCAP_KD,_T,_T,_T,USD_K_2015,_Z,_Z,_Z,_Z,CUR,2,WB_WDI,P1Y,0,A,PU,Annual,Uganda,GDP per capita (constant 2015 US$),Total,All age ranges or no breakdown by age,Total,"US dollars, 2015 constant prices",Not Applicable,Not Applicable,Not Applicable,Not Applicable,Currency,Two,World Development Indicators (WDI),Annual,Units,Normal value,Public,,,,,,,,,,,,,,,,,,,,,,,359.20628554754495,370.53996101594146,359.51038245124494,337.9979454327525,329.57852173859044,332.185941474188,348.37383295347956,358.7698861217039,369.83928698557577,377.78050368595115,377.60961272136666,395.1639491685971,406.59230192017714,441.2262011682628,468.4278989501925,478.2506639888466,487.00897726621895,509.45539505438836,509.1975531901598,519.4565478908837,547.4053389198752,564.7205391965689,585.339489080616,604.4048130576183,650.2705408674441,684.5422417872479,722.565167003452,749.3428655354232,768.6240916601312,816.5163665872278,823.5804682854929,828.9886697299859,845.9786647910992,862.9346103558107,874.6483706392157,871.0938800171507,895.0751278543798,920.9391015156707,917.0350317644004,919.401675217265,933.0940563704229,955.7457972754618,986.0901453639241,1020.5762056167013
datastructure,WB.DATA360:DS_DATA360(1.3),I,A,PLW,WB_WDI_NY_GDP_PCAP_KD,_T,_T,_T,USD_K_2015,_Z,_Z,_Z,_Z,CUR,2,WB_WDI,P1Y,0,A,PU,Annual,Palau,GDP per capita (constant 2015 US$),Total,All age ranges or no breakdown by age,Total,"US dollars, 2015 constant prices",Not Applicable,Not Applicable,Not Applicable,Not Applicable,Currency,Two,World Development Indicators (WDI),Annual,Units,Normal value,Public,,,,,,,,,,,12909.291934797078,12495.810670216997,12091.17105495663,11770.044958606863,11657.091408208524,11689.520854917804,11737.53448919625,11974.782194245841,11997.695507057835,12052.59891691921,12072.087529227461,11899.882079637013,11582.650002643726,11523.204245853129,11756.603284605924,12077.888748926789,12429.39889704363,12821.700664860324,13231.67012091003,13670.963657321012,14117.57110021616,14473.34924411592,13229.32209193766,11330.694908581721,11869.300077199947,12837.708188873,13804.339343480031,13767.779541071386,13727.761180486501,12727.435881235313,12216.97936261849,12996.509036166639,13503.92271743152,13111.714200112277,13456.813768642187,13845.717232287487,14037.370652363436,14346.899583112941,13759.00341216686,13113.578666692129,12933.06761021419,13758.758738315224,14289.783389183895,14184.044952103706,14725.843643277767,15938.36522228475,16179.395962874944,15612.670018049808,15545.721937167627,15606.482763437403,14673.884597577848,12932.085706023285,12889.621605828796,13070.794450215351,14666.545777270347,15616.781778190365
datastructure,WB.DATA360:DS_DATA360(1.3),I,A,MNG,WB_WDI_NY_GDP_PCAP_KD,_T,_T,_T,USD_K_2015,_Z,_Z,_Z,_Z,CUR,2,WB_WDI,P1Y,0,A,PU,Annual,Mongolia,GDP per capita (constant 2015 US$),Total,All age ranges or no breakdown by age,Total,"US dollars, 2015 constant prices",Not Applicable,Not Applicable,Not Applicable,Not Applicable,Currency,Two,World Development Indicators (WDI),Annual,Units,Normal value,Public,,,,,,,,,,,,,,,,,,,,,,1425.4762674848305,1507.6216550066415,1557.431507594828,1610.0043115507865,1660.2053834713925,1770.2903535029084,1784.5851337849306,1827.3896809137216,1860.8457191127457,1823.4562378146122,1613.6998542331817,1462.6746723197982,1418.065606985795,1432.2807270630544,1499.2649521076285,1509.3292113251441,1546.0809848992408,1575.6771616583585,1601.31353865438,1598.3128204060547,1625.4615225948448,1680.653353375546,1775.649066761373,1942.3626369401736,2060.261682231712,2209.7432178762783,2403.724162586616,2576.7129583860665,2498.729674932535,2611.6732656392364,3010.8164267262277,3318.1649659708924,3628.907080695749,3830.3589204959285,3838.921269899843,3817.9196271670194,3956.204943713404,4183.85566447661,4337.8167085432015,4066.034108827912,4063.5366984924535,4205.885545135513,4456.5362755272645,4626.796096442431,4882.241754775322
datastructure,WB.DATA360:DS_DATA360(1.3),I,A,TCD,WB_WDI_NY_GDP_PCAP_KD,_T,_T,_T,USD_K_2015,_Z,_Z,_Z,_Z,CUR,2,WB_WDI,P1Y,0,A,PU,Annual,Chad,GDP per capita (constant 2015 US$),Total,All age ranges or no breakdown by age,Total,"US dollars, 2015 constant prices",Not Applicable,Not Applicable,Not Applicable,Not Applicable,Currency,Two,World Development Indicators (WDI),Annual,Units,Normal value,Public,802.0898764098839,797.0689757089696,822.9601729231579,793.4791970337556,757.9850417224172,747.4965643266353,719.7642741668835,711.3100537497609,694.2618637600833,727.2239586700808,725.5039711352006,694.3909432129655,686.8702321099466,614.6755421747966,630.5501989364021,672.7044746813898,679.0580044509738,681.3515752020573,665.8997249385754,512.2070791294121,480.15738650988607,484.57416047113105,487.04832522021917,536.1809525037138,540.0071595076466,651.091982291067,606.1060038659606,571.2576709644655,637.7384012412284,646.5941445589758,602.6706857650463,630.6206826971311,652.7850021673976,537.4105359262227,578.4235037857154,560.3314468291753,547.9257994755359,559.25985583523,577.9095734773026,554.1489007513808,530.6003312663962,572.8067068263921,600.1714519749629,661.5569166789703,845.5181311657375,952.8719100873194,914.21066458867,920.3528156776404,916.08727463451,871.4853112782074,956.9530187073957,965.2869635595667,1016.4215206194192,1008.6171142896145,993.3211577064557,993.9907306108692,923.5658720511965,879.0758954644166,898.8347940050459,917.203710060136,884.9805419349386,857.5276305797602,862.602128172536,856.9855072836983,855.9993531793327,873.5285401276881
datastructure,WB.DATA360:DS_DATA360(1.3),I,A,AUS,WB_WDI_NY_GDP_PCAP_KD,_T,_T,_T,USD_K_2015,_Z,_Z,_Z,_Z,CUR,2,WB_WDI,P1Y,0,A,PU,Annual,Australia,GDP per capita (constant 2015 US$),Total,All age ranges or no breakdown by age,Total,"US dollars, 2015 constant prices",Not Applicable,Not Applicable,Not Applicable,Not Applicable,Currency,Two,World Development Indicators (WDI),Annual,Units,Normal value,Public,19957.018539683086,20049.20145993229,19819.55086192257,20651.33543306681,21662.994040264315,22512.37063663848,22528.12233057307,23648.54626378788,24418.860619510702,25598.378558020962,26899.754197447637,27046.143151156262,27590.97775519315,27883.89122504802,28303.408470094742,28331.338813716808,28774.541893266498,29474.275207200022,29394.359192462034,30256.54853589301,30796.999073713494,31333.163308539577,31819.653293897325,30688.543968575457,31706.373341701394,32939.2895127443,33755.08478237877,34095.51909579528,35474.69509982138,36232.1764714618,36975.419900790774,36366.69623976121,36117.544650344054,37246.00443323631,38356.769197669266,39407.5647528439,40437.094186485745,41569.16536793912,43081.720171817884,44755.65997213176,45979.076565404815,46314.62352979683,47599.40792893124,48509.663218036316,50018.59044838611,50972.64051974398,51682.89252305371,52671.32584672403,53497.27535534196,53430.52747816508,53768.34973344104,54296.23213248142,55465.44628725772,55966.15092705607,56571.80625244372,56970.36130280944,57632.99959255945,57991.771347332964,58772.7063152213,59181.29979041315,58377.767051780225,59465.53567136402,61200.45889647808,61869.082498575975,61486.381475440015,61368.60755799287
datastructure,WB.DATA360:DS_DATA360(1.3),I,A,MUS,WB_WDI_NY_GDP_PCAP_KD,_T,_T,_T,USD_K_2015,_Z,_Z,_Z,_Z,CUR,2,WB_WDI,P1Y,0,A,PU,Annual,Mauritius,GDP per capita (constant 2015 US$),Total,All age ranges or no breakdown by age,Total,"US dollars, 2015 constant prices",Not Applicable,Not Applicable,Not Applicable,Not Applicable,Currency,Two,World Development Indicators (WDI),Annual,Units,Normal value,Public,1419.4048237127977,1742.6348019536279,1707.5462111357886,1894.719418011694,1722.2093622428272,1738.0430590098763,1641.5535039572487,1680.506324915754,1536.316046730675,1584.3369379736885,1551.9910405683527,1592.804493807773,1699.7740572582288,1875.3381441429303,2009.8591277206276,1996.3350587626514,2430.9773404750017,2548.3408288578753,2611.609204942517,2656.802884594841,2349.545620049636,2451.158295908954,2554.481978643085,2540.811154299816,2632.514679398924,2792.6736159026113,3041.395744056142,3287.1242915668245,3486.281920935783,3614.1619084495637,3846.4059300953136,3973.8822230218057,4177.362653354884,4337.924933995661,4454.542607027401,4605.764366550808,4813.642437588377,5024.114964583489,5273.437645686096,5342.770096841803,5724.49584395791,5869.56961565396,5923.09482066607,6228.825455606512,6457.9097776109365,6533.899943006827,6819.927085803248,7180.23173197486,7545.156837890941,7778.258113311629,8100.952825995074,8423.28220250903,8694.845607479678,8968.512435367727,9297.64820128968,9630.543783750698,9997.89198315532,10383.883268257754,10805.46152137389,11111.342366952567,9533.598279604903,9849.348911218456,10703.236427146154,11330.733565576715,11918.804521209473,12314.580179606633
datastructure,WB.DATA360:DS_DATA360(1.3),I,A,MLI,WB_WDI_NY_GDP_PCAP_KD,_T,_T,_T,USD_K_2015,_Z,_Z,_Z,_Z,CUR,2,WB_WDI,P1Y,0,A,PU,Annual,Mali,GDP per capita (constant 2015 US$),Total,All age ranges or no breakdown by age,Total,"US dollars, 2015 constant prices",Not Applicable,Not Applicable,Not Applicable,Not Applicable,Currency,Two,World Development Indicators (WDI),Annual,Units,Normal value,Public,,,,,,,,513.9408863489325,524.9323455164543,518.0773630113794,541.2186325684546,546.2906132487035,568.7823326882846,550.8728553387429,532.8926567558706,584.2429152573449,652.038467051743,680.7212559327186,657.8932259538129,711.9461193648693,667.1059222196837,667.7255335475019,598.5484532878388,572.094412286836,544.2156674957351,603.7922643562209,588.1877285961924,573.5722042804313,624.5553817801928,635.0782870178803,589.7754058836684,651.3630815472352,606.0683633195144,619.3744293433177,640.0810089214273,630.924447490876,656.7776759990744,668.4803266652688,695.1263720305649,707.8817463054031,682.4974204515122,766.9603432509641,766.0736690394017,814.8084665187839,800.5018167052422,794.3733282120822,797.1005328846403,784.8939150135305,787.1565189820909,803.4867389300679,821.1812865869043,818.3990309971252,786.3234713371872,788.8194482086963,813.97566128646,838.1198694010295,860.7530755456903,878.5613483780993,892.9783227873056,909.7510697069976,872.3894268152671,872.332509422409,877.8178424346419,892.6892195324289,910.3003763006266,933.7975275881014
datastructure,WB.DATA360:DS_DATA360(1.3),I,A,NER,WB_WDI_NY_GDP_PCAP_KD,_T,_T,_T,USD_K_2015,_Z,_Z,_Z,_Z,CUR,2,WB_WDI,P1Y,0,A,PU,Annual,Niger,GDP per capita (constant 2015 US$),Total,All age ranges or no breakdown by age,Total,"US dollars, 2015 constant prices",Not Applicable,Not Applicable,Not Applicable,Not Applicable,Currency,Two,World Development Indicators (WDI),Annual,Units,Normal value,Public,742.4089107609817,753.9810294039063,807.6727625094107,858.5469510941842,835.221509892938,867.9044265398429,840.5395317269465,818.3804727726941,799.1235932599944,734.9092210603998,737.0816028751818,758.4019536414673,700.360678791067,565.6262531760582,598.9626159042513,566.6757007526816,555.0742912713649,581.701168587623,641.4418217017079,667.3644141518222,631.8397020112872,612.1572904683762,607.1515031372295,566.6478752159418,457.6058450325691,478.48763243638007,493.8040771481726,479.5105681131169,497.1645578674155,486.8656838517944,465.923889536505,449.71926685473085,444.6327753124549,432.18444958718777,426.26750676366436,422.5231538985232,409.03935869840353,401.72498811036314,427.0860303318956,411.7356992094849,392.89861694104184,406.9234936652638,412.1237931925778,406.3337574978762,393.39878145319864,407.1909310599244,415.85202211480066,413.4191262610662,429.19554279887734,421.6509013331357,441.0791661120394,434.986264873953,463.0662654964024,469.6902142008783,482.7452474194604,485.6625741752788,488.18482380158105,497.1726083296084,513.4236997652889,526.6036174608603,532.208221196997,520.912751008043,565.8733857943585,561.960694711722,589.0856432795118,610.3755351481543
datastructure,WB.DATA360:DS_DATA360(1.3),I,A,IDN,WB_WDI_NY_GDP_PCAP_KD,_T,_T,_T,USD_K_2015,_Z,_Z,_Z,_Z,CUR,2,WB_WDI,P1Y,0,A,PU,Annual,Indonesia,GDP per capita (constant 2015 US$),Total,All age ranges or no breakdown by age,Total,"US dollars, 2015 constant prices",Not Applicable,Not Applicable,Not Applicable,Not Applicable,Currency,Two,World Development Indicators (WDI),Annual,Units,Normal value,Public,597.7345066979357,614.6780003529198,608.6728307489408,578.4809528588221,582.0396220099823,573.6424740755671,575.8633015701686,568.8309638046072,614.0668371548335,638.0764856969306,667.6497612200224,695.4469715003572,724.8339920589076,763.2566359537187,800.6540802757098,819.5389108619986,854.3985673784604,906.7177663909337,944.7552429516343,989.6783003559544,1061.7917894010027,1119.3991102078753,1118.3832073933377,1139.0063012324824,1191.5905877176378,1195.12311547851,1240.0647564934238,1276.1323199589183,1324.3757295237806,1396.6997090740012,1470.918222585281,1544.9958089452743,1617.109548722183,1693.1074260188968,1790.3272996245516,1905.5423611123772,2020.9914813250898,2081.8416693962017,1780.2004954489153,1767.5146672975557,1828.1026596836075,1868.5917230729222,1926.3743586814858,1991.9182050647314,2065.7061747084153,2155.4478015920963,2244.0802226201995,2355.1528565328035,2464.6019341827223,2546.2196970776713,2670.812909895296,2799.624687903184,2930.5184453229954,3055.2424600646877,3170.7210301142886,3288.222697255384,3416.810051709715,3553.519992623214,3701.3215546191177,3850.9032173897886,3739.4490656316098,3850.688772539029,4024.912252883909,4192.644010341808,4367.9474184793835,4555.180557207015
datastructure,WB.DATA360:DS_DATA360(1.3),I,A,PSE,WB_WDI_NY_GDP_PCAP_KD,_T,_T,_T,USD_K_2015,_Z,_Z,_Z,_Z,CUR,2,WB_WDI,P1Y,0,A,PU,Annual,West Bank and Gaza,GDP per capita (constant 2015 US$),Total,All age ranges or no breakdown by age,Total,"US dollars, 2015 constant prices",Not Applicable,Not Applicable,Not Applicable,Not Applicable,Currency,Two,World Development Indicators (WDI),Annual,Units,Normal value,Public,,,,,,,,,,,,,,,,,,,,,,,,,,,,,,,,,,,2137.389289092075,2189.2651371942716,2118.8200759119886,2323.206422421724,2589.203649973636,2732.8729395235478,2436.0120773963577,2153.45735383203,1836.98042481351,2041.6048461965863,2426.415656303817,2632.2462742395783,2540.2676308312684,2569.98434108953,2685.986018284638,2840.015949693949,2927.081019534034,3128.108110613842,3237.9161999578896,3309.631202430981,3227.8493448264458,3272.1543236070793,3483.0990353297207,3462.97986107136,3417.794408379617,3378.434620919103,2922.468010848445,3051.486070079949,3099.9609010367967,2997.2269407784893,2258.2069866776374,2302.148146998779
datastructure,WB.DATA360:DS_DATA360(1.3),I,A,FJI,WB_WDI_NY_GDP_PCAP_KD,_T,_T,_T,USD_K_2015,_Z,_Z,_Z,_Z,CUR,2,WB_WDI,P1Y,0,A,PU,Annual,Fiji,GDP per capita (constant 2015 US$),Total,All age ranges or no breakdown by age,Total,"US dollars, 2015 constant prices",Not Applicable,Not Applicable,Not Applicable,Not Applicable,Currency,Two,World Development Indicators (WDI),Annual,Units,Normal value,Public,2135.0010560228925,2143.8152622487105,2153.386120784542,2219.483098657464,2256.3866119307427,2129.251782758767,2068.3618703834313,2286.316192962116,2413.4657716974107,2424.8044248890023,2679.3614079347362,2811.3707652306834,2970.331748897466,3263.559335439429,3299.670255992666,3268.684332545422,3302.902921119274,3426.106007392147,3408.493890371723,3735.041971015204,3588.633897979727,3725.859250422967,3420.1735550960943,3206.5399525108332,3392.6440093129413,3159.9125660841855,3333.211875142548,3066.128404187247,3062.1530605466332,3257.2043524467604,3414.950527548617,3295.726863679798,3471.4314338892636,3522.8422969987687,3682.0001072731693,3755.2683213160726,3910.829649051007,3785.4668538388055,3787.4869956249586,4073.377063492376,3960.889034581931,3998.7973000803577,4086.1043298133036,4087.72446536081,4264.597258023763,4255.450960250109,4295.406770748057,4223.44802067613,4240.772648986161,4164.293148155687,4272.359162103824,4375.580835140774,4427.9784152355205,4630.351273848801,4883.242993407986,5097.531068646955,5218.858245734775,5500.678402800717,5720.214457529074,5701.104345323565,4721.122812872529,4507.333530133352,5291.516924394506,5761.56947891018,5935.208957383317,6096.183685128302
datastructure,WB.DATA360:DS_DATA360(1.3),I,A,FIN,WB_WDI_NY_GDP_PCAP_KD,_T,_T,_T,USD_K_2015,_Z,_Z,_Z,_Z,CUR,2,WB_WDI,P1Y,0,A,PU,Annual,Finland,GDP per capita (constant 2015 US$),Total,All age ranges or no breakdown by age,Total,"US dollars, 2015 constant prices",Not Applicable,Not Applicable,Not Applicable,Not Applicable,Currency,Two,World Development Indicators (WDI),Annual,Units,Normal value,Public,11153.778529958454,11917.58537608567,12189.788892142138,12501.539366675051,13083.467612409258,13731.411914668,14004.64591097602,14231.105091295054,14493.669839820353,15893.309744345263,17145.41877476888,17527.388612021867,18771.158896405028,19968.379528684232,20507.01821419025,20784.688361458655,20793.49106634193,20785.068486737353,21330.59877481575,22791.42362171992,23945.06037073778,24150.57823684493,24756.938922350742,25373.680402284877,26052.786732271612,26862.79920998954,27513.388645139985,28412.44979486657,29811.950939836384,31214.675016421585,31291.522258719844,29290.9773950558,28162.351234884612,27807.861466332717,28785.919572048537,29890.524328992495,30883.834723784566,32762.117910757486,34457.45559397424,35886.49490805477,37872.602034350435,38784.130811572584,39343.06989976267,40038.983970227695,41521.962874475976,42529.35069208835,44069.39588347173,46213.689897573706,46359.87328440548,42412.51335135337,43556.53858343677,44391.45356679841,43507.934537157846,42883.63849864172,42502.488019985794,42560.34567671027,43529.676161696894,44862.22040420497,45337.24095505746,45898.57084489545,44690.980110307435,45792.04541808715,46016.149210392905,45196.481440013646,45075.16849406882,44941.23411021953
datastructure,WB.DATA360:DS_DATA360(1.3),I,A,GTM,WB_WDI_NY_GDP_PCAP_KD,_T,_T,_T,USD_K_2015,_Z,_Z,_Z,_Z,CUR,2,WB_WDI,P1Y,0,A,PU,Annual,Guatemala,GDP per capita (constant 2015 US$),Total,All age ranges or no breakdown by age,Total,"US dollars, 2015 constant prices",Not Applicable,Not Applicable,Not Applicable,Not Applicable,Currency,Two,World Development Indicators (WDI),Annual,Units,Normal value,Public,1884.5615178987314,1908.0300501552929,1917.8542033695594,2040.1723418730733,2073.589173008224,2102.4676889707575,2156.039414177224,2182.526087659141,2309.261574842488,2354.7126338596922,2424.6009905508686,2494.6307527723075,2609.4900493796404,2715.388329290293,2816.265346906345,2802.0656700399322,2944.832327429306,3105.8093467706594,3181.4696457020623,3249.0977880838927,3287.025694659382,3226.2612937338777,3041.617600883203,2891.7321534928383,2825.722118670852,2730.145001013103,2659.142701062434,2678.489411092931,2705.901011358148,2734.5582325341893,2741.539442493984,2765.8834551937134,2823.673477866115,2857.297653443128,2894.4325499116408,2958.3498171197853,2967.994995373363,3019.2886747502107,3089.977427279826,3129.1222662147193,3165.933886028003,3166.20502444306,3213.2699076319795,3222.156221115093,3250.205611945291,3284.811284216578,3388.1516508196673,3527.7799562119285,3569.9303154124636,3516.193955797208,3546.6275092987894,3621.37582644774,3655.574902994124,3717.3045796027873,3809.615843328022,3893.5053329906823,3924.7789643023984,3972.7405926267184,4040.212143747416,4139.1220633863195,4005.839163606888,4268.6286446149215,4383.903261604806,4469.05514652918,4564.213785029078,4687.863556604644
datastructure,WB.DATA360:DS_DATA360(1.3),I,A,SST,WB_WDI_NY_GDP_PCAP_KD,_T,_T,_T,USD_K_2015,_Z,_Z,_Z,_Z,CUR,2,WB_WDI,P1Y,0,A,PU,Annual,Small states,GDP per capita (constant 2015 US$),Total,All age ranges or no breakdown by age,Total,"US dollars, 2015 constant prices",Not Applicable,Not Applicable,Not Applicable,Not Applicable,Currency,Two,World Development Indicators (WDI),Annual,Units,Normal value,Public,,,,,,,,,,,,,,,5338.827972367482,5256.904408819352,5722.752169224538,6098.153610570893,6429.0396520449385,7047.1598852731295,6966.219195486381,6613.364835092375,6608.661355909002,6438.135592869623,6505.60770114596,6490.977503331903,6513.15849932183,6608.77445680027,6663.903990367423,6762.245719661587,6848.164537605899,6714.76802596532,6589.893284052778,6576.726705092853,6722.319424999837,6931.557656409856,7117.9569291703665,7400.139212576813,7587.038856313152,7814.133902689462,8233.733429139045,8334.943326256416,8509.096003380071,8809.075935127537,9118.624245049776,9464.634689206368,9984.063671538644,10342.033730938065,10357.460678329742,9809.377892118326,9914.459685954793,10066.342783105518,10180.075102974457,10195.886369136662,10328.383721223036,10451.996495287762,10529.059232488757,10755.34485828319,10991.221978335674,11210.560893836053,10333.014143800929,10988.314957658196,11682.188070407192,12160.058763530582,12794.363498518816,13255.263625469523
datastructure,WB.DATA360:DS_DATA360(1.3),I,A,UZB,WB_WDI_NY_GDP_PCAP_KD,_T,_T,_T,USD_K_2015,_Z,_Z,_Z,_Z,CUR,2,WB_WDI,P1Y,0,A,PU,Annual,Uzbekistan,GDP per capita (constant 2015 US$),Total,All age ranges or no breakdown by age,Total,"US dollars, 2015 constant prices",Not Applicable,Not Applicable,Not Applicable,Not Applicable,Currency,Two,World Development Indicators (WDI),Annual,Units,Normal value,Public,,,,,,,,,,,,,,,,,,,,,,,,,,,,1632.6091815392565,1733.228680269462,1740.6061163404217,1726.3054672462733,1677.0070520751156,1452.988734882362,1387.1043978665095,1287.149351825369,1250.2793358795711,1247.8810920149047,1290.2838052945754,1324.8019406093545,1362.5131520465418,1397.012023509981,1437.5947280451,1476.4925873997345,1520.3549328544302,1613.6427388293716,1704.3389320721376,1807.873286261767,1951.5787890789247,2095.382145344093,2228.0552685669027,2359.6419906764086,2512.6878380699295,2657.0990908417216,2823.002053793282,2990.5633975119204,3172.8989939108315,3327.9093220640148,3425.788196964077,3559.8543659480297,3733.5043575486106,3723.821332644061,3951.9965732735936,4109.0842103165505,4281.205421212247,4477.90745486742,4732.678352361371
datastructure,WB.DATA360:DS_DATA360(1.3),I,A,CUB,WB_WDI_NY_GDP_PCAP_KD,_T,_T,_T,USD_K_2015,_Z,_Z,_Z,_Z,CUR,2,WB_WDI,P1Y,0,A,PU,Annual,Cuba,GDP per capita (constant 2015 US$),Total,All age ranges or no breakdown by age,Total,"US dollars, 2015 constant prices",Not Applicable,Not Applicable,Not Applicable,Not Applicable,Currency,Two,World Development Indicators (WDI),Annual,Units,Normal value,Public,,,,,,,,,,,2620.087708490733,2795.9752274270004,2884.411173755838,2941.106930179396,2932.4045568913084,3174.549764695698,3314.86184023098,3574.737354298218,3785.5968529221977,3806.654422475572,3606.743900999132,4297.337305406606,4650.666055608118,4863.89364258073,5206.710970261261,5246.135301937571,5206.529667436732,5036.672200867878,5174.621206369151,5160.026812761179,4961.457388609478,4395.454934734464,3861.874373703037,3270.5504764554207,3280.3845326447604,3348.887632148633,3599.324985559782,3687.425303525888,3680.9841800895083,3895.546433226606,4112.2616835067065,4229.903094333557,4277.39565642359,4426.965995918332,4670.188021380245,5182.352836017325,5799.411636686153,6215.766037277716,6469.085078476681,6561.253050930061,6716.490484970583,6902.163975711391,7109.248341856352,7307.820044107413,7392.483246330271,7727.919972079983,7774.0698462623,7927.277694317665,8120.4312355825605,8124.752820591077,7252.288111798439,7379.042752836741,7552.331522188416,7433.4288539967365,7381.397740488689,
datastructure,WB.DATA360:DS_DATA360(1.3),I,A,TUR,WB_WDI_NY_GDP_PCAP_KD,_T,_T,_T,USD_K_2015,_Z,_Z,_Z,_Z,CUR,2,WB_WDI,P1Y,0,A,PU,Annual,Türkiye,GDP per capita (constant 2015 US$),Total,All age ranges or no breakdown by age,Total,"US dollars, 2015 constant prices",Not Applicable,Not Applicable,Not Applicable,Not Applicable,Currency,Two,World Development Indicators (WDI),Annual,Units,Normal value,Public,2449.491721135295,2410.6431519216353,2477.157796714413,2630.461926318548,2702.2767756241506,2709.6688209540303,2937.888085733024,2998.0590625219884,3121.3987914388745,3170.164612698592,3196.6855596357163,3295.469988299808,3456.207274987475,3487.3522082993977,3601.796681035303,3780.9371520203986,4092.05544946496,4145.063438350489,4123.300323610029,4017.924264325706,3842.044823890308,3949.2885075933477,4003.5031544171325,4104.90632975913,4280.875254034229,4364.4501184992205,4572.106683390845,4904.824840183529,4919.419000996483,4837.934364928756,5188.1824443924115,5134.417608771715,5301.8085598217185,5609.850567309972,5255.803397368974,5577.8253965428075,5887.673097985282,6230.186221264071,6261.288700692225,5989.557008605919,6326.25746472488,5906.923485366993,6211.705429603936,6496.07277294612,7061.622197949838,7623.146409484569,8078.515378757104,8477.533283933524,8447.93976396947,7925.301104211849,8472.57809050119,9265.859102385777,9588.320665314382,10269.448914077338,10597.980188171632,11064.649450466248,11279.616953156876,12005.645982483235,12255.008214616912,12238.295022012751,12338.643833135042,13670.938029516012,14273.574765487303,14932.885136312187,15395.027889489296,15883.118740180744
datastructure,WB.DATA360:DS_DATA360(1.3),I,A,DEU,WB_WDI_NY_GDP_PCAP_KD,_T,_T,_T,USD_K_2015,_Z,_Z,_Z,_Z,CUR,2,WB_WDI,P1Y,0,A,PU,Annual,Germany,GDP per capita (constant 2015 US$),Total,All age ranges or no breakdown by age,Total,"US dollars, 2015 constant prices",Not Applicable,Not Applicable,Not Applicable,Not Applicable,Currency,Two,World Development Indicators (WDI),Annual,Units,Normal value,Public,12606.94425174164,13048.007813414859,13531.751352058822,13773.764810278002,14570.483323179511,15204.306713218233,15501.964709064447,15380.28748474437,16180.04538308328,17243.019851799956,18062.76817250538,18594.472885416428,19301.52324942961,20160.058326547765,20331.572095788575,20230.639202852544,21323.13664305291,22086.811363694578,22771.100902811904,23705.702333426223,23989.861145103947,24080.121202837185,24007.866926418385,24449.37979932733,25226.62245854858,25871.637817217732,26451.300926684693,26781.016299304723,27665.556776457044,28522.13221592622,29763.31246571243,31056.59388221263,31441.974347757834,30932.019306031714,31625.3939679554,32007.145402934042,32245.860837955664,32795.78334551652,33477.98564587639,34168.83082100829,35104.130846784436,35618.514369849334,35477.51515443008,35270.02272842671,35687.63787085418,36024.09470470206,37459.26132804203,38593.074991050824,39009.84776363574,36940.40786726612,38526.737104269494,40722.48492682419,40834.5088218456,40884.89267590277,41602.46612816679,41929.75491107217,42516.933706310316,43543.480705055095,43905.85500619728,44235.2658954682,42372.87267842554,44011.019463167424,44817.13163313894,44368.99200748806,44027.76315544692,44146.640909044625
datastructure,WB.DATA360:DS_DATA360(1.3),I,A,HUN,WB_WDI_NY_GDP_PCAP_KD,_T,_T,_T,USD_K_2015,_Z,_Z,_Z,_Z,CUR,2,WB_WDI,P1Y,0,A,PU,Annual,Hungary,GDP per capita (constant 2015 US$),Total,All age ranges or no breakdown by age,Total,"US dollars, 2015 constant prices",Not Applicable,Not Applicable,Not Applicable,Not Applicable,Currency,Two,World Development Indicators (WDI),Annual,Units,Normal value,Public,2083.734531645476,2172.0004381155113,2296.9640808176105,2421.3635148124617,2527.179186609336,3589.00068076222,3842.9540332542642,4115.829758113143,4300.998321871546,4578.611336417259,4775.634613154069,5057.2306455354565,5349.75018119814,5700.481964586679,6009.926605847389,6345.1176375883215,6537.474672269944,7001.718412709707,7284.6242415889665,7467.799038998112,7477.865431013273,7691.715416848275,7914.908493265633,7984.116971478456,8212.755724641256,8206.882331869068,8347.080016623162,8699.82535349933,8707.48356673951,8867.651030704394,8646.447544231094,7618.640295516743,7388.082294227425,7353.900206862214,7581.001022330386,7704.640902045502,7725.699803581979,7971.805549148248,8297.854195119446,8578.19506388065,8979.735786029494,9365.95393193015,9836.940650833209,10253.723920764001,10786.488199149457,11272.734542812173,11734.454472981344,11791.707441687611,11929.720986770299,11142.885928524021,11287.368666610791,11536.357899677201,11440.762271882479,11729.572079850072,12287.377944103324,12782.941257797267,13145.655988556287,13734.2442804335,14533.778314431238,15290.808546633109,14664.297119538538,15787.953542756264,16487.797393594446,16375.046272419238,16543.104909520334,16710.960252181303
datastructure,WB.DATA360:DS_DATA360(1.3),I,A,BEN,WB_WDI_NY_GDP_PCAP_KD,_T,_T,_T,USD_K_2015,_Z,_Z,_Z,_Z,CUR,2,WB_WDI,P1Y,0,A,PU,Annual,Benin,GDP per capita (constant 2015 US$),Total,All age ranges or no breakdown by age,Total,"US dollars, 2015 constant prices",Not Applicable,Not Applicable,Not Applicable,Not Applicable,Currency,Two,World Development Indicators (WDI),Annual,Units,Normal value,Public,655.9130075638678,665.4312503665318,631.4207151031599,649.2601230679508,679.3564468713507,701.3321450596583,711.8581705249985,704.8385818091461,716.6401560031806,721.5324968015752,720.6050986181374,694.0340448500351,721.8763157765518,731.3131197188554,737.9483262437811,684.9622915950418,674.0408665338979,689.8587862500372,680.6510979930387,706.1044323118296,733.4906373411185,783.925193667226,778.638765032765,723.4835206688854,758.3611656743008,791.727164830118,785.1430701104969,750.4038406020994,752.7040349856088,709.1889077102434,749.4596665829263,757.4031451078765,756.0808881658505,765.4799144383416,752.2775087407641,781.0647884600995,793.7950526961998,814.9013954386764,821.459971433599,838.9767869757678,861.2132920132091,879.854463773645,893.137100961634,896.1467632017358,907.6244312093777,893.91536869992,900.6205357873505,926.7401137540711,943.2033803038615,936.5656510715543,928.2466553291445,927.7164128367069,943.9187715310006,982.3992062905163,1014.4330062135048,1002.4188687961384,1006.0392663302298,1032.9047119418244,1071.5045215693176,1114.1730452644254,1126.654041221538,1176.3772763727318,1218.496689290907,1263.621583363682,1324.7831259743414,1397.7536207691576
datastructure,WB.DATA360:DS_DATA360(1.3),I,A,NIC,WB_WDI_NY_GDP_PCAP_KD,_T,_T,_T,USD_K_2015,_Z,_Z,_Z,_Z,CUR,2,WB_WDI,P1Y,0,A,PU,Annual,Nicaragua,GDP per capita (constant 2015 US$),Total,All age ranges or no breakdown by age,Total,"US dollars, 2015 constant prices",Not Applicable,Not Applicable,Not Applicable,Not Applicable,Currency,Two,World Development Indicators (WDI),Annual,Units,Normal value,Public,1672.27644861118,1744.7208044908027,1877.6135700759464,2019.8871759892113,2188.82131607494,2325.015253433973,2328.585754065896,2414.3661784455135,2371.2427497490744,2441.3157499769823,2398.119057386333,2401.300527075434,2384.282634631957,2464.782527335386,2729.2971301555976,2643.0131461011183,2697.477450662557,2836.5865675773507,2539.7341861704936,1817.554224004724,1850.000935203457,1894.8812721069253,1828.545145375159,1863.3000513226277,1789.1050855303774,1675.622397346096,1620.2486144876618,1572.3330424435449,1345.3374305330055,1291.3438012962692,1260.873827999694,1229.8060454187762,1206.9623190229704,1176.115360550249,1189.8351611181813,1234.7682825470572,1288.9409720151605,1317.8904651039886,1346.0727613061458,1420.3183010694192,1458.3749008455618,1482.3151724727913,1475.486354111786,1494.9561875256582,1555.8742569481628,1601.487707074579,1644.3719356525085,1703.2078029940528,1736.657406104083,1655.72028962416,1704.3787504905936,1786.6286341830844,1876.1759720148964,1941.4562855262575,2006.6486964653348,2074.4562063473063,2140.1440594160595,2209.63273423213,2107.3396261623006,2019.9151862004378,1950.1918121847314,2128.308800413338,2175.738458938742,2241.1228811163014,2290.3199198941757,2371.7536133102612
datastructure,WB.DATA360:DS_DATA360(1.3),I,A,SOM,WB_WDI_NY_GDP_PCAP_KD,_T,_T,_T,USD_K_2015,_Z,_Z,_Z,_Z,CUR,2,WB_WDI,P1Y,0,A,PU,Annual,"Somalia, Federal Republic of",GDP per capita (constant 2015 US$),Total,All age ranges or no breakdown by age,Total,"US dollars, 2015 constant prices",Not Applicable,Not Applicable,Not Applicable,Not Applicable,Currency,Two,World Development Indicators (WDI),Annual,Units,Normal value,Public,318.8248265842769,300.5134299272101,313.49261086879625,313.98036023443603,287.18289308647405,263.1027923595733,279.6007675185867,288.5433678176631,286.75945743237247,274.5754385460974,279.670909034091,278.2643276795578,311.4164264245292,266.40255495683806,261.53838855062577,292.5251843531706,279.9986087508346,309.8147194352568,305.2595256491036,256.27893320276917,239.47024347353252,252.48505036644434,258.56415647261633,221.4539928336674,220.505292974997,231.96066199894145,217.82204497528846,231.38512066187292,239.05407386718278,252.3608494867325,259.40002187010185,277.5988023503977,266.49841004271724,269.40620462277747,210.44619460191728,211.08753084179926,219.93638187378002,214.85235128892108,219.7121607494613,226.44411102877226,233.03239308630322,239.83907408808855,248.63645400092437,257.91033723595285,266.2572718565514,275.45704079798327,284.4707898653203,294.2104044666009,304.7414488112372,317.0381848146622,329.9705049368715,349.5774490777106,369.6172047534886,397.1087963448139,417.5167969064023,445.583080073396,458.92147682461035,506.50109887942597,498.981065013918,494.4440397123845,462.8670537372783,461.6278307260207,460.04622668523837,464.7210695256096,467.26991019445785,465.43939287722674
datastructure,WB.DATA360:DS_DATA360(1.3),I,A,SRB,WB_WDI_NY_GDP_PCAP_KD,_T,_T,_T,USD_K_2015,_Z,_Z,_Z,_Z,CUR,2,WB_WDI,P1Y,0,A,PU,Annual,Serbia,GDP per capita (constant 2015 US$),Total,All age ranges or no breakdown by age,Total,"US dollars, 2015 constant prices",Not Applicable,Not Applicable,Not Applicable,Not Applicable,Currency,Two,World Development Indicators (WDI),Annual,Units,Normal value,Public,,,,,,,,,,,,,,,,,,,,,,,,,,,,,,,,,,,,3012.498167368222,3200.7682583581436,3497.5504895711897,3699.4038079648376,3329.4517344386027,3542.35365914848,3788.982339473992,4038.652511974423,4233.776449060889,4527.43498659451,4809.138407648802,5016.412893222508,5431.278874266242,5735.9477269574945,5578.011974193096,5690.703271826823,5737.001201758109,5739.307502353201,5793.336145255651,5716.540471535061,5820.321557688796,6024.957546537837,6200.261185921522,6524.080297551915,6870.7581089629575,6850.967421688337,7465.676010771475,7862.953873648459,8208.478689150696,8580.261058232589,8804.378347194746
datastructure,WB.DATA360:DS_DATA360(1.3),I,A,HIC,WB_WDI_NY_GDP_PCAP_KD,_T,_T,_T,USD_K_2015,_Z,_Z,_Z,_Z,CUR,2,WB_WDI,P1Y,0,A,PU,Annual,High income,GDP per capita (constant 2015 US$),Total,All age ranges or no breakdown by age,Total,"US dollars, 2015 constant prices",Not Applicable,Not Applicable,Not Applicable,Not Applicable,Currency,Two,World Development Indicators (WDI),Annual,Units,Normal value,Public,10294.401712367251,10617.879790386605,11075.09619566808,11495.772079306313,12087.762752654258,12615.051393413092,13177.440103280454,13551.83162668018,14219.588049366519,14875.928090650015,15185.048900449037,15583.65938772663,16276.030245818345,17157.260759827765,17217.222515474456,17094.31435636833,17805.209941810794,18335.467261081907,18961.2037382366,19571.108692436792,19656.719646152837,19872.725743598283,19705.579246446137,20126.984429820026,20943.98311800284,21533.734601414646,22077.906537320254,22706.374739409785,23594.10306199163,24326.634892413644,24803.56048501074,24832.93560090583,25036.33030400258,25146.54845680357,25741.42699901162,26310.147716685802,26919.443838310744,27717.585621597766,28295.06788217741,29154.3692579037,30253.840916737634,30574.41085506378,30920.087105329734,31459.581730131416,32386.375080337937,33181.56257656071,34058.59609943234,34818.49599180504,34817.04375546585,33440.68800274133,34306.454196438324,34840.56637561044,35159.055518754656,35522.309344144945,36111.26349924284,36734.63102270878,37185.277175952186,37945.30765103033,38731.112468398635,39326.92646620878,37706.036784452815,40005.147045216436,41064.19522301358,41501.29487308872,42026.54015113366,42653.24328524348
datastructure,WB.DATA360:DS_DATA360(1.3),I,A,ISR,WB_WDI_NY_GDP_PCAP_KD,_T,_T,_T,USD_K_2015,_Z,_Z,_Z,_Z,CUR,2,WB_WDI,P1Y,0,A,PU,Annual,Israel,GDP per capita (constant 2015 US$),Total,All age ranges or no breakdown by age,Total,"US dollars, 2015 constant prices",Not Applicable,Not Applicable,Not Applicable,Not Applicable,Currency,Two,World Development Indicators (WDI),Annual,Units,Normal value,Public,8791.258420838614,9458.639554424026,9928.523781329694,10593.150322061008,10990.449859564289,11568.05614776649,11268.662374659953,11115.70104235792,12653.74278097608,14000.689633543456,14533.751749071624,15626.197596296633,17084.46609207935,17323.655731013987,17904.814221366956,18068.10823629416,17726.192435273508,17513.150003139566,18100.26909669407,18736.448154241727,18597.509172636965,19204.336860022024,19239.51408249693,19527.311793721066,19453.636852693857,19885.157136739108,20400.296999507573,21506.629961049704,21768.750426993665,21525.575728015287,22396.302341992574,22717.774415026626,23649.039473713452,23976.743110656716,25099.324292096146,26052.111389011843,26861.174330582162,27144.22160381299,27618.77448075474,27809.72888290952,29411.499942878683,28804.039634196906,28186.55481677515,28079.32539669426,28870.008086805654,29600.146724333215,30707.435814096963,32071.310740416222,32519.762446157536,32139.114649091727,33307.10443161966,34499.95092628247,34685.09159810129,35436.291287327265,36055.08530225004,36138.135613859966,37044.01186237639,37911.02172811569,38695.01000797059,39322.038041422034,37938.38093547551,40788.23917851977,42539.27487666889,42131.74156758061,41882.04746982518,42596.07726272854
datastructure,WB.DATA360:DS_DATA360(1.3),I,A,BOL,WB_WDI_NY_GDP_PCAP_KD,_T,_T,_T,USD_K_2015,_Z,_Z,_Z,_Z,CUR,2,WB_WDI,P1Y,0,A,PU,Annual,Bolivia,GDP per capita (constant 2015 US$),Total,All age ranges or no breakdown by age,Total,"US dollars, 2015 constant prices",Not Applicable,Not Applicable,Not Applicable,Not Applicable,Currency,Two,World Development Indicators (WDI),Annual,Units,Normal value,Public,1276.9657716567356,1277.2849460068114,1321.0091624008628,1381.6440971951179,1406.2904458546464,1444.2271242490015,1514.7069785569752,1575.4963609183703,1672.3321062917394,1708.5035945778036,1758.010163033845,1805.9739228843398,1906.555584698923,1971.1327222874575,1983.7165034927687,2081.069441742055,2127.832948349458,2182.6753696963037,2176.909828385026,2130.7544762348984,2054.7972688819245,2015.2457609777439,1894.0594727098578,1778.787434737459,1737.6872785371474,1672.7897817976943,1595.8350343280285,1601.018347105505,1613.0484715227697,1639.113340175905,1679.408479441405,1731.3951413633556,1724.363345251104,1762.6683096498186,1809.5706511527285,1858.7818521447603,1904.287022135938,1962.8640430160526,2025.5033470495011,1998.9453397505142,2014.1902463413182,2013.845810945681,2029.6699370596818,2050.071334190823,2099.9908107391957,2156.18670353603,2221.427225889412,2283.427335352972,2383.2503254751728,2422.575793802455,2481.407008383403,2568.5205167440595,2657.238849783698,2793.5145712405374,2900.902415714765,2996.0128981134417,3077.5705758277386,3160.1642124758787,3204.536708380047,3207.3869523112794,2765.0927178860243,3011.5511082530124,3088.241261734365,3122.7704946622252,3045.614766203295,2957.272614032416
datastructure,WB.DATA360:DS_DATA360(1.3),I,A,COM,WB_WDI_NY_GDP_PCAP_KD,_T,_T,_T,USD_K_2015,_Z,_Z,_Z,_Z,CUR,2,WB_WDI,P1Y,0,A,PU,Annual,Comoros,GDP per capita (constant 2015 US$),Total,All age ranges or no breakdown by age,Total,"US dollars, 2015 constant prices",Not Applicable,Not Applicable,Not Applicable,Not Applicable,Currency,Two,World Development Indicators (WDI),Annual,Units,Normal value,Public,,,,,,,,,,,,,,,,,,,,,1171.472497371577,1201.0989632736785,1215.692969675179,1218.8462561964543,1234.65138518177,1233.9520983150708,1224.919302283406,1216.4907421206494,1242.8962563178006,1199.0375549773605,1253.762300512274,1148.1396280140727,1207.2924194956408,1215.6498324184774,1146.707448164092,1190.5007005788818,1164.203674549898,1194.7951949665055,1174.6902123301295,1185.070754867389,1150.828710918071,1188.5013904912664,1217.1153433012846,1216.9806947950876,1231.1477994685097,1274.6147094806595,1227.2466943509185,1212.6966173611004,1235.9728046528696,1250.9023714576258,1272.6071620800733,1299.1109344940764,1313.5818755966632,1343.546832806564,1342.3295858321028,1329.3704823598596,1345.626165283101,1369.4118027596262,1391.8457044326674,1389.3648801485895,1359.7070891824987,1360.3266336146235,1366.9513495528952,1383.6420175957458,1402.526142981116,1428.449656224966
datastructure,WB.DATA360:DS_DATA360(1.3),I,A,ZWE,WB_WDI_NY_GDP_PCAP_KD,_T,_T,_T,USD_K_2015,_Z,_Z,_Z,_Z,CUR,2,WB_WDI,P1Y,0,A,PU,Annual,Zimbabwe,GDP per capita (constant 2015 US$),Total,All age ranges or no breakdown by age,Total,"US dollars, 2015 constant prices",Not Applicable,Not Applicable,Not Applicable,Not Applicable,Currency,Two,World Development Indicators (WDI),Annual,Units,Normal value,Public,1142.5486169321923,1177.3143067429905,1157.2342936839793,1191.3358478989103,1141.5777915667827,1160.443608824667,1141.5669678276956,1198.7604481727328,1184.429222201192,1290.1054799734718,1533.4013269655043,1620.7999025553927,1702.6722095134003,1692.672955024008,1747.4100520173645,1660.1827816457044,1617.9070361817624,1468.9613758306743,1408.6532072166854,1432.3363903381587,1547.2430355732529,1634.857923393792,1613.8207054948,1578.287787761099,1494.1117430287452,1543.5460224164487,1524.0551078651454,1491.4388920012696,1554.1215234249964,1588.2442884140198,1653.5652136169447,1700.1675157304414,1503.8338876161968,1497.5939730999796,1633.9654774337987,1621.4191954781438,1759.9413682426934,1773.5069006680087,1789.3513530708888,1746.226638733987,1677.348967932508,1690.1466616311563,1525.0793570656422,1250.919483312313,1165.5444708154296,1088.6314842069867,1038.223756580327,987.2003625969373,803.0449446549911,896.9155328778453,1056.208845638891,1184.9342102056269,1360.152300342752,1367.8183168946343,1381.2540412587148,1387.1263259502578,1378.3425619237385,1422.9194894692664,1472.1460384484237,1357.5308781875387,1230.8193336101579,1312.2000135880673,1369.1976149557086,1418.4718462879948,1416.8006546387392,1503.0650529808897
datastructure,WB.DATA360:DS_DATA360(1.3),I,A,MEA,WB_WDI_NY_GDP_PCAP_KD,_T,_T,_T,USD_K_2015,_Z,_Z,_Z,_Z,CUR,2,WB_WDI,P1Y,0,A,PU,Annual,"Middle East, North Africa, Afghanistan & Pakistan",GDP per capita (constant 2015 US$),Total,All age ranges or no breakdown by age,Total,"US dollars, 2015 constant prices",Not Applicable,Not Applicable,Not Applicable,Not Applicable,Currency,Two,World Development Indicators (WDI),Annual,Units,Normal value,Public,1555.192772244223,1608.554458489054,1652.0184617069672,1778.3773073220962,1896.6925593817248,2063.9842181374024,2141.6952875914158,2243.500413841675,2449.1071885220526,2628.5007568218293,2999.781496194688,3178.502334075408,3510.4055909612307,3791.6793814873486,4004.340283299433,3891.671989408137,4297.411778437433,4326.148350611804,4185.560417023497,4285.377540345464,4212.452891611378,4102.712911408213,3924.415099064663,3786.0893835903207,3670.6138897576543,3576.2485083078855,3412.8113543357704,3340.851416305667,3315.326690208785,3341.303137634452,3508.1942471840293,3486.088826473335,3599.3490694260804,3588.0036702259454,3604.0128546775477,3627.7266797776256,3720.3216102713614,3782.1156003967626,3846.593776592444,3860.7778802791254,4011.773984659316,3997.880135097154,3990.903798344469,4079.8292431015648,4300.882246969433,4421.567146454571,4574.742967173804,4700.755139702044,4792.090916970736,4733.218614005448,4856.627168975606,4930.786477000971,5027.9240649454405,5037.813369901957,5091.096286367596,5130.25978607342,5264.3202846383665,5284.966252634663,5326.927496640037,5321.151486367312,5038.997153641813,5215.440150066613,5446.992947936069,5463.85312225795,5485.387287770774,5534.873665795715
datastructure,WB.DATA360:DS_DATA360(1.3),I,A,FRA,WB_WDI_NY_GDP_PCAP_KD,_T,_T,_T,USD_K_2015,_Z,_Z,_Z,_Z,CUR,2,WB_WDI,P1Y,0,A,PU,Annual,France,GDP per capita (constant 2015 US$),Total,All age ranges or no breakdown by age,Total,"US dollars, 2015 constant prices",Not Applicable,Not Applicable,Not Applicable,Not Applicable,Currency,Two,World Development Indicators (WDI),Annual,Units,Normal value,Public,10776.123360661626,11192.769602492428,11840.663018420073,12437.891684364728,13116.061303099908,13619.422777077343,14199.141850639491,14760.32855181918,15313.242266674124,16264.894039403725,17116.859268107957,17853.89713477862,18496.7852509799,19484.462057964916,20210.49076067898,19924.372207409662,20700.61862318054,21336.387781530222,22078.722816138405,22792.235949868267,23050.92559530425,23186.761266568443,23666.512178808433,23836.401892722737,24102.017617602705,24358.13827488246,24813.030257915838,25308.62092414604,26374.122181116138,27372.053476316098,27992.975147137353,28197.23595406067,28482.51946755092,28257.096248781683,28822.50064950687,29379.615842405172,29683.77860676512,30325.522871824036,31256.50738306553,32152.720747873398,33255.137964233465,33640.673800256496,33753.57829797584,33840.617572010065,34557.147111158134,34946.03724947029,35645.41624271162,36322.16851410037,36257.365893093775,35052.851077268315,35578.196801018275,36269.95615308881,36161.29182534653,36256.08668098103,36444.39490891461,36702.432373337935,36920.53428469139,37580.59793293561,38062.443596141224,38705.20729406184,35709.20459259257,38030.85716851778,38868.330333055725,39319.41522272951,39683.39534890294,39918.88505687453
datastructure,WB.DATA360:DS_DATA360(1.3),I,A,LBN,WB_WDI_NY_GDP_PCAP_KD,_T,_T,_T,USD_K_2015,_Z,_Z,_Z,_Z,CUR,2,WB_WDI,P1Y,0,A,PU,Annual,Lebanon,GDP per capita (constant 2015 US$),Total,All age ranges or no breakdown by age,Total,"US dollars, 2015 constant prices",Not Applicable,Not Applicable,Not Applicable,Not Applicable,Currency,Two,World Development Indicators (WDI),Annual,Units,Normal value,Public,,,,,,,,,,,,,,,,,,,,,,,,,,,,,3934.0293765968486,2218.6264364108442,2752.724422532573,4031.1947454392403,4595.580833257702,4992.698782324489,5301.415846722477,5542.226510352899,6054.529119214821,6008.758553856574,6120.456727170238,5982.417883543079,5958.978367503007,6085.760414201461,6207.241338937457,6319.7651829864735,6633.752580023928,6707.180246353159,6696.374282005955,7179.345200923063,7701.298230279795,8375.48851252821,8955.543361847072,8936.20027462737,8920.805698467304,8443.538565287841,7830.415111333605,7714.109999880404,8019.141691342605,8305.57405425721,8388.723512383496,8064.048734162358,6440.828430929219,5973.419338929876,5909.036515550277,5834.634157393939,5391.22914209501,
datastructure,WB.DATA360:DS_DATA360(1.3),I,A,PYF,WB_WDI_NY_GDP_PCAP_KD,_T,_T,_T,USD_K_2015,_Z,_Z,_Z,_Z,CUR,2,WB_WDI,P1Y,0,A,PU,Annual,French Polynesia,GDP per capita (constant 2015 US$),Total,All age ranges or no breakdown by age,Total,"US dollars, 2015 constant prices",Not Applicable,Not Applicable,Not Applicable,Not Applicable,Currency,Two,World Development Indicators (WDI),Annual,Units,Normal value,Public,,,,,,22551.42076223364,23889.28019426208,21996.59277101959,24425.35275390299,22958.07499176403,22533.62710856729,24396.182673487267,22498.984340995357,23481.748677595544,26842.439445944372,24748.520502339372,25989.859569627177,25747.40344941864,27425.725326642674,27609.580614755025,26874.299143810873,26725.415808811904,26341.05518012136,26176.683754783986,26078.011068489166,25129.18714833025,27814.261058147244,27460.491777424602,25828.903187660308,25798.11603691591,25307.704547713773,25731.77602205899,24899.510811171513,24158.44966623905,23373.712744669432,22928.49865552366,22434.729936296,22051.980785961467,22071.062760412857,22136.258728634868,22498.828553032785,22076.59191626245,21932.91953334184,22055.641970219618,21919.94105893778,21661.424466405362,21545.59971364725,21648.532237681957,21493.417831124898,20499.7723032831,19913.025268791476,19241.64379516245,18968.44221579036,18930.12688870117,18928.18586201284,19166.959476193068,19516.071835327573,20287.768583166308,20674.420682902863,21289.87512411394,19026.790444196,19626.23325402057,20160.49942983793,20664.977025922482,20846.65140599914,
datastructure,WB.DATA360:DS_DATA360(1.3),I,A,ECS,WB_WDI_NY_GDP_PCAP_KD,_T,_T,_T,USD_K_2015,_Z,_Z,_Z,_Z,CUR,2,WB_WDI,P1Y,0,A,PU,Annual,Europe & Central Asia,GDP per capita (constant 2015 US$),Total,All age ranges or no breakdown by age,Total,"US dollars, 2015 constant prices",Not Applicable,Not Applicable,Not Applicable,Not Applicable,Currency,Two,World Development Indicators (WDI),Annual,Units,Normal value,Public,7250.044809690997,7530.434279450068,7792.160370561032,8079.665340761136,8462.760614627996,8752.636257248616,8997.684784677009,9222.880963096208,9636.683708963248,10117.453307559847,10541.213320460489,10807.26999297839,11201.006357268812,11783.98030232331,11976.774277601551,11866.452945165727,12311.486328782634,12553.520726363895,12846.280682176226,13222.343746591707,13307.833491814958,13273.650250557002,13338.042315941,13514.611564574347,13807.35150733575,14082.065245958425,14402.345027285764,14746.1412038658,15248.991389862349,15669.715580632028,15930.071318391047,15881.065371083378,15716.2657850294,15553.521596905377,15746.2188639285,16098.336921915758,16359.911658500841,16839.221266229022,17252.148604643746,17732.80799189758,18489.772362718675,18876.222267696856,19137.98795352901,19434.9539216248,19994.952688381567,20483.70527781912,21218.642026466776,21942.343944371627,22077.846639349256,21021.036246154832,21496.957434008873,21946.71825345579,21930.925902306823,22039.719429042296,22377.23662862937,22742.473985937188,23073.449806367917,23666.31485691455,24094.598211265016,24442.387423178247,23085.04980187344,24641.42520225882,25489.15292541555,25741.03800706912,26049.744785124727,26380.997673441812
datastructure,WB.DATA360:DS_DATA360(1.3),I,A,AND,WB_WDI_NY_GDP_PCAP_KD,_T,_T,_T,USD_K_2015,_Z,_Z,_Z,_Z,CUR,2,WB_WDI,P1Y,0,A,PU,Annual,Andorra,GDP per capita (constant 2015 US$),Total,All age ranges or no breakdown by age,Total,"US dollars, 2015 constant prices",Not Applicable,Not Applicable,Not Applicable,Not Applicable,Currency,Two,World Development Indicators (WDI),Annual,Units,Normal value,Public,,,,,,,,,,,43005.54240761991,41930.15051963587,42354.745132670185,42738.16831630518,42363.44597790406,40073.41036866818,39058.58865934165,38021.81983388742,36647.702046013335,34983.9990938008,34281.74394700113,32958.765043436935,31996.54420330194,31117.196226442877,30392.842066942187,29997.086267800085,29680.132945275673,30064.99796852933,30469.344241914587,31180.412334122564,31143.146875717164,29642.30598174812,28161.942493762712,26518.233633704447,26587.13830469007,27619.506061826705,28871.216075229695,31140.68968198132,31800.364067866103,32938.64374118319,34113.817378394924,36790.10370860217,38084.484310858905,39620.320160516094,40054.321153142126,40528.17486238,41322.052921384646,40789.15896977479,37775.126140434244,35604.38400981959,36277.26444253306,37637.48683428662,36206.97843564456,35684.169434773736,37300.6244197096,38654.93472172067,40085.02059862196,39361.06226486987,39242.14489750986,39346.275035864994,34536.6499222556,36929.019152864385,39780.396613079116,40227.23352974002,41223.992490660254,42319.62765330213
datastructure,WB.DATA360:DS_DATA360(1.3),I,A,KEN,WB_WDI_NY_GDP_PCAP_KD,_T,_T,_T,USD_K_2015,_Z,_Z,_Z,_Z,CUR,2,WB_WDI,P1Y,0,A,PU,Annual,Kenya,GDP per capita (constant 2015 US$),Total,All age ranges or no breakdown by age,Total,"US dollars, 2015 constant prices",Not Applicable,Not Applicable,Not Applicable,Not Applicable,Currency,Two,World Development Indicators (WDI),Annual,Units,Normal value,Public,792.9580202073482,704.532413221054,742.214802683441,776.6140532038601,783.7772739029122,768.3120093452262,847.0284817932474,841.4490110835991,873.3963200938811,906.6361826084419,831.8018192811214,980.0294493692865,1108.2271408500822,1133.7482846760784,1140.5525592046615,1113.0097763420758,1100.6565011535029,1165.3686122247798,1203.7678771353055,1251.319133301411,1275.282697293549,1276.9277878168862,1250.613969290679,1221.5348589083392,1198.0943724204596,1204.9193236773626,1245.988510253938,1274.2208796161403,1306.3643368350413,1320.5077451989666,1329.3331276623214,1305.464157014472,1255.9387062235876,1223.5061672576217,1219.7841113304978,1237.8825046767492,1254.2102524867375,1226.195421133367,1232.0665810663545,1224.6340463988631,1195.41296851656,1202.293487599874,1171.426251734903,1169.1443367405077,1191.2544360455595,1223.4473847201932,1263.5416466621134,1309.9109294821587,1273.7722610307271,1276.7350348607429,1340.164674088561,1370.58000874482,1396.301787097564,1413.9414252258257,1450.5933820227672,1489.1195977728398,1517.97796057742,1542.3377397337213,1596.6904591494501,1645.7096177786214,1609.334140782809,1698.8957827144363,1747.5319880442844,1811.2165183842499,1858.876500300243,1907.8187539723301
datastructure,WB.DATA360:DS_DATA360(1.3),I,A,SSD,WB_WDI_NY_GDP_PCAP_KD,_T,_T,_T,USD_K_2015,_Z,_Z,_Z,_Z,CUR,2,WB_WDI,P1Y,0,A,PU,Annual,South Sudan,GDP per capita (constant 2015 US$),Total,All age ranges or no breakdown by age,Total,"US dollars, 2015 constant prices",Not Applicable,Not Applicable,Not Applicable,Not Applicable,Currency,Two,World Development Indicators (WDI),Annual,Units,Normal value,Public,,,,,,,,,,,,,,,,,,,,,,,,,,,,,,,,,,,,,,,,,,,,,,,,,2289.1841537556347,2293.8016688854314,2295.0702609600567,2073.239818191447,1069.1961908093842,1165.1620270749504,1197.0949196947931,1080.1471862476544,,,,,,,,,,
datastructure,WB.DATA360:DS_DATA360(1.3),I,A,MEX,WB_WDI_NY_GDP_PCAP_KD,_T,_T,_T,USD_K_2015,_Z,_Z,_Z,_Z,CUR,2,WB_WDI,P1Y,0,A,PU,Annual,Mexico,GDP per capita (constant 2015 US$),Total,All age ranges or no breakdown by age,Total,"US dollars, 2015 constant prices",Not Applicable,Not Applicable,Not Applicable,Not Applicable,Currency,Two,World Development Indicators (WDI),Annual,Units,Normal value,Public,4145.793021809595,4219.181508659516,4276.143265053137,4474.727508606934,4845.874427764068,5021.3479928533425,5153.814690848338,5278.108220184196,5589.051191955722,5596.39687788976,5774.77045921641,5809.398791133886,6099.203173858485,6385.197146681364,6559.301127315444,6740.624993476581,6845.371117457064,6888.578946396388,7309.607114179284,7814.549667272782,8290.288989208731,8875.071511819668,8676.571309641662,8098.516421674617,8207.923375303346,8194.162493813623,7713.612153596579,7716.497317306383,7657.727475394525,7783.805810064028,8036.861144058858,8197.011794881113,8330.264267955934,8411.796213313353,8623.480430008307,7970.640384895852,8320.652956879467,8770.844815462804,9161.895277757983,9264.977292523,9581.969702028226,9398.35074347946,9242.27886122367,9221.99666685464,9421.289761326949,9491.51730268004,9813.828041866589,9877.695326365616,9826.342184484856,9074.118814481293,9389.06722076504,9575.934377346175,9782.517762518393,9738.71059661101,9862.481253474496,10021.238611361561,10100.50211958192,10193.772718831327,10296.869094045864,10159.444836769642,9234.643622265941,9728.056800245044,10013.247922706361,10234.684026565119,10284.033692572639,10256.686766112092
datastructure,WB.DATA360:DS_DATA360(1.3),I,A,SEN,WB_WDI_NY_GDP_PCAP_KD,_T,_T,_T,USD_K_2015,_Z,_Z,_Z,_Z,CUR,2,WB_WDI,P1Y,0,A,PU,Annual,Senegal,GDP per capita (constant 2015 US$),Total,All age ranges or no breakdown by age,Total,"US dollars, 2015 constant prices",Not Applicable,Not Applicable,Not Applicable,Not Applicable,Currency,Two,World Development Indicators (WDI),Annual,Units,Normal value,Public,1151.0021385722316,1152.5229041224115,1118.9410578421207,1108.0816239447147,1118.910764881525,1101.6402295719388,1100.594861520358,1055.338804533297,1088.745265079104,987.4905279768091,1040.511392066178,1008.447469723512,1041.1957647894144,954.1762000473135,965.741329994361,1010.1226880192288,1071.6804032770149,1017.8143944807308,955.0021756359595,997.7145805703659,1012.1666148023097,1037.7014059088572,1091.7347891446564,1002.7915725565111,1014.2187312174644,1020.46425733551,1022.5532603755116,1055.3245415249696,1016.8279275159001,1027.2757595019928,990.7775226198221,988.6322158377296,974.0548600271279,960.5065617207877,934.692068072302,960.8470928216295,956.588791201654,962.7366894573994,995.9790856896365,1033.7639646163282,1048.374740523634,1067.3688655059489,1042.255099442892,1074.3857846768558,1098.2006454602745,1119.0505307548044,1118.7830430050956,1123.9986215328463,1138.6688393021395,1142.653172339639,1153.5343112158325,1139.7444789263886,1154.0567799236724,1147.3859217191023,1180.798710850501,1218.0061355543774,1257.409069162384,1312.1093277587802,1355.0961086353266,1379.6087524984287,1361.7914374887998,1414.5395109349877,1433.1991875228784,1458.9664233274968,1517.6183882968446,1582.2585228637452
datastructure,WB.DATA360:DS_DATA360(1.3),I,A,BMU,WB_WDI_NY_GDP_PCAP_KD,_T,_T,_T,USD_K_2015,_Z,_Z,_Z,_Z,CUR,2,WB_WDI,P1Y,0,A,PU,Annual,Bermuda,GDP per capita (constant 2015 US$),Total,All age ranges or no breakdown by age,Total,"US dollars, 2015 constant prices",Not Applicable,Not Applicable,Not Applicable,Not Applicable,Currency,Two,World Development Indicators (WDI),Annual,Units,Normal value,Public,39906.02194229448,40887.25532770305,41637.36314176012,41060.97612969571,44570.99859861524,45658.594454879574,51062.40815142846,56696.15270938672,56867.577462356705,57787.65622707679,60471.25527780401,61975.66556366502,62864.873349388836,63625.27793326533,64050.32418641988,66372.49245513792,72195.16109597217,76292.23938419893,77242.70290027956,78775.06142730193,84785.74622510317,86283.59879783881,81137.13193138922,82177.83557246788,81986.71944016688,79797.38271660623,84596.35287231205,87182.18740284968,90024.0922838766,89743.05581565568,89089.73464236083,85311.04942885917,84642.60849272988,86582.83449971424,86545.7823557807,89849.12501398129,91743.29623386788,95383.02251103646,98347.90898160513,100867.91457974286,109502.76310280927,116809.92525307093,114574.43360856608,118018.83159263527,120432.12052555036,122143.79957751845,128662.93192426066,132595.4826548658,129525.17713909714,121727.58490874425,118382.90899064453,113937.83570098273,108040.57565920318,107860.39479196382,103941.98260695564,104855.36682213539,104190.87672033423,107734.60835732718,106843.16373939134,106709.88123884263,98846.44580796441,103130.36584531794,109412.25115959797,114244.68104713196,116513.53656504111,
datastructure,WB.DATA360:DS_DATA360(1.3),I,A,ROU,WB_WDI_NY_GDP_PCAP_KD,_T,_T,_T,USD_K_2015,_Z,_Z,_Z,_Z,CUR,2,WB_WDI,P1Y,0,A,PU,Annual,Romania,GDP per capita (constant 2015 US$),Total,All age ranges or no breakdown by age,Total,"US dollars, 2015 constant prices",Not Applicable,Not Applicable,Not Applicable,Not Applicable,Currency,Two,World Development Indicators (WDI),Annual,Units,Normal value,Public,,,,,,,,,,,,,,,,,,,,,,,,,,,,,,,5019.437027483326,4409.151720835695,4059.098604553817,4126.76859277572,4295.270657886285,4572.2580335427565,4764.6368210629935,4546.667530547211,4463.607918062118,4453.781260461815,4569.311243245236,4875.303106006347,5248.54994632668,5410.308357962516,6008.640484614847,6328.090223241827,6876.778414179657,7483.973758206105,8318.003427953878,7924.870580702117,7660.706676305172,8044.571949208916,8234.285534251936,8287.95844089676,8661.47397274241,8977.017481581965,9286.87678236598,10106.226955725268,10714.170115712675,11197.3162915853,10854.04943188705,11546.322499807226,12076.303381189637,12340.817050996884,12459.911206189136,12565.165043330551
datastructure,WB.DATA360:DS_DATA360(1.3),I,A,THA,WB_WDI_NY_GDP_PCAP_KD,_T,_T,_T,USD_K_2015,_Z,_Z,_Z,_Z,CUR,2,WB_WDI,P1Y,0,A,PU,Annual,Thailand,GDP per capita (constant 2015 US$),Total,All age ranges or no breakdown by age,Total,"US dollars, 2015 constant prices",Not Applicable,Not Applicable,Not Applicable,Not Applicable,Currency,Two,World Development Indicators (WDI),Annual,Units,Normal value,Public,592.4656351125064,606.2055927125512,632.9830357161529,663.5543658259204,688.0173072984173,722.3922991768186,779.3049783013647,822.065821475732,863.6171647386411,894.6361155629612,969.511716318085,989.9092200298854,1005.1445467349849,1079.1919909455426,1099.029395949655,1125.839551261057,1202.7442465462868,1291.9197681027956,1394.1813402201615,1438.5392950430605,1482.08742004737,1538.4312741497258,1589.4216859681928,1645.9916909468373,1707.9308019840958,1754.6271624965866,1818.9050465962503,1957.7596367445185,2180.4135865418175,2406.2699682454463,2631.5197109586343,2810.5670200131567,2989.8538536901897,3186.9970710322914,3391.4898660406247,3614.9324401673207,3766.8636443308833,3614.6084854399405,3295.3601838129416,3403.087373568955,3514.7166297060767,3599.025248773576,3783.7542207326646,4018.1553818706816,4232.771572619342,4372.257302062605,4551.525001831396,4760.667084648314,4805.7639399083555,4737.456797633144,5059.357478316572,5070.237401919421,5403.878460362729,5516.611641641345,5541.465993618451,5688.853353978842,5857.780529359259,6076.743077000816,6314.199484120428,6434.537705180338,6032.422446067934,6119.1101852609945,6279.822504159734,6423.991011641494,6616.585393359281,6782.750588250104
datastructure,WB.DATA360:DS_DATA360(1.3),I,A,ITA,WB_WDI_NY_GDP_PCAP_KD,_T,_T,_T,USD_K_2015,_Z,_Z,_Z,_Z,CUR,2,WB_WDI,P1Y,0,A,PU,Annual,Italy,GDP per capita (constant 2015 US$),Total,All age ranges or no breakdown by age,Total,"US dollars, 2015 constant prices",Not Applicable,Not Applicable,Not Applicable,Not Applicable,Currency,Two,World Development Indicators (WDI),Annual,Units,Normal value,Public,9731.196277834506,10459.714395249903,11033.688889946869,11567.945889394354,11794.160857574365,12077.462036004745,12701.161894475305,13514.757373119035,14308.55942279698,15095.412781588513,15813.201115856886,16025.77488023911,16523.13315899982,17580.912084163883,18426.908002717057,17934.322864885165,19116.61076242693,19522.996928616998,20083.880209399602,21219.266963785718,21901.926870854873,22060.328706769717,22135.162854539733,22385.841602801927,23102.811542794076,23742.385494972277,24420.080285859876,25196.988118326582,26241.161905687597,27109.970559767982,27625.179230641348,28030.765384107257,28245.427105469244,27987.432896928065,28583.625532864822,29408.32095722974,29795.659775091535,30353.37782439949,30892.17586544548,31405.260900768335,32609.66746282998,33243.59934397605,33267.44744820484,33110.169849481164,33348.97448204555,33407.675471647206,33873.04936800926,34159.910924407384,33550.634080006326,31587.063841630465,31928.55436210961,32039.503249431586,30953.414744742655,30330.022159966793,30325.028779392316,30639.882975143213,31077.679267521067,31635.522771080043,31963.641714882386,32180.434101742845,29469.798923862585,32267.70910502011,33891.886652621615,34221.71829282708,34508.12351912367,34716.14057863483
datastructure,WB.DATA360:DS_DATA360(1.3),I,A,BHS,WB_WDI_NY_GDP_PCAP_KD,_T,_T,_T,USD_K_2015,_Z,_Z,_Z,_Z,CUR,2,WB_WDI,P1Y,0,A,PU,Annual,"Bahamas, The",GDP per capita (constant 2015 US$),Total,All age ranges or no breakdown by age,Total,"US dollars, 2015 constant prices",Not Applicable,Not Applicable,Not Applicable,Not Applicable,Currency,Two,World Development Indicators (WDI),Annual,Units,Normal value,Public,18778.649734660543,19781.787369488477,20778.781584754255,21844.534835420112,23039.997421956563,24337.373609622155,25358.81918296383,26526.52834596974,27437.899548269903,28576.357870596097,25941.46901958742,25551.885314940795,24004.486644899713,25212.009130021812,20522.77530405881,17106.220493493012,17606.08484071407,18809.624122061887,21034.843398865298,26013.653376331968,27191.48499672946,24256.2435568937,25450.892828776636,25926.320888295115,29104.982995437236,29993.357029229992,30012.82703942359,30389.47970862927,30564.773150765654,32051.977719943898,30995.48307159416,29192.994260639145,27565.978462298513,27137.178342536037,27503.635391286138,28236.375376591448,28967.048046475342,28902.57189685399,29837.43817894413,31544.354060445417,32424.72717867164,32870.09183072846,33374.60268591398,32559.311554897995,32444.073956756863,33144.787879027535,33541.85074870096,33549.33600072741,32331.824613509238,30581.33421984883,30657.431905965852,30492.673852807147,31553.491949064486,30368.263124418936,30658.534456372174,30719.405417468977,30152.161924602093,30974.747726131685,31537.242384195608,31117.629913239103,24791.67049451056,29114.059772638564,32186.457503923662,33009.64561512101,33968.20321879177,
datastructure,WB.DATA360:DS_DATA360(1.3),I,A,COG,WB_WDI_NY_GDP_PCAP_KD,_T,_T,_T,USD_K_2015,_Z,_Z,_Z,_Z,CUR,2,WB_WDI,P1Y,0,A,PU,Annual,"Congo, Rep.",GDP per capita (constant 2015 US$),Total,All age ranges or no breakdown by age,Total,"US dollars, 2015 constant prices",Not Applicable,Not Applicable,Not Applicable,Not Applicable,Currency,Two,World Development Indicators (WDI),Annual,Units,Normal value,Public,1192.8561652957596,1259.5043262365173,1290.7632557273155,1206.1534137723022,1218.5587395811574,1228.7760089868195,1210.7388395268404,1201.4013042372196,1255.9295187190182,1311.230016990274,1353.2381740704398,1414.238711249109,1489.1652626292614,1562.1262719910246,1633.521859622204,1711.4375468084122,1685.4823089279919,1498.3180235678074,1556.6671722844114,1670.7796605911824,1921.968618297657,2211.3167418509056,2674.9510924062215,2773.6266375892715,2894.0997351711876,2776.7642848910473,2511.486820463928,2443.7901987864643,2415.940916438353,2408.1415989625716,2363.7670181458698,2352.5275408077646,2346.679137944055,2255.943608019606,2069.796404565668,2092.5433790524467,2122.628192948368,2064.7536042465013,2095.3440357059526,1986.8478922288964,2057.0192202355106,2056.165059226174,2100.1687671457357,2058.886836750381,2058.8840294689585,2140.036862002514,2226.0233547376,2004.10103961966,2061.5582988057413,2211.315723820279,2332.2850805595294,2307.4938439971515,2467.0610290683885,2390.6575493866167,2488.681185489924,2439.351894036956,2174.1931025122426,2003.2712107518719,1909.9560382117047,1885.5108087773124,1725.5104004996258,1701.790604568719,1686.0023439138517,1677.085492059241,1671.7266018229013,1683.0093726443251
datastructure,WB.DATA360:DS_DATA360(1.3),I,A,PAK,WB_WDI_NY_GDP_PCAP_KD,_T,_T,_T,USD_K_2015,_Z,_Z,_Z,_Z,CUR,2,WB_WDI,P1Y,0,A,PU,Annual,Pakistan,GDP per capita (constant 2015 US$),Total,All age ranges or no breakdown by age,Total,"US dollars, 2015 constant prices",Not Applicable,Not Applicable,Not Applicable,Not Applicable,Currency,Two,World Development Indicators (WDI),Annual,Units,Normal value,Public,413.96186246274243,427.4144428371693,435.12346359689957,460.5769712630905,482.25358899621745,518.130266832876,533.1226294740028,546.2817893182679,569.3412634232967,583.741428686659,631.5877483833341,617.2973924987232,605.3343833111724,629.4968080366708,632.8947700368516,640.1243575687754,652.8380552135866,657.6593839342142,688.190284180422,689.7435937405876,729.7759974548036,755.3518863994925,775.040043703995,799.4132012895666,813.98181157513,848.459508815423,865.3837802032099,890.3422227721559,926.5577893366344,941.244309440788,950.884644833285,966.5224957037335,1011.6250844611014,1001.2585482000344,1009.0642952018239,1028.965924461546,1047.886635146138,1028.998047583692,1026.5003372096905,1035.4988820628762,1049.5422968685218,1057.8676777864584,1059.0417102458912,1090.2752399374563,1146.996328426657,1201.2335936721433,1243.9414260254266,1265.3556753984155,1258.051889344521,1269.0743211644408,1256.694822013231,1261.831619078569,1275.4880689896625,1309.7008044638596,1343.3077812104252,1380.4702083831723,1452.1865826917658,1495.261875280324,1561.681698195586,1573.8330826936988,1526.0059748630656,1595.027921754216,1642.280669748258,1610.3312283753653,1635.0873116709129,1669.3152663850262
datastructure,WB.DATA360:DS_DATA360(1.3),I,A,CYM,WB_WDI_NY_GDP_PCAP_KD,_T,_T,_T,USD_K_2015,_Z,_Z,_Z,_Z,CUR,2,WB_WDI,P1Y,0,A,PU,Annual,Cayman Islands,GDP per capita (constant 2015 US$),Total,All age ranges or no breakdown by age,Total,"US dollars, 2015 constant prices",Not Applicable,Not Applicable,Not Applicable,Not Applicable,Currency,Two,World Development Indicators (WDI),Annual,Units,Normal value,Public,,,,,,,,,,,,,,,,,,,,,,,,,,,,,,,,,,,,,,,,,,,,,,,96066.62908323552,96202.73794154929,93115.31684163137,84001.42156576074,79483.09728136045,78233.01875518762,77074.38908725111,76038.87955403497,76104.62157274161,76379.2095108681,77031.86438736245,77717.1752058822,79305.76967299603,80714.57182229875,75199.64460062837,77259.63310960575,79942.11962902479,82906.54549439541,84381.47314405206,
datastructure,WB.DATA360:DS_DATA360(1.3),I,A,EUU,WB_WDI_NY_GDP_PCAP_KD,_T,_T,_T,USD_K_2015,_Z,_Z,_Z,_Z,CUR,2,WB_WDI,P1Y,0,A,PU,Annual,European Union,GDP per capita (constant 2015 US$),Total,All age ranges or no breakdown by age,Total,"US dollars, 2015 constant prices",Not Applicable,Not Applicable,Not Applicable,Not Applicable,Currency,Two,World Development Indicators (WDI),Annual,Units,Normal value,Public,8596.764178363494,9016.215673332552,9450.300105990736,9817.530394391366,10315.457845778383,10767.283432990711,11139.831297242621,11448.244560572823,12003.267816936479,12758.663660471906,13388.253590784028,13800.378079402279,14361.122289473793,15125.187099300787,15507.355753727508,15329.403857438427,15992.787001009836,16383.95559919986,16807.41443537197,17383.757503714973,17661.568284378714,17684.83075771163,17774.919259616436,17984.519533514762,18397.560124036703,18779.886182032857,19212.110887374776,19643.59333633655,20388.438766080253,21108.969105751843,21731.257153555012,21985.0210009315,22118.860941822517,21915.7436320895,22451.71304246922,23019.854989006595,23422.73576018393,24015.371531733646,24698.299610879953,25398.29894525229,26365.808537063614,26899.88943916351,27131.12404907843,27284.737365440156,27885.776747977645,28334.769730843782,29246.656452778854,30060.207136486206,30144.659520374513,28771.744285421843,29352.953350366384,29974.159933917366,29700.910157493287,29667.213283925663,30117.891265208964,30771.66352213744,31300.165543549825,32135.66837107596,32739.08739767067,33289.443813606216,31435.043235798723,33488.04930010823,34606.111171490564,34626.528246047725,34899.3225839678,35365.424266349226
datastructure,WB.DATA360:DS_DATA360(1.3),I,A,EAS,WB_WDI_NY_GDP_PCAP_KD,_T,_T,_T,USD_K_2015,_Z,_Z,_Z,_Z,CUR,2,WB_WDI,P1Y,0,A,PU,Annual,East Asia & Pacific,GDP per capita (constant 2015 US$),Total,All age ranges or no breakdown by age,Total,"US dollars, 2015 constant prices",Not Applicable,Not Applicable,Not Applicable,Not Applicable,Currency,Two,World Development Indicators (WDI),Annual,Units,Normal value,Public,1155.3540261389912,1197.5135286233617,1245.675086484635,1310.4662325067313,1413.635192576897,1477.3181563709866,1564.3558249062696,1639.5836568684026,1749.16950884481,1900.838325396274,1924.7553142192266,1974.1029052510137,2066.651374800001,2176.3766139168456,2153.310432606867,2189.2385183060032,2243.1996325526097,2323.8563702921033,2421.6657744906825,2526.427254578628,2582.577217327094,2661.2389400650227,2727.5426449922156,2801.3011269652143,2930.7201275067528,3052.6853131517587,3154.0494861177935,3299.561181976926,3496.1091551487893,3618.0506154946484,3746.079732698485,3870.8408682658483,3980.69809521017,4094.0360132819505,4252.827855415417,4434.316676094617,4627.04825790461,4767.946010134194,4727.579695344362,4857.351383503688,5077.9849259740895,5196.787546746682,5382.253600756021,5602.524595330885,5886.189383895654,6190.68887546982,6545.034692724119,6985.439934945328,7239.9053733991195,7370.019561203299,7876.598645989487,8240.199114555924,8603.623426390604,8985.011771574213,9355.531498997116,9730.64405529046,10109.961627069459,10544.536475192432,10985.55600701038,11370.449944989956,11313.832501514824,12018.116095976426,12361.438572747946,12838.668157464494,13295.329301063024,13812.016209869207
datastructure,WB.DATA360:DS_DATA360(1.3),I,A,GRL,WB_WDI_NY_GDP_PCAP_KD,_T,_T,_T,USD_K_2015,_Z,_Z,_Z,_Z,CUR,2,WB_WDI,P1Y,0,A,PU,Annual,Greenland,GDP per capita (constant 2015 US$),Total,All age ranges or no breakdown by age,Total,"US dollars, 2015 constant prices",Not Applicable,Not Applicable,Not Applicable,Not Applicable,Currency,Two,World Development Indicators (WDI),Annual,Units,Normal value,Public,,,,,,,,,,,15375.186663829947,17088.684449983382,17731.07502923354,18667.312822819706,19533.198751507527,19619.79417522424,20747.149687761805,22714.639146206726,24179.20626796112,25149.98870184305,27005.32596689714,26758.5557170795,25327.608421671994,25901.473974551165,24280.258121533094,24931.49684748382,26551.240600160345,27705.062096619848,28883.81814646397,30528.801562140627,26805.549697444243,26823.378375534023,25544.299263319437,24303.898288863493,25604.595688324684,26416.51650283677,26772.61381417616,27117.373294579575,29169.046581268412,29570.962336936536,31623.059150194324,31914.171096448135,31483.60747800938,32787.9680355213,34961.93560972569,36681.80558906187,38828.85249432221,39896.87536409396,42527.66684697657,42899.744198586246,43481.51610878045,42994.87908747395,43655.700466425464,43338.383924690716,45545.142941491664,44536.35497053773,46561.78314340133,46597.94524703485,47012.9860350276,48170.7896955512,48169.940695738886,48709.93397588946,49679.33654148947,49929.77554286051,,
datastructure,WB.DATA360:DS_DATA360(1.3),I,A,KGZ,WB_WDI_NY_GDP_PCAP_KD,_T,_T,_T,USD_K_2015,_Z,_Z,_Z,_Z,CUR,2,WB_WDI,P1Y,0,A,PU,Annual,Kyrgyz Republic,GDP per capita (constant 2015 US$),Total,All age ranges or no breakdown by age,Total,"US dollars, 2015 constant prices",Not Applicable,Not Applicable,Not Applicable,Not Applicable,Currency,Two,World Development Indicators (WDI),Annual,Units,Normal value,Public,,,,,,,,,,,,,,,,,,,,,,,,,,,1022.8666044910193,1036.7101298442726,1153.0250658362868,1160.676080730075,1203.4720827944805,1089.9000545100296,928.3155205509397,784.5649192013155,627.2209899301228,587.2981806672284,619.6677686150013,671.2500081630596,675.0582481475751,689.4142782054639,718.3428323976618,749.423779561565,742.4430011183196,786.3504749641338,831.4821039443813,820.7095194375921,837.1380266473458,900.0279648972895,966.4099711848173,981.220904665529,962.7647898287244,1005.4831781814983,985.8472865972002,1069.7840443871623,1088.5821422950764,1105.6519384426072,1128.3161612818033,1157.182757580675,1175.0712778746959,1201.8770142972057,1093.328564614224,1132.5546781282012,1212.1781272176838,1298.2572448221135,1423.5862465054083,1555.444495504802
datastructure,WB.DATA360:DS_DATA360(1.3),I,A,SWZ,WB_WDI_NY_GDP_PCAP_KD,_T,_T,_T,USD_K_2015,_Z,_Z,_Z,_Z,CUR,2,WB_WDI,P1Y,0,A,PU,Annual,Eswatini,GDP per capita (constant 2015 US$),Total,All age ranges or no breakdown by age,Total,"US dollars, 2015 constant prices",Not Applicable,Not Applicable,Not Applicable,Not Applicable,Currency,Two,World Development Indicators (WDI),Annual,Units,Normal value,Public,,,,,,,,,,,904.7582889404838,1001.9298418637663,1027.6928354047498,1089.387915598198,1119.3600375022877,1238.1635059754385,1175.6631063091525,1150.1317529855853,1127.6275912989593,1124.8878546555354,1223.7010122456045,1357.0074615163219,1328.0403803237507,1300.554478940599,1336.4262957089325,1337.1929593298735,1442.888396408416,1590.6893711170044,1618.9193448016695,1745.025687742295,2027.9748189335696,1982.4152174278431,1969.9608251761258,1972.803406295297,2020.3848181645199,2119.581636122736,2157.8613443839213,2187.69829843414,2216.008967773968,2256.7691298440245,2273.046837610558,2283.9831681536107,2358.569356434677,2448.83792077995,2522.1434209716667,2658.7518050818708,2823.4872821540225,2928.468458230149,2950.673343621323,2973.834569123791,3069.5217572588367,3108.7022525309217,3218.5013820549298,3332.119839279124,3381.7929207129114,3419.822765595284,3500.176888479416,3596.2360540049212,3565.54285067501,3759.6710696466635,3609.3669136859003,3719.0383823980596,3695.649571795481,3790.1657678809142,3866.3712792669476,3985.704118910321
datastructure,WB.DATA360:DS_DATA360(1.3),I,A,USA,WB_WDI_NY_GDP_PCAP_KD,_T,_T,_T,USD_K_2015,_Z,_Z,_Z,_Z,CUR,2,WB_WDI,P1Y,0,A,PU,Annual,United States,GDP per capita (constant 2015 US$),Total,All age ranges or no breakdown by age,Total,"US dollars, 2015 constant prices",Not Applicable,Not Applicable,Not Applicable,Not Applicable,Currency,Two,World Development Indicators (WDI),Annual,Units,Normal value,Public,18991.544599855435,19108.93536181957,19965.143574016773,20545.78424489276,21437.584070734465,22526.20551539318,23714.93903033582,24044.565128802762,24948.356900389736,25471.61617943521,25231.127158752086,25734.482831775065,26798.533610684735,28042.551918190267,27637.299775610343,27309.868818305942,28509.143059318933,29528.966368227462,30834.99923228617,31462.100388210813,31081.621632210623,31559.12933761052,30696.083438260805,31810.9216076638,33818.82355154496,34918.13020391723,35794.887774678384,36701.94538746124,37889.37734598272,38911.54189599588,39200.06580917616,38637.83981791042,39447.94728506058,40002.47622531977,41106.9881833481,41710.82072566675,42783.81657240945,44151.686041003464,45596.43068792235,47234.245529038126,48616.254628243456,48597.424612412215,48967.366121757645,49905.52330807881,51348.347338602456,52649.57130604606,53596.315236411974,54152.829267355075,53703.962897926984,51863.6183416558,52812.682986927946,53215.536231438804,54000.84107782172,54728.86017981196,55665.241118780155,56849.46979231594,57430.84992988035,58435.97075356194,59817.65567986123,61047.964823881244,59533.60902441603,63096.78561497462,64322.23328191388,65667.28158046801,66856.51316983705,67945.61464974271
datastructure,WB.DATA360:DS_DATA360(1.3),I,A,PRI,WB_WDI_NY_GDP_PCAP_KD,_T,_T,_T,USD_K_2015,_Z,_Z,_Z,_Z,CUR,2,WB_WDI,P1Y,0,A,PU,Annual,Puerto Rico,GDP per capita (constant 2015 US$),Total,All age ranges or no breakdown by age,Total,"US dollars, 2015 constant prices",Not Applicable,Not Applicable,Not Applicable,Not Applicable,Currency,Two,World Development Indicators (WDI),Annual,Units,Normal value,Public,6307.407292738858,6634.174604800369,7037.956909813739,7481.306375595103,7854.210724274672,8445.134869211577,8971.253004840444,9455.069637902065,9883.653915490278,10721.319425759655,11476.950423649045,12012.211918388832,12622.28375804789,13136.253476128373,13241.154419962517,12914.147028928963,13495.668114497377,14091.189082906078,14871.865302349166,15851.892276249198,16329.153469581035,16330.418426498123,15905.019422989288,15374.511775902238,16125.05699168401,16463.00212177125,17117.415761996224,17935.03493285952,18815.916531768664,19453.766922326267,18733.645253640545,19030.241535996905,19770.76846935892,20515.520725997816,21176.67017498138,21936.417911482662,22193.579132661926,23061.334494222152,24197.30974878876,25374.101701053023,26131.96306435837,27722.36718727482,27940.382621973382,27937.816592256746,30375.789575823674,29815.21642223097,29519.73867597289,29347.846004161343,28976.13105201585,28565.767919548998,28569.50770880013,28706.02075148563,28968.69421313524,29115.354916199616,29141.20386398165,29242.04146508496,29326.57487618734,29061.556380271104,28808.85186380254,29185.096996470664,28144.713741875992,28416.448937034576,29643.639627999415,30012.90551094631,30978.747332033818,31249.73495321539
datastructure,WB.DATA360:DS_DATA360(1.3),I,A,BIH,WB_WDI_NY_GDP_PCAP_KD,_T,_T,_T,USD_K_2015,_Z,_Z,_Z,_Z,CUR,2,WB_WDI,P1Y,0,A,PU,Annual,Bosnia and Herzegovina,GDP per capita (constant 2015 US$),Total,All age ranges or no breakdown by age,Total,"US dollars, 2015 constant prices",Not Applicable,Not Applicable,Not Applicable,Not Applicable,Currency,Two,World Development Indicators (WDI),Annual,Units,Normal value,Public,,,,,,,,,,,,,,,,,,,,,,,,,,,,,,,791.4439703894516,715.9000611700438,705.2066685164286,748.1500271690406,871.398487189453,1013.2244443067062,1498.0059275225028,1974.0574211780024,2262.0326363938293,2452.8518837791876,2567.3413709461875,2617.1823035081184,2743.1387861583803,2855.683149398492,3063.8354344893637,3217.813416153448,3419.758874571924,3665.0896652949905,3929.032977173364,3877.5354007845613,3981.2098569203235,4094.2532954187673,4139.917327736571,4306.731750722136,4412.676178177339,4662.258692194478,4876.5347149563295,5099.81602856447,5360.252010176329,5583.297212764579,5490.753666351392,5995.541975904936,6327.162068491737,6493.324005144626,6746.953665472491,6943.582512845342
datastructure,WB.DATA360:DS_DATA360(1.3),I,A,LKA,WB_WDI_NY_GDP_PCAP_KD,_T,_T,_T,USD_K_2015,_Z,_Z,_Z,_Z,CUR,2,WB_WDI,P1Y,0,A,PU,Annual,Sri Lanka,GDP per capita (constant 2015 US$),Total,All age ranges or no breakdown by age,Total,"US dollars, 2015 constant prices",Not Applicable,Not Applicable,Not Applicable,Not Applicable,Currency,Two,World Development Indicators (WDI),Annual,Units,Normal value,Public,,659.3008226769248,667.9828213056288,668.2402964433064,677.5060133423069,677.9220464293943,694.9843058022205,722.0826317049755,745.8251893302788,784.8044055114244,796.8683673418923,790.2519319833408,771.1996898136006,809.7147929930962,825.3863388348095,860.2224946308522,872.947233120004,900.9769725687428,934.5710570541328,976.0362902417432,1014.4236189324782,1054.3856644486887,1084.6095701209692,1129.2707205394797,1182.7752625258593,1233.7341803135039,1272.1573375178425,1279.0422311568561,1297.4596160196602,1313.410600503005,1388.589515679633,1441.6299654440106,1481.331098550232,1556.8846716976843,1620.2912074759593,1681.3505289887928,1712.0081548793978,1787.4101765680564,1836.3894592447966,1880.1067768197433,1956.9331002117674,1896.4825138529072,1951.2252241819929,2052.0304470140304,2149.1062819276494,2268.6880085282037,2426.348728268223,2573.54361719411,2708.585937243766,2787.273504637366,2993.014109603022,3232.373497864348,3484.7904839265348,3728.9358596208276,3929.9206130790935,4057.7158271652147,4214.741172173815,4436.007891310289,4493.035746175341,4455.781887881433,4227.233145301671,4357.97224978578,4033.1456030674426,3977.1356499508515,4198.745137278984,4439.135566084793
datastructure,WB.DATA360:DS_DATA360(1.3),I,A,CIV,WB_WDI_NY_GDP_PCAP_KD,_T,_T,_T,USD_K_2015,_Z,_Z,_Z,_Z,CUR,2,WB_WDI,P1Y,0,A,PU,Annual,Côte d’Ivoire,GDP per capita (constant 2015 US$),Total,All age ranges or no breakdown by age,Total,"US dollars, 2015 constant prices",Not Applicable,Not Applicable,Not Applicable,Not Applicable,Currency,Two,World Development Indicators (WDI),Annual,Units,Normal value,Public,1495.1674675419372,1584.7970080204684,1544.7308407717533,1701.850981161555,1925.7818518302233,1795.1544652520683,1927.0129124016269,1939.0957400260522,2099.199405405866,2209.89957239449,2340.3106520563565,2453.146527854894,2445.0761127619444,2475.0267703928725,2466.819985222381,2551.2970644557004,2765.8677207908277,2861.158768094494,3055.940304793392,3010.6607475213686,2576.9166009572887,2562.4259192337295,2466.303637829419,2276.867000170612,2128.6419047801487,2138.0601118861787,2123.07460132975,2035.62090959375,1981.388774517722,1962.4217000380386,1866.0785698741042,1794.1206256691842,1719.7126133516329,1649.4703618361893,1598.6923905581348,1647.0877707550433,1706.9765001448511,1801.13163122133,1808.4228902798568,1770.8654038935695,1717.9538565123084,1636.5731870521795,1551.279259028382,1441.5880175503685,1451.8654714189363,1431.7332020311126,1437.7745379858582,1420.1738958245014,1454.627318000822,1473.9183699329042,1540.5292727024596,1426.4646386453364,1503.4343304668153,1632.3271278700586,1742.5369300117768,1814.7185508801674,1889.277779499377,1972.8143178894707,2013.323075984985,2093.0999433577913,2055.0848399643223,2146.460475290115,2227.0819782058425,2315.3643471032387,2395.6591696184546,2490.7492279187527
datastructure,WB.DATA360:DS_DATA360(1.3),I,A,SUR,WB_WDI_NY_GDP_PCAP_KD,_T,_T,_T,USD_K_2015,_Z,_Z,_Z,_Z,CUR,2,WB_WDI,P1Y,0,A,PU,Annual,Suriname,GDP per capita (constant 2015 US$),Total,All age ranges or no breakdown by age,Total,"US dollars, 2015 constant prices",Not Applicable,Not Applicable,Not Applicable,Not Applicable,Currency,Two,World Development Indicators (WDI),Annual,Units,Normal value,Public,3940.0813479359044,3994.8956957143064,3988.1114002783834,4025.3976116456906,4120.48612086465,4456.897029510048,5133.974973131571,5561.308098763699,5782.536613818481,5840.34086091936,5799.867222815838,5834.024867295044,5719.042376614222,5639.385797905574,5692.088519037538,5888.953962981073,6454.721479507164,7172.621071280236,7717.4633337656805,7750.388850626871,7110.251415399859,7613.416137600268,7272.423773427969,6948.369883860053,6754.874164351618,6804.8823532958895,6765.644547524312,6272.929385522461,6672.845581736208,6847.857425867962,6474.955711621206,6609.401341001197,6594.904149491504,6127.177640986583,6290.157496316789,6184.283442286196,6114.83571706509,6330.137182483529,6343.513447665356,6127.310357398755,6128.31602380553,6255.552741856872,6301.317310431669,6567.843098768473,7021.989199243381,7261.817135019604,7599.35696921481,7897.256489158281,8129.1146465944585,8276.690797687932,8603.907867458549,9003.285976748855,9140.928986115361,9303.460087758094,9224.243784105467,8813.61705392067,8293.315530314065,8338.692354018622,8666.648706977967,8677.305220217315,7213.10766669943,6973.8994186811515,7081.333573257831,7186.473081441445,7246.257682214954,7313.618903878911
datastructure,WB.DATA360:DS_DATA360(1.3),I,A,BLR,WB_WDI_NY_GDP_PCAP_KD,_T,_T,_T,USD_K_2015,_Z,_Z,_Z,_Z,CUR,2,WB_WDI,P1Y,0,A,PU,Annual,Belarus,GDP per capita (constant 2015 US$),Total,All age ranges or no breakdown by age,Total,"US dollars, 2015 constant prices",Not Applicable,Not Applicable,Not Applicable,Not Applicable,Currency,Two,World Development Indicators (WDI),Annual,Units,Normal value,Public,,,,,,,,,,,,,,,,,,,,,,,,,,,,,,,2888.812965824858,2852.8308592488825,2573.2995510321516,2372.485169103846,2097.381870075029,1885.360626601857,1944.6870051297592,2175.403741801539,2368.783308778506,2460.3694419579847,2615.3637679946214,2753.033697069698,2910.399374841528,3137.2626143057523,3520.404526425238,3877.7173891128928,4291.686471632643,4682.206767190422,5177.645347756758,5200.774185554225,5616.094117330698,5941.689991562393,6052.637370623595,6115.432880987073,6212.916674186595,5967.0559505877745,5811.201591825471,5964.896688345611,6165.913200192767,6267.735087435055,6251.9889896864515,6457.730537063426,6206.61909685419,6497.78450683592,6814.344434235459,6938.363358585373
datastructure,WB.DATA360:DS_DATA360(1.3),I,A,MKD,WB_WDI_NY_GDP_PCAP_KD,_T,_T,_T,USD_K_2015,_Z,_Z,_Z,_Z,CUR,2,WB_WDI,P1Y,0,A,PU,Annual,North Macedonia,GDP per capita (constant 2015 US$),Total,All age ranges or no breakdown by age,Total,"US dollars, 2015 constant prices",Not Applicable,Not Applicable,Not Applicable,Not Applicable,Currency,Two,World Development Indicators (WDI),Annual,Units,Normal value,Public,,,,,,,,,,,,,,,,,,,,,,,,,,,,,,,3534.322650955459,3328.6395084797655,3146.022354591661,2948.2715175227486,2917.0589461134173,2876.072228781701,2889.885163537777,2954.5238308874996,3038.1398338256863,3154.849182400057,3283.3793409535137,3169.3251436893106,3240.11064526089,3307.92040834712,3473.765448114508,3657.563076992162,3866.7465062297724,4140.633548093642,4392.550716415098,4405.200457508667,4582.36517512347,4711.130278700812,4708.051685359227,4863.680886669677,5053.750012363666,5262.686719286744,5429.946783583586,5510.81862920922,5698.393344844888,5961.5847539919105,5743.726494245812,6064.923151200224,6250.627209520625,6423.992213933695,6628.846865940321,6872.996497336021
datastructure,WB.DATA360:DS_DATA360(1.3),I,A,MIC,WB_WDI_NY_GDP_PCAP_KD,_T,_T,_T,USD_K_2015,_Z,_Z,_Z,_Z,CUR,2,WB_WDI,P1Y,0,A,PU,Annual,Middle income,GDP per capita (constant 2015 US$),Total,All age ranges or no breakdown by age,Total,"US dollars, 2015 constant prices",Not Applicable,Not Applicable,Not Applicable,Not Applicable,Currency,Two,World Development Indicators (WDI),Annual,Units,Normal value,Public,830.0317375189875,828.543469041221,840.0808514061582,859.4821041511995,907.5345161763377,939.962727334815,961.547785392156,968.3690300437363,1003.3275348996343,1057.65994356473,1115.1225339744046,1154.5266015503637,1197.1963148490343,1251.5083741718965,1296.1824725181893,1322.4269759526464,1376.8179459140765,1411.3979106142156,1434.7953862662102,1470.4575406683705,1506.7681862494276,1502.6902860197536,1513.5379394970034,1503.2422816187836,1543.1481268173732,1579.5296144513306,1604.9585458992526,1644.9556683961853,1678.4144388192153,1692.375731322941,1713.1465150845636,1731.1277693116447,1774.3220458369804,1831.7711370195827,1893.684536837855,1948.228120618081,2035.5219635346123,2116.670731649337,2151.749000366444,2195.8839104702924,2284.573797228845,2333.7499198409,2409.0402638791747,2515.3913388783553,2675.1896130951927,2835.73705982702,3031.323956054965,3259.6721070925582,3410.3164738769665,3501.3981704728826,3738.483558812775,3930.184096352821,4099.738641419488,4276.701367159664,4441.953185284477,4597.6047495828125,4758.473262482741,4954.256585920793,5143.808042068154,5300.454793475844,5189.157008514407,5529.075940772671,5707.56983867332,5930.653000147838,6143.927939924139,6370.1747216913545
datastructure,WB.DATA360:DS_DATA360(1.3),I,A,IRN,WB_WDI_NY_GDP_PCAP_KD,_T,_T,_T,USD_K_2015,_Z,_Z,_Z,_Z,CUR,2,WB_WDI,P1Y,0,A,PU,Annual,"Iran, Islamic Rep.",GDP per capita (constant 2015 US$),Total,All age ranges or no breakdown by age,Total,"US dollars, 2015 constant prices",Not Applicable,Not Applicable,Not Applicable,Not Applicable,Currency,Two,World Development Indicators (WDI),Annual,Units,Normal value,Public,2345.1108721296496,2512.117910064546,2629.728193410929,2729.8065512236167,2870.3801257981954,3255.5013577421632,3518.616218182742,3797.0769667717477,4215.936732346128,4726.092521572036,5085.756816768354,5612.363015108448,6240.700773725916,6511.65454254456,6688.445213221374,6468.122394887619,7422.12860861168,6996.184314068788,5901.81296035878,5016.914867899351,3793.354296882124,3394.343581720673,3965.2755047044475,4236.716810894063,3788.977628582018,3720.5326227316937,3234.885431318026,3115.618031770179,2833.187577915477,2920.369311323442,3222.2010270447854,3534.653964172554,3579.7322178624563,3514.5196657466136,3448.2595688152696,3492.1720496948205,3674.032686027598,3679.275349129625,3704.5656304309155,3725.317458287724,3885.3018336064865,3917.299354890156,4198.953560807271,4511.431340344584,4607.4516908820915,4650.3584149070775,4778.7934584732,5084.717960436231,5035.940085336179,5023.893143629412,5249.061333697586,5321.7587074445255,5058.646378118354,4916.972919484754,5093.203197021866,4952.733555321775,5312.6172495419205,5395.239839859798,5127.224953670179,4952.456690810781,5132.824307621181,5300.622719618949,5465.314475394131,5687.843962687416,5834.442969398629,5617.421667709177
datastructure,WB.DATA360:DS_DATA360(1.3),I,A,SLE,WB_WDI_NY_GDP_PCAP_KD,_T,_T,_T,USD_K_2015,_Z,_Z,_Z,_Z,CUR,2,WB_WDI,P1Y,0,A,PU,Annual,Sierra Leone,GDP per capita (constant 2015 US$),Total,All age ranges or no breakdown by age,Total,"US dollars, 2015 constant prices",Not Applicable,Not Applicable,Not Applicable,Not Applicable,Currency,Two,World Development Indicators (WDI),Annual,Units,Normal value,Public,884.0571096771238,886.0385790440359,911.2397201411786,911.1614750610119,955.1816985104192,1005.4038059909501,1003.802653596234,985.4557772509991,986.4407321905907,1050.4937914685124,1119.6292078636895,1137.0805549749552,1126.4585522458228,1130.7581763036412,1148.8917972973954,1146.7871652218216,1121.2207139080929,1101.189951505957,1106.119413934638,1133.6803754016062,1165.1278326971867,1174.700235395923,1205.8642925950423,1155.598562155904,1176.832940821108,1089.9241166793347,1076.7781884842875,1124.0899576434813,1016.6831806895209,998.8402202541232,992.2593519033984,1003.7723819105636,828.5160344630306,841.7704380783124,822.2183098192448,755.343467472038,764.924518087367,710.7437883525381,716.3460329392559,698.5480635780494,727.2409146325964,642.0366458443037,766.7886937429009,806.0664890121444,829.7597689283039,842.9060309049024,859.8242607149655,872.6883623461399,882.5414781786799,872.2395935248096,902.7698914113942,950.7607630545934,1025.043660045016,1146.8197345647545,1032.2378935590461,964.5759808889885,1002.7786228201277,1010.5469407120731,1015.6678297204992,1046.9677807859402,1010.2529461475721,1045.766161575796,1077.0888453850719,1113.868375006968,1137.2900564813099,1165.724082719629
datastructure,WB.DATA360:DS_DATA360(1.3),I,A,CHN,WB_WDI_NY_GDP_PCAP_KD,_T,_T,_T,USD_K_2015,_Z,_Z,_Z,_Z,CUR,2,WB_WDI,P1Y,0,A,PU,Annual,China,GDP per capita (constant 2015 US$),Total,All age ranges or no breakdown by age,Total,"US dollars, 2015 constant prices",Not Applicable,Not Applicable,Not Applicable,Not Applicable,Currency,Two,World Development Indicators (WDI),Annual,Units,Normal value,Public,241.38266144694757,177.34952929073273,166.08516531096117,178.74459923282816,206.3945930997302,235.6982683538042,253.63114466215833,232.93104491501663,217.62409400372712,247.61125858599874,287.35385428324304,299.3054074041378,303.16676433659757,319.3173461937326,320.0134761052695,341.827004315989,331.2942136816813,351.5495474588723,386.1670535956218,409.9900648922197,436.6283250646329,453.1196848211746,486.78889753406855,531.4895020163561,604.253640849507,676.1259610439228,725.7218953345666,797.4162243314952,872.7283179881862,895.614384005007,917.1878871772047,989.5852786748455,1117.2953388296821,1258.3414267661897,1406.9739336506368,1545.0789784810474,1681.4574126944283,1819.0795408130634,1944.4671862642367,2076.9318025991406,2237.3004791869166,2405.9941185804196,2610.662750704443,2856.8505329321865,3127.914448923372,3465.7276706764223,3883.2746437081596,4409.6970944598625,4811.3448634626175,5237.788099823767,5764.650123663753,6275.716342888141,6723.09003744607,7197.937319496001,7686.373695204032,8175.332850773929,8679.225288050411,9221.350456398422,9798.578905664015,10356.292489058234,10573.37940642114,11469.317451451188,11830.298767860957,12483.979110124916,13119.1076099516,13793.205619699585
datastructure,WB.DATA360:DS_DATA360(1.3),I,A,MRT,WB_WDI_NY_GDP_PCAP_KD,_T,_T,_T,USD_K_2015,_Z,_Z,_Z,_Z,CUR,2,WB_WDI,P1Y,0,A,PU,Annual,Mauritania,GDP per capita (constant 2015 US$),Total,All age ranges or no breakdown by age,Total,"US dollars, 2015 constant prices",Not Applicable,Not Applicable,Not Applicable,Not Applicable,Currency,Two,World Development Indicators (WDI),Annual,Units,Normal value,Public,,1261.4412359710757,1236.9598279543234,1179.5278378712258,1464.303094552427,1652.281520897622,1607.9544685114483,1616.0651361705602,1727.6724689531063,1696.745423210054,1843.0127819563784,1820.8585875310355,1753.9031582870273,1624.164989377366,1768.3115294470708,1628.7411385057935,1716.8514333130345,1636.77484526533,1582.97502208818,1612.4373704664993,1620.1123967042663,1628.6832778897942,1545.4401640140827,1557.6991282313643,1464.639454704796,1465.5947189251156,1505.3529158983208,1490.418557253811,1472.8903662452421,1504.9914838103405,1441.3501321463687,1424.8845274987018,1397.090169271433,1420.5148724775852,1331.0472187635307,1422.198465662401,1475.4882159582128,1384.6207217296508,1386.6553514380134,1399.6677525751982,1307.9107867611153,1265.8169433588193,1255.237854655825,1311.8392829069912,1342.0192608699779,1422.0835539581242,1641.140522109945,1567.521038747611,1518.0567199374925,1472.7322928285143,1463.8476324253104,1476.2392386786178,1492.6996669258258,1506.664190330063,1524.453409695022,1558.8420547341607,1531.8772566169923,1580.01453100123,1606.9153915902616,1609.15396170643,1557.1951187515308,1524.1175350230887,1580.7039152874677,1638.9922158302293,1692.8416608884343,1712.7799312907584
datastructure,WB.DATA360:DS_DATA360(1.3),I,A,SYC,WB_WDI_NY_GDP_PCAP_KD,_T,_T,_T,USD_K_2015,_Z,_Z,_Z,_Z,CUR,2,WB_WDI,P1Y,0,A,PU,Annual,Seychelles,GDP per capita (constant 2015 US$),Total,All age ranges or no breakdown by age,Total,"US dollars, 2015 constant prices",Not Applicable,Not Applicable,Not Applicable,Not Applicable,Currency,Two,World Development Indicators (WDI),Annual,Units,Normal value,Public,3169.8719362006036,2931.5229587246504,3094.8232330336887,3322.942604965926,3432.560454946264,3311.9310501945324,3679.3005074687276,3608.075149414372,3787.7870861571673,3698.7435283788905,3934.1074593744192,4466.487021532415,4635.195300464868,4978.196661049696,4952.094336566785,4992.67635279626,5689.075064888808,5226.172704518456,6294.513802489046,7226.368411567413,6795.4421344315315,6453.04441345632,6282.312433634728,6251.16837292603,6481.833122521846,7091.31069778707,7100.9373535838695,7137.556035866322,7489.740299236445,8210.906969533371,8779.852313373782,8902.837987762658,9497.755410708398,9981.244603515805,9481.880526577695,9388.819677207426,10177.090467169593,11284.845976659804,11339.348129704647,11326.938608306265,11703.753524611737,11427.941308301515,11218.260646431501,10677.96920812724,10412.086893602744,11297.311819049313,12105.44752655577,13112.821009881634,12473.292176912148,12116.37836879766,12313.556691924936,13843.711608187765,14135.001057065338,14050.313558131418,14395.615811877102,15333.105172710513,16962.675397273124,17921.57319769184,18628.186227669597,19481.64610537415,17048.36172978795,17005.04220636792,15471.210957541763,16286.855786767292,16612.637486545176,17378.777780150303
datastructure,WB.DATA360:DS_DATA360(1.3),I,A,ECA,WB_WDI_NY_GDP_PCAP_KD,_T,_T,_T,USD_K_2015,_Z,_Z,_Z,_Z,CUR,2,WB_WDI,P1Y,0,A,PU,Annual,Europe & Central Asia (excluding high income),GDP per capita (constant 2015 US$),Total,All age ranges or no breakdown by age,Total,"US dollars, 2015 constant prices",Not Applicable,Not Applicable,Not Applicable,Not Applicable,Currency,Two,World Development Indicators (WDI),Annual,Units,Normal value,Public,,,,,,,,,,,,,,,,,,,,,,,,,,,,3452.241395357102,3517.8057698404746,3514.436506094631,3568.619295891607,3370.6734450593053,3182.8487417024985,3098.391194732575,2777.411136330329,2793.5014821681543,2888.075399575766,3036.619083198896,3093.017401227774,3051.9938190308985,3245.885346478659,3234.6604999775077,3426.158227293956,3636.013404867533,3966.815450883514,4286.86707967653,4618.328061431096,4937.159206729594,5057.302624890271,4846.2122345942835,5149.805529591396,5534.974317360669,5714.9071266764595,6037.245313247262,6178.944747904583,6338.807410192549,6462.344645005449,6792.21425054227,6989.624638830408,7109.904573454482,7080.0362508298995,7690.469914225008,7972.628076894237,8435.753811069553,8719.249736816699,8982.015348117995
datastructure,WB.DATA360:DS_DATA360(1.3),I,A,SSA,WB_WDI_NY_GDP_PCAP_KD,_T,_T,_T,USD_K_2015,_Z,_Z,_Z,_Z,CUR,2,WB_WDI,P1Y,0,A,PU,Annual,Sub-Saharan Africa (excluding high income),GDP per capita (constant 2015 US$),Total,All age ranges or no breakdown by age,Total,"US dollars, 2015 constant prices",Not Applicable,Not Applicable,Not Applicable,Not Applicable,Currency,Two,World Development Indicators (WDI),Annual,Units,Normal value,Public,1157.5452729181184,1142.2690262024523,1182.0023103077203,1225.0052254860655,1253.8368393045387,1279.4584805995341,1272.2651109529259,1230.2341191450132,1235.777293686481,1311.6313530897098,1376.495189636156,1443.2012406588572,1446.460983031168,1467.5466612260593,1534.2390528234519,1488.1071396189975,1521.4528153887786,1520.6852718877606,1474.2700288253125,1486.7594249321562,1497.5847247643644,1441.6312586315703,1381.0327822558052,1306.6349680813794,1298.3323260363704,1286.50648499736,1273.2542040873134,1273.2301873896824,1292.894403629139,1285.9270173591278,1278.834202914075,1249.4702378292,1210.1111881885895,1165.035996662906,1146.172618414666,1153.346659937432,1180.5597114031486,1196.6454557063305,1194.6073467607293,1188.5461230485394,1197.1522905985446,1214.7665605998268,1258.2042152852798,1275.3040078455972,1324.1988366139888,1365.916687533918,1409.445679490825,1455.6945443803463,1489.6962030945697,1494.7815294570592,1542.3393580303423,1564.9736070068377,1573.5555465600357,1611.8543754203408,1642.9024199861278,1646.0730008512912,1624.0019962079298,1621.4388532882622,1623.1531134671739,1621.676479150895,1528.6020970435486,1543.8329488543905,1566.664365963424,1570.0053036533254,1587.5260881261859,1613.535490579867
datastructure,WB.DATA360:DS_DATA360(1.3),I,A,ARB,WB_WDI_NY_GDP_PCAP_KD,_T,_T,_T,USD_K_2015,_Z,_Z,_Z,_Z,CUR,2,WB_WDI,P1Y,0,A,PU,Annual,Arab World,GDP per capita (constant 2015 US$),Total,All age ranges or no breakdown by age,Total,"US dollars, 2015 constant prices",Not Applicable,Not Applicable,Not Applicable,Not Applicable,Currency,Two,World Development Indicators (WDI),Annual,Units,Normal value,Public,,,,,,,2399.8808773478722,2491.1065194097246,2681.506881510719,2799.160167364051,3343.738693783531,3493.0543044926135,3868.089842224691,4255.420943326463,4565.594791138665,4425.981715314776,4900.638615567515,5062.371914270704,5043.274726604765,5387.817259141588,5531.268381003158,5403.327025946078,4925.4180250973295,4593.456497545909,4507.189757240864,4333.744781673994,4171.513240447756,4059.1218380677406,4077.686165773531,4120.6737838127,4299.762371875845,4172.378958443519,4334.43634376787,4352.860778036476,4377.187220630612,4387.705188105073,4488.048159904192,4620.869850611943,4725.563391332071,4741.991539270079,4922.115201997607,4907.2118657784185,4853.129781715967,4939.5513402401775,5264.5154617773405,5427.8424327841585,5632.363441177138,5746.68567268712,5915.861361251161,5810.7114165913645,5965.715717213649,6054.000455742469,6235.423375382681,6234.274858215892,6247.363711972988,6299.878076855519,6375.4544164545605,6332.008818887432,6386.550057291427,6377.12720480427,5914.314080364405,6083.571989470263,6361.380844425344,6322.0255833111405,6311.253291012556,6403.695033570383
