STRUCTURE,STRUCTURE_ID,ACTION,FREQ,REF_AREA,INDICATOR,SEX,AGE,URBANISATION,UNIT_MEASURE,COMP_BREAKDOWN_1,COMP_BREAKDOWN_2,COMP_BREAKDOWN_3,AGG_METHOD,UNIT_TYPE,DECIMALS,DATABASE_ID,TIME_FORMAT,UNIT_MULT,OBS_STATUS,OBS_CONF,FREQ_LABEL,REF_AREA_LABEL,INDICATOR_LABEL,SEX_LABEL,AGE_LABEL,URBANISATION_LABEL,UNIT_MEASURE_LABEL,COMP_BREAKDOWN_1_LABEL,COMP_BREAKDOWN_2_LABEL,COMP_BREAKDOWN_3_LABEL,AGG_METHOD_LABEL,UNIT_TYPE_LABEL,DECIMALS_LABEL,DATABASE_ID_LABEL,TIME_FORMAT_LABEL,UNIT_MULT_LABEL,OBS_STATUS_LABEL,OBS_CONF_LABEL,1990,1991,1992,1993,1994,1995,1996,1997,1998,1999,2000,2001,2002,2003,2004,2005,2006,2007,2008,2009,2010,2011,2012,2013,2014,2015,2016,2017,2018,2019,2020,2021,2022,2023
datastructure,WB.DATA360:DS_DATA360(1.3),I,A,ITA,WB_WDI_EG_ELC_ACCS_ZS,_T,_T,_T,PT_POP,_Z,_Z,_Z,_Z,RATIO,2,WB_WDI,P1Y,0,A,PU,Annual,Italy,Access to electricity (% of population),Total,All age ranges or no breakdown by age,Total,Percentage of population,Not Applicable,Not Applicable,Not Applicable,Not Applicable,Ratio,Two,World Development Indicators (WDI),Annual,Units,Normal value,Public,100.0,100.0,100.0,100.0,100.0,100.0,100.0,100.0,100.0,100.0,100.0,100.0,100.0,100.0,100.0,100.0,100.0,100.0,100.0,100.0,100.0,100.0,100.0,100.0,100.0,100.0,100.0,100.0,100.0,100.0,100.0,100.0,100.0,100.0
datastructure,WB.DATA360:DS_DATA360(1.3),I,A,BTN,WB_WDI_EG_ELC_ACCS_ZS,_T,_T,_T,PT_POP,_Z,_Z,_Z,_Z,RATIO,2,WB_WDI,P1Y,0,A,PU,Annual,Bhutan,Access to electricity (% of population),Total,All age ranges or no breakdown by age,Total,Percentage of population,Not Applicable,Not Applicable,Not Applicable,Not Applicable,Ratio,Two,World Development Indicators (WDI),Annual,Units,Normal value,Public,,,,,,,,,,,31.2,40.2,44.1,41.1,51.9,59.8,59.7,71.8,67.6,71.5,73.3,81.8,91.5,87.4,91.4,95.4,99.3,97.7,100.0,100.0,100.0,100.0,100.0,100.0
datastructure,WB.DATA360:DS_DATA360(1.3),I,A,SDN,WB_WDI_EG_ELC_ACCS_ZS,_T,_T,_T,PT_POP,_Z,_Z,_Z,_Z,RATIO,2,WB_WDI,P1Y,0,A,PU,Annual,Sudan,Access to electricity (% of population),Total,All age ranges or no breakdown by age,Total,Percentage of population,Not Applicable,Not Applicable,Not Applicable,Not Applicable,Ratio,Two,World Development Indicators (WDI),Annual,Units,Normal value,Public,32.8,26.9192943572998,27.4086132049561,27.897253036499,28.3845348358154,28.8697834014893,29.35231590271,29.8314571380615,30.3065280914307,30.7767562866211,23.0,29.4,29.7,29.9,30.2,30.5,30.8,31.1,20.0,29.0,36.0,38.3,40.7,43.1,44.9,48.0,50.5,53.0,55.3,57.6,59.7,61.8,63.2,66.0
datastructure,WB.DATA360:DS_DATA360(1.3),I,A,EGY,WB_WDI_EG_ELC_ACCS_ZS,_T,_T,_T,PT_POP,_Z,_Z,_Z,_Z,RATIO,2,WB_WDI,P1Y,0,A,PU,Annual,"Egypt, Arab Rep.",Access to electricity (% of population),Total,All age ranges or no breakdown by age,Total,Percentage of population,Not Applicable,Not Applicable,Not Applicable,Not Applicable,Ratio,Two,World Development Indicators (WDI),Annual,Units,Normal value,Public,,,93.4,95.3922424316406,95.6485366821289,95.5,96.1543273925781,96.4024658203125,96.6465225219727,96.8857345581055,97.7,97.4,97.5,98.8,97.8,99.4,99.0,98.4,99.8,98.9,99.4,99.4,99.7,99.9,99.8,99.3,100.0,100.0,100.0,100.0,100.0,100.0,100.0,100.0
datastructure,WB.DATA360:DS_DATA360(1.3),I,A,MUS,WB_WDI_EG_ELC_ACCS_ZS,_T,_T,_T,PT_POP,_Z,_Z,_Z,_Z,RATIO,2,WB_WDI,P1Y,0,A,PU,Annual,Mauritius,Access to electricity (% of population),Total,All age ranges or no breakdown by age,Total,Percentage of population,Not Applicable,Not Applicable,Not Applicable,Not Applicable,Ratio,Two,World Development Indicators (WDI),Annual,Units,Normal value,Public,99.0415649414063,99.0706787109375,99.0996780395508,99.1280059814453,99.1549682617188,99.1798858642578,99.2020950317383,99.2208938598633,99.2356185913086,99.2455062866211,99.0,99.2,99.4,99.1,99.0,99.0,99.0,99.0,99.0,99.0,99.4,99.6,99.4,99.4,99.5,99.6,99.7,99.6,99.8,100.0,99.5,99.6,100.0,100.0
datastructure,WB.DATA360:DS_DATA360(1.3),I,A,UMC,WB_WDI_EG_ELC_ACCS_ZS,_T,_T,_T,PT_POP,_Z,_Z,_Z,_Z,RATIO,2,WB_WDI,P1Y,0,A,PU,Annual,Upper middle income,Access to electricity (% of population),Total,All age ranges or no breakdown by age,Total,Percentage of population,Not Applicable,Not Applicable,Not Applicable,Not Applicable,Ratio,Two,World Development Indicators (WDI),Annual,Units,Normal value,Public,,,,,,,,,,,93.38358928283503,93.82840663203595,94.41201990270082,94.58798974140373,95.3152544864712,95.0821595977721,96.00972700175359,96.09446858374233,96.61423810295234,97.12562953054004,97.64319515813355,97.9642268083969,98.133055889863,98.34215604221684,98.5568206636916,98.61851663268668,98.77568783227552,98.95311263072689,99.02839319054223,99.1399228186704,99.13957973523155,99.38720575920453,99.35376158144739,99.392898640485
datastructure,WB.DATA360:DS_DATA360(1.3),I,A,HKG,WB_WDI_EG_ELC_ACCS_ZS,_T,_T,_T,PT_POP,_Z,_Z,_Z,_Z,RATIO,2,WB_WDI,P1Y,0,A,PU,Annual,"Hong Kong SAR, China",Access to electricity (% of population),Total,All age ranges or no breakdown by age,Total,Percentage of population,Not Applicable,Not Applicable,Not Applicable,Not Applicable,Ratio,Two,World Development Indicators (WDI),Annual,Units,Normal value,Public,100.0,100.0,100.0,100.0,100.0,100.0,100.0,100.0,100.0,100.0,100.0,100.0,100.0,100.0,100.0,100.0,100.0,100.0,100.0,100.0,100.0,100.0,100.0,100.0,100.0,100.0,100.0,100.0,100.0,100.0,100.0,100.0,100.0,100.0
datastructure,WB.DATA360:DS_DATA360(1.3),I,A,ABW,WB_WDI_EG_ELC_ACCS_ZS,_T,_T,_T,PT_POP,_Z,_Z,_Z,_Z,RATIO,2,WB_WDI,P1Y,0,A,PU,Annual,Aruba,Access to electricity (% of population),Total,All age ranges or no breakdown by age,Total,Percentage of population,Not Applicable,Not Applicable,Not Applicable,Not Applicable,Ratio,Two,World Development Indicators (WDI),Annual,Units,Normal value,Public,100.0,99.1536560058594,99.1971282958984,99.2399139404297,100.0,100.0,100.0,100.0,100.0,100.0,91.7,100.0,100.0,100.0,100.0,100.0,100.0,100.0,100.0,100.0,93.4,100.0,100.0,100.0,100.0,100.0,100.0,100.0,100.0,100.0,100.0,100.0,99.9,100.0
datastructure,WB.DATA360:DS_DATA360(1.3),I,A,LAO,WB_WDI_EG_ELC_ACCS_ZS,_T,_T,_T,PT_POP,_Z,_Z,_Z,_Z,RATIO,2,WB_WDI,P1Y,0,A,PU,Annual,Lao PDR,Access to electricity (% of population),Total,All age ranges or no breakdown by age,Total,Percentage of population,Not Applicable,Not Applicable,Not Applicable,Not Applicable,Ratio,Two,World Development Indicators (WDI),Annual,Units,Normal value,Public,,,,31.0,25.6057929992676,25.0,31.2476997375488,34.0638961791992,36.8760108947754,39.6832847595215,42.6,45.3,46.3,48.0,53.5,57.2,57.0,55.0,66.0,67.4,70.2,70.0,76.4,79.3,82.5,89.7,89.0,93.6,92.9,98.4,99.3,100.0,100.0,96.5
datastructure,WB.DATA360:DS_DATA360(1.3),I,A,UZB,WB_WDI_EG_ELC_ACCS_ZS,_T,_T,_T,PT_POP,_Z,_Z,_Z,_Z,RATIO,2,WB_WDI,P1Y,0,A,PU,Annual,Uzbekistan,Access to electricity (% of population),Total,All age ranges or no breakdown by age,Total,Percentage of population,Not Applicable,Not Applicable,Not Applicable,Not Applicable,Ratio,Two,World Development Indicators (WDI),Annual,Units,Normal value,Public,,,,,,,99.6,99.3797454833984,99.449348449707,99.5141143798828,99.6,99.6,99.7,99.5,99.5,99.4,99.5,99.5,99.5,99.5,99.6,99.7,99.7,99.8,99.8,99.9,99.9,100.0,100.0,100.0,100.0,99.9,100.0,100.0
datastructure,WB.DATA360:DS_DATA360(1.3),I,A,IDX,WB_WDI_EG_ELC_ACCS_ZS,_T,_T,_T,PT_POP,_Z,_Z,_Z,_Z,RATIO,2,WB_WDI,P1Y,0,A,PU,Annual,IDA only,Access to electricity (% of population),Total,All age ranges or no breakdown by age,Total,Percentage of population,Not Applicable,Not Applicable,Not Applicable,Not Applicable,Ratio,Two,World Development Indicators (WDI),Annual,Units,Normal value,Public,,,,,,,,,,,25.91592056143979,26.506829488407305,28.50521318211713,29.901977543405643,30.321647359829225,31.309197063102406,34.584217283111755,34.419130893251946,35.84111981423203,37.3368109534318,38.219611041056574,39.58652332776895,42.30950507925064,42.99891873229349,44.51126931345774,46.707145666883875,50.66262580145936,54.14688527203135,54.94484891688989,56.73777646947331,58.23966538212166,59.74437183182864,60.2927396868726,61.922564012199864
datastructure,WB.DATA360:DS_DATA360(1.3),I,A,MEA,WB_WDI_EG_ELC_ACCS_ZS,_T,_T,_T,PT_POP,_Z,_Z,_Z,_Z,RATIO,2,WB_WDI,P1Y,0,A,PU,Annual,"Middle East, North Africa, Afghanistan & Pakistan",Access to electricity (% of population),Total,All age ranges or no breakdown by age,Total,Percentage of population,Not Applicable,Not Applicable,Not Applicable,Not Applicable,Ratio,Two,World Development Indicators (WDI),Annual,Units,Normal value,Public,,,,,,,,,,,82.56991390428875,83.27917617020066,83.60859793686984,84.5846166554136,84.98041011705332,85.9579036662094,87.65658230045628,87.15191140522003,88.09466098139656,88.74034285556,90.56081986149087,90.77615593471018,91.85412136653184,93.14796904164449,94.03209566772149,93.4360655461117,95.15876481974203,96.00124316919778,94.97068617122855,96.00870729846014,96.2621204422818,96.41666905536931,95.86379450149641,96.42263674352742
datastructure,WB.DATA360:DS_DATA360(1.3),I,A,MMR,WB_WDI_EG_ELC_ACCS_ZS,_T,_T,_T,PT_POP,_Z,_Z,_Z,_Z,RATIO,2,WB_WDI,P1Y,0,A,PU,Annual,Myanmar,Access to electricity (% of population),Total,All age ranges or no breakdown by age,Total,Percentage of population,Not Applicable,Not Applicable,Not Applicable,Not Applicable,Ratio,Two,World Development Indicators (WDI),Annual,Units,Normal value,Public,,,,,,,,,,,41.9,43.0,47.0,45.1,46.2,47.3,48.4,49.5,50.6,51.8,48.8,54.1,55.3,56.5,52.0,60.5,55.6,69.8,66.1,68.3,70.4,72.5,73.6,76.8
datastructure,WB.DATA360:DS_DATA360(1.3),I,A,FJI,WB_WDI_EG_ELC_ACCS_ZS,_T,_T,_T,PT_POP,_Z,_Z,_Z,_Z,RATIO,2,WB_WDI,P1Y,0,A,PU,Annual,Fiji,Access to electricity (% of population),Total,All age ranges or no breakdown by age,Total,Percentage of population,Not Applicable,Not Applicable,Not Applicable,Not Applicable,Ratio,Two,World Development Indicators (WDI),Annual,Units,Normal value,Public,,,,,,,66.9,71.7715148925781,73.0895843505859,74.4028167724609,76.8,77.7,79.6,80.0,80.6,81.6,82.6,88.9,86.2,85.6,92.4,92.5,92.6,91.8,93.0,93.2,93.4,96.0,95.1,96.1,97.1,92.1,92.0,99.3
datastructure,WB.DATA360:DS_DATA360(1.3),I,A,NZL,WB_WDI_EG_ELC_ACCS_ZS,_T,_T,_T,PT_POP,_Z,_Z,_Z,_Z,RATIO,2,WB_WDI,P1Y,0,A,PU,Annual,New Zealand,Access to electricity (% of population),Total,All age ranges or no breakdown by age,Total,Percentage of population,Not Applicable,Not Applicable,Not Applicable,Not Applicable,Ratio,Two,World Development Indicators (WDI),Annual,Units,Normal value,Public,100.0,100.0,100.0,100.0,100.0,100.0,100.0,100.0,100.0,100.0,100.0,100.0,100.0,100.0,100.0,100.0,100.0,100.0,100.0,100.0,100.0,100.0,100.0,100.0,100.0,100.0,100.0,100.0,100.0,100.0,100.0,100.0,100.0,100.0
datastructure,WB.DATA360:DS_DATA360(1.3),I,A,PAN,WB_WDI_EG_ELC_ACCS_ZS,_T,_T,_T,PT_POP,_Z,_Z,_Z,_Z,RATIO,2,WB_WDI,P1Y,0,A,PU,Annual,Panama,Access to electricity (% of population),Total,All age ranges or no breakdown by age,Total,Percentage of population,Not Applicable,Not Applicable,Not Applicable,Not Applicable,Ratio,Two,World Development Indicators (WDI),Annual,Units,Normal value,Public,70.19,73.4431304931641,74.2556381225586,75.0674591064453,75.8779220581055,76.6863403320313,77.4920425415039,78.2943496704102,79.0925750732422,79.8859558105469,81.4,81.5,82.1,87.8,83.4,84.1,84.8,85.5,86.3,87.0,86.9,88.6,89.3,89.1,90.8,91.6,92.4,93.7,93.8,93.9,95.3,95.3,95.0,97.0
datastructure,WB.DATA360:DS_DATA360(1.3),I,A,EST,WB_WDI_EG_ELC_ACCS_ZS,_T,_T,_T,PT_POP,_Z,_Z,_Z,_Z,RATIO,2,WB_WDI,P1Y,0,A,PU,Annual,Estonia,Access to electricity (% of population),Total,All age ranges or no breakdown by age,Total,Percentage of population,Not Applicable,Not Applicable,Not Applicable,Not Applicable,Ratio,Two,World Development Indicators (WDI),Annual,Units,Normal value,Public,100.0,100.0,100.0,100.0,100.0,100.0,100.0,100.0,100.0,100.0,100.0,100.0,100.0,100.0,100.0,100.0,100.0,100.0,100.0,100.0,100.0,100.0,100.0,100.0,100.0,100.0,100.0,100.0,100.0,100.0,100.0,100.0,100.0,100.0
datastructure,WB.DATA360:DS_DATA360(1.3),I,A,PER,WB_WDI_EG_ELC_ACCS_ZS,_T,_T,_T,PT_POP,_Z,_Z,_Z,_Z,RATIO,2,WB_WDI,P1Y,0,A,PU,Annual,Peru,Access to electricity (% of population),Total,All age ranges or no breakdown by age,Total,Percentage of population,Not Applicable,Not Applicable,Not Applicable,Not Applicable,Ratio,Two,World Development Indicators (WDI),Annual,Units,Normal value,Public,,,70.1,64.7489929199219,66.0529327392578,67.3548355102539,67.0,69.16024,72.072063,74.078523,72.5,72.1,74.4,74.4,75.7,77.2,80.2,82.0,84.7,86.4,88.1,89.7,91.1,92.1,92.9,93.9,94.2,94.8,95.2,95.6,96.2,95.6,96.2,96.2
datastructure,WB.DATA360:DS_DATA360(1.3),I,A,ATG,WB_WDI_EG_ELC_ACCS_ZS,_T,_T,_T,PT_POP,_Z,_Z,_Z,_Z,RATIO,2,WB_WDI,P1Y,0,A,PU,Annual,Antigua and Barbuda,Access to electricity (% of population),Total,All age ranges or no breakdown by age,Total,Percentage of population,Not Applicable,Not Applicable,Not Applicable,Not Applicable,Ratio,Two,World Development Indicators (WDI),Annual,Units,Normal value,Public,95.7630462646484,95.9406509399414,96.1181335449219,96.2949447631836,96.4703903198242,96.643798828125,96.8144836425781,96.9817733764648,97.1449813842773,97.303352355957,97.7,97.7,100.0,97.9,97.9,92.2,100.0,100.0,100.0,98.5,98.7,94.6,100.0,100.0,100.0,100.0,100.0,100.0,100.0,100.0,100.0,100.0,100.0,100.0
datastructure,WB.DATA360:DS_DATA360(1.3),I,A,POL,WB_WDI_EG_ELC_ACCS_ZS,_T,_T,_T,PT_POP,_Z,_Z,_Z,_Z,RATIO,2,WB_WDI,P1Y,0,A,PU,Annual,Poland,Access to electricity (% of population),Total,All age ranges or no breakdown by age,Total,Percentage of population,Not Applicable,Not Applicable,Not Applicable,Not Applicable,Ratio,Two,World Development Indicators (WDI),Annual,Units,Normal value,Public,100.0,100.0,100.0,100.0,100.0,100.0,100.0,100.0,100.0,100.0,100.0,100.0,100.0,99.9,99.9,99.8,99.8,99.8,99.8,100.0,100.0,100.0,100.0,100.0,100.0,100.0,100.0,100.0,100.0,100.0,100.0,100.0,100.0,100.0
datastructure,WB.DATA360:DS_DATA360(1.3),I,A,IDB,WB_WDI_EG_ELC_ACCS_ZS,_T,_T,_T,PT_POP,_Z,_Z,_Z,_Z,RATIO,2,WB_WDI,P1Y,0,A,PU,Annual,IDA blend,Access to electricity (% of population),Total,All age ranges or no breakdown by age,Total,Percentage of population,Not Applicable,Not Applicable,Not Applicable,Not Applicable,Ratio,Two,World Development Indicators (WDI),Annual,Units,Normal value,Public,,,,,,,,,54.15931052168851,55.455819920573795,55.6481107966122,56.70789885005002,57.41821350427876,60.095281651132794,59.1432742468789,60.224211282843406,61.12698262232243,62.304314841416776,63.33093915490989,63.11554165622416,63.95474864558908,68.04984867830305,67.75342827517633,69.20128490393353,68.47499011740277,68.78683249406309,72.5460349141719,71.6466137332559,73.151878223369,73.90890880897123,74.4924621989682,76.46988732502385,77.0721324965067,77.9201343756954
datastructure,WB.DATA360:DS_DATA360(1.3),I,A,CPV,WB_WDI_EG_ELC_ACCS_ZS,_T,_T,_T,PT_POP,_Z,_Z,_Z,_Z,RATIO,2,WB_WDI,P1Y,0,A,PU,Annual,Cabo Verde,Access to electricity (% of population),Total,All age ranges or no breakdown by age,Total,Percentage of population,Not Applicable,Not Applicable,Not Applicable,Not Applicable,Ratio,Two,World Development Indicators (WDI),Annual,Units,Normal value,Public,,,,,,,,,,,58.6,60.3,58.6,63.7,65.4,67.0,68.8,70.5,72.3,74.1,81.1,82.3,83.2,84.3,85.3,86.4,87.5,88.6,90.2,91.4,93.7,95.5,97.1,98.6
datastructure,WB.DATA360:DS_DATA360(1.3),I,A,SWE,WB_WDI_EG_ELC_ACCS_ZS,_T,_T,_T,PT_POP,_Z,_Z,_Z,_Z,RATIO,2,WB_WDI,P1Y,0,A,PU,Annual,Sweden,Access to electricity (% of population),Total,All age ranges or no breakdown by age,Total,Percentage of population,Not Applicable,Not Applicable,Not Applicable,Not Applicable,Ratio,Two,World Development Indicators (WDI),Annual,Units,Normal value,Public,100.0,100.0,100.0,100.0,100.0,100.0,100.0,100.0,100.0,100.0,100.0,100.0,100.0,100.0,100.0,100.0,100.0,100.0,100.0,100.0,100.0,100.0,100.0,100.0,100.0,100.0,100.0,100.0,100.0,100.0,100.0,100.0,100.0,100.0
datastructure,WB.DATA360:DS_DATA360(1.3),I,A,TUV,WB_WDI_EG_ELC_ACCS_ZS,_T,_T,_T,PT_POP,_Z,_Z,_Z,_Z,RATIO,2,WB_WDI,P1Y,0,A,PU,Annual,Tuvalu,Access to electricity (% of population),Total,All age ranges or no breakdown by age,Total,Percentage of population,Not Applicable,Not Applicable,Not Applicable,Not Applicable,Ratio,Two,World Development Indicators (WDI),Annual,Units,Normal value,Public,,,,,,,,,,,94.6,94.8,94.6,95.1,95.3,95.5,95.7,96.7,96.2,96.5,96.7,97.0,97.7,97.6,97.9,98.1,97.3,98.7,99.0,99.7,99.4,99.7,100.0,100.0
datastructure,WB.DATA360:DS_DATA360(1.3),I,A,LIE,WB_WDI_EG_ELC_ACCS_ZS,_T,_T,_T,PT_POP,_Z,_Z,_Z,_Z,RATIO,2,WB_WDI,P1Y,0,A,PU,Annual,Liechtenstein,Access to electricity (% of population),Total,All age ranges or no breakdown by age,Total,Percentage of population,Not Applicable,Not Applicable,Not Applicable,Not Applicable,Ratio,Two,World Development Indicators (WDI),Annual,Units,Normal value,Public,100.0,100.0,100.0,100.0,100.0,100.0,100.0,100.0,100.0,100.0,100.0,100.0,100.0,100.0,100.0,100.0,100.0,100.0,100.0,100.0,100.0,100.0,100.0,100.0,100.0,100.0,100.0,100.0,100.0,100.0,100.0,100.0,100.0,100.0
datastructure,WB.DATA360:DS_DATA360(1.3),I,A,AZE,WB_WDI_EG_ELC_ACCS_ZS,_T,_T,_T,PT_POP,_Z,_Z,_Z,_Z,RATIO,2,WB_WDI,P1Y,0,A,PU,Annual,Azerbaijan,Access to electricity (% of population),Total,All age ranges or no breakdown by age,Total,Percentage of population,Not Applicable,Not Applicable,Not Applicable,Not Applicable,Ratio,Two,World Development Indicators (WDI),Annual,Units,Normal value,Public,,,,,,,,,,97.0,98.9,98.6,100.0,98.8,99.0,99.1,99.5,99.5,99.7,99.9,99.9,99.9,100.0,100.0,100.0,100.0,100.0,100.0,100.0,100.0,100.0,100.0,100.0,100.0
datastructure,WB.DATA360:DS_DATA360(1.3),I,A,SOM,WB_WDI_EG_ELC_ACCS_ZS,_T,_T,_T,PT_POP,_Z,_Z,_Z,_Z,RATIO,2,WB_WDI,P1Y,0,A,PU,Annual,"Somalia, Federal Republic of",Access to electricity (% of population),Total,All age ranges or no breakdown by age,Total,Percentage of population,Not Applicable,Not Applicable,Not Applicable,Not Applicable,Ratio,Two,World Development Indicators (WDI),Annual,Units,Normal value,Public,,,,,,,,,,,2.1,4.7,7.4,9.8,12.4,15.0,15.2,20.2,22.9,25.5,52.3,52.0,51.8,51.5,51.4,51.2,51.1,52.1,50.7,49.2,49.9,49.3,48.9,50.3
datastructure,WB.DATA360:DS_DATA360(1.3),I,A,AUS,WB_WDI_EG_ELC_ACCS_ZS,_T,_T,_T,PT_POP,_Z,_Z,_Z,_Z,RATIO,2,WB_WDI,P1Y,0,A,PU,Annual,Australia,Access to electricity (% of population),Total,All age ranges or no breakdown by age,Total,Percentage of population,Not Applicable,Not Applicable,Not Applicable,Not Applicable,Ratio,Two,World Development Indicators (WDI),Annual,Units,Normal value,Public,100.0,100.0,100.0,100.0,100.0,100.0,100.0,100.0,100.0,100.0,100.0,100.0,100.0,100.0,100.0,100.0,100.0,100.0,100.0,100.0,100.0,100.0,100.0,100.0,100.0,100.0,100.0,100.0,100.0,100.0,100.0,100.0,100.0,100.0
datastructure,WB.DATA360:DS_DATA360(1.3),I,A,PYF,WB_WDI_EG_ELC_ACCS_ZS,_T,_T,_T,PT_POP,_Z,_Z,_Z,_Z,RATIO,2,WB_WDI,P1Y,0,A,PU,Annual,French Polynesia,Access to electricity (% of population),Total,All age ranges or no breakdown by age,Total,Percentage of population,Not Applicable,Not Applicable,Not Applicable,Not Applicable,Ratio,Two,World Development Indicators (WDI),Annual,Units,Normal value,Public,100.0,100.0,100.0,100.0,100.0,100.0,100.0,100.0,100.0,100.0,100.0,100.0,100.0,100.0,100.0,100.0,100.0,100.0,100.0,100.0,100.0,100.0,100.0,100.0,100.0,100.0,100.0,100.0,100.0,100.0,100.0,100.0,100.0,100.0
datastructure,WB.DATA360:DS_DATA360(1.3),I,A,PRK,WB_WDI_EG_ELC_ACCS_ZS,_T,_T,_T,PT_POP,_Z,_Z,_Z,_Z,RATIO,2,WB_WDI,P1Y,0,A,PU,Annual,"Korea, Dem. People's Rep.",Access to electricity (% of population),Total,All age ranges or no breakdown by age,Total,Percentage of population,Not Applicable,Not Applicable,Not Applicable,Not Applicable,Ratio,Two,World Development Indicators (WDI),Annual,Units,Normal value,Public,,,,,,,,,,,,,,,,,,,,26.0,29.3,31.4,33.6,35.7,37.8,40.0,42.1,44.2,46.3,48.4,50.5,52.6,54.7,57.5
datastructure,WB.DATA360:DS_DATA360(1.3),I,A,LMC,WB_WDI_EG_ELC_ACCS_ZS,_T,_T,_T,PT_POP,_Z,_Z,_Z,_Z,RATIO,2,WB_WDI,P1Y,0,A,PU,Annual,Lower middle income,Access to electricity (% of population),Total,All age ranges or no breakdown by age,Total,Percentage of population,Not Applicable,Not Applicable,Not Applicable,Not Applicable,Ratio,Two,World Development Indicators (WDI),Annual,Units,Normal value,Public,,,,46.883115659238385,46.717820742802466,47.95218294151164,49.67356717952065,51.108183792129196,53.95182910564571,56.61360309039448,56.5187364665681,57.80618516321825,58.65123105682512,61.20624373950267,60.58002878475554,63.61260566570388,64.35469292001551,66.52199736255179,68.44625148117474,69.0978321506303,70.19694094711289,73.20365024126109,73.85307447194849,75.90686395528351,77.0398843798137,79.58983155473668,81.65594151861035,83.6717620116648,86.03589833034368,86.76645236535163,87.53404365852496,89.82582665281427,89.96304648063786,90.5927216759463
datastructure,WB.DATA360:DS_DATA360(1.3),I,A,NGA,WB_WDI_EG_ELC_ACCS_ZS,_T,_T,_T,PT_POP,_Z,_Z,_Z,_Z,RATIO,2,WB_WDI,P1Y,0,A,PU,Annual,Nigeria,Access to electricity (% of population),Total,All age ranges or no breakdown by age,Total,Percentage of population,Not Applicable,Not Applicable,Not Applicable,Not Applicable,Ratio,Two,World Development Indicators (WDI),Annual,Units,Normal value,Public,27.3,35.2346000671387,36.0994606018066,36.9636459350586,37.8264694213867,38.6872520446777,39.5453186035156,40.3999824523926,41.2505683898926,44.9,43.2,43.9,44.6,52.2,46.1,46.8,47.6,50.1,50.3,50.0,48.0,55.9,53.0,55.6,54.2,52.5,59.3,54.4,56.5,55.4,55.4,59.5,60.5,61.2
datastructure,WB.DATA360:DS_DATA360(1.3),I,A,PSE,WB_WDI_EG_ELC_ACCS_ZS,_T,_T,_T,PT_POP,_Z,_Z,_Z,_Z,RATIO,2,WB_WDI,P1Y,0,A,PU,Annual,West Bank and Gaza,Access to electricity (% of population),Total,All age ranges or no breakdown by age,Total,Percentage of population,Not Applicable,Not Applicable,Not Applicable,Not Applicable,Ratio,Two,World Development Indicators (WDI),Annual,Units,Normal value,Public,,,,,,,,97.9,98.5392990112305,98.6231536865234,99.7,99.1,99.2,99.1,99.5,99.6,99.7,98.8,99.8,99.9,99.9,99.7,99.8,99.9,99.9,99.9,100.0,99.9,100.0,100.0,100.0,100.0,100.0,100.0
datastructure,WB.DATA360:DS_DATA360(1.3),I,A,BIH,WB_WDI_EG_ELC_ACCS_ZS,_T,_T,_T,PT_POP,_Z,_Z,_Z,_Z,RATIO,2,WB_WDI,P1Y,0,A,PU,Annual,Bosnia and Herzegovina,Access to electricity (% of population),Total,All age ranges or no breakdown by age,Total,Percentage of population,Not Applicable,Not Applicable,Not Applicable,Not Applicable,Ratio,Two,World Development Indicators (WDI),Annual,Units,Normal value,Public,100.0,100.0,100.0,100.0,100.0,100.0,100.0,100.0,100.0,100.0,99.0,99.4,98.5,99.0,99.1,99.1,99.4,99.7,99.3,99.4,99.5,99.7,99.7,99.5,99.9,99.7,100.0,100.0,100.0,100.0,100.0,100.0,100.0,100.0
datastructure,WB.DATA360:DS_DATA360(1.3),I,A,SYC,WB_WDI_EG_ELC_ACCS_ZS,_T,_T,_T,PT_POP,_Z,_Z,_Z,_Z,RATIO,2,WB_WDI,P1Y,0,A,PU,Annual,Seychelles,Access to electricity (% of population),Total,All age ranges or no breakdown by age,Total,Percentage of population,Not Applicable,Not Applicable,Not Applicable,Not Applicable,Ratio,Two,World Development Indicators (WDI),Annual,Units,Normal value,Public,,,,,90.0,92.1736526489258,92.552490234375,92.0,93.2992935180664,93.6658096313477,94.1,94.4,96.1,94.9,95.2,95.5,99.0,96.1,96.5,96.8,97.0,98.1,98.3,98.0,100.0,100.0,100.0,100.0,100.0,100.0,100.0,100.0,100.0,100.0
datastructure,WB.DATA360:DS_DATA360(1.3),I,A,SSF,WB_WDI_EG_ELC_ACCS_ZS,_T,_T,_T,PT_POP,_Z,_Z,_Z,_Z,RATIO,2,WB_WDI,P1Y,0,A,PU,Annual,Sub-Saharan Africa,Access to electricity (% of population),Total,All age ranges or no breakdown by age,Total,Percentage of population,Not Applicable,Not Applicable,Not Applicable,Not Applicable,Ratio,Two,World Development Indicators (WDI),Annual,Units,Normal value,Public,,,,,,,28.512384382876746,28.3636336834061,28.568446021517754,30.148932101516994,25.705396956483828,26.164218685280268,27.339773137913795,29.596501581078098,29.372566273936652,29.354565105796475,31.203487771529286,32.519333428516944,32.403660599882784,32.62592920205674,33.33640088059191,35.8991006065751,36.775178115882824,38.03051647194926,38.35053836357347,39.19647382064133,43.82830955588685,43.75994518756476,46.41408894728247,47.193489767594066,48.54084626128676,50.65267859711424,51.58271121848483,53.25076898054989
datastructure,WB.DATA360:DS_DATA360(1.3),I,A,MAC,WB_WDI_EG_ELC_ACCS_ZS,_T,_T,_T,PT_POP,_Z,_Z,_Z,_Z,RATIO,2,WB_WDI,P1Y,0,A,PU,Annual,"Macao SAR, China",Access to electricity (% of population),Total,All age ranges or no breakdown by age,Total,Percentage of population,Not Applicable,Not Applicable,Not Applicable,Not Applicable,Ratio,Two,World Development Indicators (WDI),Annual,Units,Normal value,Public,99.8492813110352,99.8805847167969,99.9114303588867,99.9416198730469,100.0,100.0,100.0,100.0,100.0,100.0,100.0,100.0,100.0,100.0,100.0,100.0,100.0,100.0,100.0,100.0,100.0,100.0,100.0,100.0,100.0,100.0,100.0,100.0,100.0,100.0,100.0,100.0,100.0,100.0
datastructure,WB.DATA360:DS_DATA360(1.3),I,A,CYP,WB_WDI_EG_ELC_ACCS_ZS,_T,_T,_T,PT_POP,_Z,_Z,_Z,_Z,RATIO,2,WB_WDI,P1Y,0,A,PU,Annual,Cyprus,Access to electricity (% of population),Total,All age ranges or no breakdown by age,Total,Percentage of population,Not Applicable,Not Applicable,Not Applicable,Not Applicable,Ratio,Two,World Development Indicators (WDI),Annual,Units,Normal value,Public,100.0,100.0,100.0,100.0,100.0,100.0,100.0,100.0,100.0,100.0,100.0,100.0,100.0,100.0,100.0,100.0,100.0,100.0,100.0,100.0,100.0,100.0,100.0,100.0,100.0,100.0,100.0,100.0,100.0,100.0,100.0,100.0,100.0,100.0
datastructure,WB.DATA360:DS_DATA360(1.3),I,A,ECA,WB_WDI_EG_ELC_ACCS_ZS,_T,_T,_T,PT_POP,_Z,_Z,_Z,_Z,RATIO,2,WB_WDI,P1Y,0,A,PU,Annual,Europe & Central Asia (excluding high income),Access to electricity (% of population),Total,All age ranges or no breakdown by age,Total,Percentage of population,Not Applicable,Not Applicable,Not Applicable,Not Applicable,Ratio,Two,World Development Indicators (WDI),Annual,Units,Normal value,Public,,,,,,,,,,,99.0003702745063,99.07052443253154,99.15001659347932,99.14849182362636,99.1355245420636,99.25945694911607,99.21930800623674,99.33899083216983,99.3776072797545,99.44856216011368,99.60862245470177,99.61747542292012,99.69463211167354,99.72865251556803,99.78477241206636,99.76765898779163,99.86596003052885,99.91829255299913,99.94207092863034,99.96577447258989,99.97743020187686,99.96164648355165,99.99158754758479,100.0
datastructure,WB.DATA360:DS_DATA360(1.3),I,A,LIC,WB_WDI_EG_ELC_ACCS_ZS,_T,_T,_T,PT_POP,_Z,_Z,_Z,_Z,RATIO,2,WB_WDI,P1Y,0,A,PU,Annual,Low income,Access to electricity (% of population),Total,All age ranges or no breakdown by age,Total,Percentage of population,Not Applicable,Not Applicable,Not Applicable,Not Applicable,Ratio,Two,World Development Indicators (WDI),Annual,Units,Normal value,Public,,,,,,,,,,,15.871513966617947,16.608380297153747,17.291194626087474,19.012851048742533,19.799717083203305,19.516533718745634,22.04891054093087,23.574863138413562,23.06061024789747,24.62174396600264,26.222992232626442,26.685326836679266,29.769170047134793,30.89428178054509,32.19902354043002,32.19447413354022,37.447961765125434,39.13969992466827,40.45867515618117,41.84401125784339,43.23673072543597,44.833800552773894,45.01941277328763,46.88637915401246
datastructure,WB.DATA360:DS_DATA360(1.3),I,A,LBN,WB_WDI_EG_ELC_ACCS_ZS,_T,_T,_T,PT_POP,_Z,_Z,_Z,_Z,RATIO,2,WB_WDI,P1Y,0,A,PU,Annual,Lebanon,Access to electricity (% of population),Total,All age ranges or no breakdown by age,Total,Percentage of population,Not Applicable,Not Applicable,Not Applicable,Not Applicable,Ratio,Two,World Development Indicators (WDI),Annual,Units,Normal value,Public,,,,,,,,,,,99.3,99.3,99.3,99.2,99.9,99.2,99.4,97.8,99.9,99.3,99.5,99.7,99.5,99.6,99.7,99.7,99.8,99.9,99.7,100.0,100.0,100.0,100.0,100.0
datastructure,WB.DATA360:DS_DATA360(1.3),I,A,LDC,WB_WDI_EG_ELC_ACCS_ZS,_T,_T,_T,PT_POP,_Z,_Z,_Z,_Z,RATIO,2,WB_WDI,P1Y,0,A,PU,Annual,Least developed countries: UN classification,Access to electricity (% of population),Total,All age ranges or no breakdown by age,Total,Percentage of population,Not Applicable,Not Applicable,Not Applicable,Not Applicable,Ratio,Two,World Development Indicators (WDI),Annual,Units,Normal value,Public,,,,,,,,,,,20.229788886797266,20.99852382067701,22.982739395958724,24.52077036506462,24.909781655202455,26.271049003968642,29.140104741438474,29.352113843147613,30.740732327574555,32.14364672062645,33.017506929797264,34.49670655137172,37.82260666844593,38.229156253779934,39.48428816292045,42.31125967159379,46.345530050039706,50.20609620410143,51.088263571090074,52.879014307051555,54.47398829828516,56.10588213707556,56.737897037867846,58.43343178058973
datastructure,WB.DATA360:DS_DATA360(1.3),I,A,GEO,WB_WDI_EG_ELC_ACCS_ZS,_T,_T,_T,PT_POP,_Z,_Z,_Z,_Z,RATIO,2,WB_WDI,P1Y,0,A,PU,Annual,Georgia,Access to electricity (% of population),Total,All age ranges or no breakdown by age,Total,Percentage of population,Not Applicable,Not Applicable,Not Applicable,Not Applicable,Ratio,Two,World Development Indicators (WDI),Annual,Units,Normal value,Public,,,,,,,,,,,99.8,99.8,99.9,100.0,99.9,97.9,100.0,100.0,100.0,100.0,100.0,100.0,100.0,100.0,100.0,100.0,100.0,100.0,99.9,100.0,100.0,100.0,100.0,100.0
datastructure,WB.DATA360:DS_DATA360(1.3),I,A,VUT,WB_WDI_EG_ELC_ACCS_ZS,_T,_T,_T,PT_POP,_Z,_Z,_Z,_Z,RATIO,2,WB_WDI,P1Y,0,A,PU,Annual,Vanuatu,Access to electricity (% of population),Total,All age ranges or no breakdown by age,Total,Percentage of population,Not Applicable,Not Applicable,Not Applicable,Not Applicable,Ratio,Two,World Development Indicators (WDI),Annual,Units,Normal value,Public,,,,,18.0,12.9416437149048,14.7923612594604,16.6396789550781,18.4829177856445,19.1,22.2,24.0,25.7,27.5,29.2,31.0,26.4,33.6,36.5,33.3,44.1,42.0,43.9,31.7,49.1,52.3,57.8,62.8,61.6,64.5,67.3,70.0,71.6,61.6
datastructure,WB.DATA360:DS_DATA360(1.3),I,A,VEN,WB_WDI_EG_ELC_ACCS_ZS,_T,_T,_T,PT_POP,_Z,_Z,_Z,_Z,RATIO,2,WB_WDI,P1Y,0,A,PU,Annual,"Venezuela, RB",Access to electricity (% of population),Total,All age ranges or no breakdown by age,Total,Percentage of population,Not Applicable,Not Applicable,Not Applicable,Not Applicable,Ratio,Two,World Development Indicators (WDI),Annual,Units,Normal value,Public,,,97.820203,98.2395324707031,98.3233337402344,99.0,98.484130859375,98.7,98.4,98.9,98.9,99.9,99.8,95.7,99.1,98.8,99.3,98.9,98.9,99.0,99.1,98.8,99.3,99.4,100.0,100.0,99.4,99.2,99.9,99.8,99.9,100.0,100.0,100.0
datastructure,WB.DATA360:DS_DATA360(1.3),I,A,JAM,WB_WDI_EG_ELC_ACCS_ZS,_T,_T,_T,PT_POP,_Z,_Z,_Z,_Z,RATIO,2,WB_WDI,P1Y,0,A,PU,Annual,Jamaica,Access to electricity (% of population),Total,All age ranges or no breakdown by age,Total,Percentage of population,Not Applicable,Not Applicable,Not Applicable,Not Applicable,Ratio,Two,World Development Indicators (WDI),Annual,Units,Normal value,Public,70.334586,77.2288665771484,78.0329208374023,78.836296081543,79.638313293457,80.4382934570313,85.706045,82.0294036865234,82.8191757202148,84.554112,84.4,87.7,86.7,86.5,87.2,88.0,88.7,89.4,92.0,91.0,92.2,91.1,93.1,93.9,93.3,94.9,96.6,97.4,98.2,98.9,99.7,100.0,100.0,97.7
datastructure,WB.DATA360:DS_DATA360(1.3),I,A,IRN,WB_WDI_EG_ELC_ACCS_ZS,_T,_T,_T,PT_POP,_Z,_Z,_Z,_Z,RATIO,2,WB_WDI,P1Y,0,A,PU,Annual,"Iran, Islamic Rep.",Access to electricity (% of population),Total,All age ranges or no breakdown by age,Total,Percentage of population,Not Applicable,Not Applicable,Not Applicable,Not Applicable,Ratio,Two,World Development Indicators (WDI),Annual,Units,Normal value,Public,,,,,,,,,,,97.9,98.1,98.1,98.2,98.3,98.4,98.4,98.7,98.8,99.7,99.4,99.5,99.5,99.8,100.0,100.0,100.0,99.9,100.0,100.0,100.0,100.0,100.0,100.0
datastructure,WB.DATA360:DS_DATA360(1.3),I,A,TLS,WB_WDI_EG_ELC_ACCS_ZS,_T,_T,_T,PT_POP,_Z,_Z,_Z,_Z,RATIO,2,WB_WDI,P1Y,0,A,PU,Annual,Timor-Leste,Access to electricity (% of population),Total,All age ranges or no breakdown by age,Total,Percentage of population,Not Applicable,Not Applicable,Not Applicable,Not Applicable,Ratio,Two,World Development Indicators (WDI),Annual,Units,Normal value,Public,,,,,,,,,,,17.8,25.6,24.1,27.7,30.4,33.5,36.7,36.6,43.1,46.3,38.0,52.7,56.0,59.2,62.4,67.3,76.5,79.5,85.2,90.6,96.0,100.0,99.7,100.0
datastructure,WB.DATA360:DS_DATA360(1.3),I,A,BHS,WB_WDI_EG_ELC_ACCS_ZS,_T,_T,_T,PT_POP,_Z,_Z,_Z,_Z,RATIO,2,WB_WDI,P1Y,0,A,PU,Annual,"Bahamas, The",Access to electricity (% of population),Total,All age ranges or no breakdown by age,Total,Percentage of population,Not Applicable,Not Applicable,Not Applicable,Not Applicable,Ratio,Two,World Development Indicators (WDI),Annual,Units,Normal value,Public,100.0,100.0,100.0,100.0,100.0,100.0,100.0,100.0,100.0,100.0,100.0,100.0,100.0,100.0,100.0,100.0,100.0,100.0,100.0,100.0,100.0,100.0,100.0,100.0,100.0,100.0,100.0,100.0,100.0,100.0,100.0,100.0,100.0,100.0
datastructure,WB.DATA360:DS_DATA360(1.3),I,A,CRI,WB_WDI_EG_ELC_ACCS_ZS,_T,_T,_T,PT_POP,_Z,_Z,_Z,_Z,RATIO,2,WB_WDI,P1Y,0,A,PU,Annual,Costa Rica,Access to electricity (% of population),Total,All age ranges or no breakdown by age,Total,Percentage of population,Not Applicable,Not Applicable,Not Applicable,Not Applicable,Ratio,Two,World Development Indicators (WDI),Annual,Units,Normal value,Public,,,,,,,,,,,96.9,98.2,98.5,98.7,99.0,99.1,99.1,99.2,99.3,99.4,99.0,99.2,99.5,99.6,99.4,99.4,99.5,99.6,99.7,99.7,99.9,100.0,100.0,100.0
datastructure,WB.DATA360:DS_DATA360(1.3),I,A,CHE,WB_WDI_EG_ELC_ACCS_ZS,_T,_T,_T,PT_POP,_Z,_Z,_Z,_Z,RATIO,2,WB_WDI,P1Y,0,A,PU,Annual,Switzerland,Access to electricity (% of population),Total,All age ranges or no breakdown by age,Total,Percentage of population,Not Applicable,Not Applicable,Not Applicable,Not Applicable,Ratio,Two,World Development Indicators (WDI),Annual,Units,Normal value,Public,100.0,100.0,100.0,100.0,100.0,100.0,100.0,100.0,100.0,100.0,100.0,100.0,100.0,100.0,100.0,100.0,100.0,100.0,100.0,100.0,100.0,100.0,100.0,100.0,100.0,100.0,100.0,100.0,100.0,100.0,100.0,100.0,100.0,100.0
datastructure,WB.DATA360:DS_DATA360(1.3),I,A,IBD,WB_WDI_EG_ELC_ACCS_ZS,_T,_T,_T,PT_POP,_Z,_Z,_Z,_Z,RATIO,2,WB_WDI,P1Y,0,A,PU,Annual,IBRD only,Access to electricity (% of population),Total,All age ranges or no breakdown by age,Total,Percentage of population,Not Applicable,Not Applicable,Not Applicable,Not Applicable,Ratio,Two,World Development Indicators (WDI),Annual,Units,Normal value,Public,,,,,,,,,,,84.55142003919535,85.26054528802955,85.59836138374983,86.5581956902272,86.71849054247532,87.73332275666877,88.16808914662538,89.32421216389315,90.1665294008948,90.67317623329113,91.45405714075955,92.50849561754167,92.76914947358787,93.78202830857293,94.42387145934451,95.17680534126421,95.83637159790194,96.60405913362463,97.74984432514454,97.87719934711994,98.05707308068388,99.10941679202469,98.96865745778025,99.08858158615641
datastructure,WB.DATA360:DS_DATA360(1.3),I,A,PNG,WB_WDI_EG_ELC_ACCS_ZS,_T,_T,_T,PT_POP,_Z,_Z,_Z,_Z,RATIO,2,WB_WDI,P1Y,0,A,PU,Annual,Papua New Guinea,Access to electricity (% of population),Total,All age ranges or no breakdown by age,Total,Percentage of population,Not Applicable,Not Applicable,Not Applicable,Not Applicable,Ratio,Two,World Development Indicators (WDI),Annual,Units,Normal value,Public,,,,,,,11.0,2.15848255157471,4.29508972167969,6.42685508728027,12.4,12.7,13.1,13.4,13.8,14.1,12.4,14.9,15.3,17.2,19.5,17.3,17.5,17.8,18.1,18.4,13.5,19.2,16.6,23.6,20.5,20.9,19.0,20.5
datastructure,WB.DATA360:DS_DATA360(1.3),I,A,TGO,WB_WDI_EG_ELC_ACCS_ZS,_T,_T,_T,PT_POP,_Z,_Z,_Z,_Z,RATIO,2,WB_WDI,P1Y,0,A,PU,Annual,Togo,Access to electricity (% of population),Total,All age ranges or no breakdown by age,Total,Percentage of population,Not Applicable,Not Applicable,Not Applicable,Not Applicable,Ratio,Two,World Development Indicators (WDI),Annual,Units,Normal value,Public,,,,,,,,,15.3,16.0729999542236,17.0,19.6,21.3,23.0,24.8,26.5,27.9,30.0,31.8,33.7,30.8,39.7,39.1,41.0,45.7,44.7,46.8,48.0,50.0,52.5,54.1,55.7,57.2,59.2
datastructure,WB.DATA360:DS_DATA360(1.3),I,A,ERI,WB_WDI_EG_ELC_ACCS_ZS,_T,_T,_T,PT_POP,_Z,_Z,_Z,_Z,RATIO,2,WB_WDI,P1Y,0,A,PU,Annual,Eritrea,Access to electricity (% of population),Total,All age ranges or no breakdown by age,Total,Percentage of population,Not Applicable,Not Applicable,Not Applicable,Not Applicable,Ratio,Two,World Development Indicators (WDI),Annual,Units,Normal value,Public,,,,,,22.9,24.7554473876953,25.8746109008789,26.9896945953369,28.0999355316162,29.3,30.3,32.2,32.4,33.4,34.5,35.6,36.7,37.8,38.9,40.1,41.2,42.3,43.5,44.6,45.8,46.9,48.0,49.1,50.3,51.4,52.5,53.4,54.4
datastructure,WB.DATA360:DS_DATA360(1.3),I,A,CYM,WB_WDI_EG_ELC_ACCS_ZS,_T,_T,_T,PT_POP,_Z,_Z,_Z,_Z,RATIO,2,WB_WDI,P1Y,0,A,PU,Annual,Cayman Islands,Access to electricity (% of population),Total,All age ranges or no breakdown by age,Total,Percentage of population,Not Applicable,Not Applicable,Not Applicable,Not Applicable,Ratio,Two,World Development Indicators (WDI),Annual,Units,Normal value,Public,99.846923828125,99.8788146972656,99.9102401733398,100.0,100.0,100.0,100.0,100.0,100.0,100.0,100.0,100.0,100.0,100.0,100.0,100.0,100.0,100.0,100.0,100.0,100.0,100.0,100.0,100.0,100.0,100.0,100.0,100.0,100.0,100.0,100.0,100.0,100.0,100.0
datastructure,WB.DATA360:DS_DATA360(1.3),I,A,ARE,WB_WDI_EG_ELC_ACCS_ZS,_T,_T,_T,PT_POP,_Z,_Z,_Z,_Z,RATIO,2,WB_WDI,P1Y,0,A,PU,Annual,United Arab Emirates,Access to electricity (% of population),Total,All age ranges or no breakdown by age,Total,Percentage of population,Not Applicable,Not Applicable,Not Applicable,Not Applicable,Ratio,Two,World Development Indicators (WDI),Annual,Units,Normal value,Public,100.0,100.0,100.0,100.0,100.0,100.0,100.0,100.0,100.0,100.0,100.0,100.0,100.0,100.0,100.0,100.0,100.0,100.0,100.0,100.0,100.0,100.0,100.0,100.0,100.0,100.0,100.0,100.0,100.0,100.0,100.0,100.0,100.0,100.0
datastructure,WB.DATA360:DS_DATA360(1.3),I,A,TUN,WB_WDI_EG_ELC_ACCS_ZS,_T,_T,_T,PT_POP,_Z,_Z,_Z,_Z,RATIO,2,WB_WDI,P1Y,0,A,PU,Annual,Tunisia,Access to electricity (% of population),Total,All age ranges or no breakdown by age,Total,Percentage of population,Not Applicable,Not Applicable,Not Applicable,Not Applicable,Ratio,Two,World Development Indicators (WDI),Annual,Units,Normal value,Public,,,,,86.8,88.7,90.4,92.0,93.2,94.2,94.8,97.3,97.8,98.4,99.0,99.2,99.4,99.4,99.4,99.5,99.5,99.5,99.5,99.7,99.8,99.9,100.0,100.0,99.8,100.0,99.9,99.9,100.0,100.0
datastructure,WB.DATA360:DS_DATA360(1.3),I,A,SST,WB_WDI_EG_ELC_ACCS_ZS,_T,_T,_T,PT_POP,_Z,_Z,_Z,_Z,RATIO,2,WB_WDI,P1Y,0,A,PU,Annual,Small states,Access to electricity (% of population),Total,All age ranges or no breakdown by age,Total,Percentage of population,Not Applicable,Not Applicable,Not Applicable,Not Applicable,Ratio,Two,World Development Indicators (WDI),Annual,Units,Normal value,Public,,,,,,,,,,83.67551124964486,73.4058709330824,75.1545680906373,74.96802472559881,75.79165396022745,76.84969252219645,77.6783676254051,78.10067714194217,79.58073492516476,80.5950689227549,80.42298264225795,82.19972974418499,83.90624071033601,84.82433106251763,85.27048084513557,86.77356378310968,87.68139288794022,88.84867133575008,90.15502785348033,90.96473354322313,92.09192227907383,93.11959458317843,93.74681793733852,93.85222364449895,94.79474834885589
datastructure,WB.DATA360:DS_DATA360(1.3),I,A,HND,WB_WDI_EG_ELC_ACCS_ZS,_T,_T,_T,PT_POP,_Z,_Z,_Z,_Z,RATIO,2,WB_WDI,P1Y,0,A,PU,Annual,Honduras,Access to electricity (% of population),Total,All age ranges or no breakdown by age,Total,Percentage of population,Not Applicable,Not Applicable,Not Applicable,Not Applicable,Ratio,Two,World Development Indicators (WDI),Annual,Units,Normal value,Public,,54.781937,58.913112,61.100156,64.733947,66.122022,61.68112,64.794754,66.859519,67.394103,67.4,64.2,63.1,65.1,67.1,68.9,71.3,73.5,76.4,78.3,81.0,82.2,83.6,87.2,88.7,90.0,91.6,86.5,91.6,91.1,93.1,94.1,94.4,95.6
datastructure,WB.DATA360:DS_DATA360(1.3),I,A,VGB,WB_WDI_EG_ELC_ACCS_ZS,_T,_T,_T,PT_POP,_Z,_Z,_Z,_Z,RATIO,2,WB_WDI,P1Y,0,A,PU,Annual,British Virgin Islands,Access to electricity (% of population),Total,All age ranges or no breakdown by age,Total,Percentage of population,Not Applicable,Not Applicable,Not Applicable,Not Applicable,Ratio,Two,World Development Indicators (WDI),Annual,Units,Normal value,Public,94.606559753418,94.8247375488281,95.0428009033203,95.2601928710938,95.4762191772461,95.6902008056641,95.9014739990234,96.1093368530273,96.3131256103516,96.512077331543,97.1,97.2,97.3,97.4,97.5,97.6,97.8,97.9,98.1,98.3,98.3,98.7,98.9,99.1,99.2,100.0,100.0,100.0,100.0,100.0,100.0,100.0,100.0,100.0
datastructure,WB.DATA360:DS_DATA360(1.3),I,A,PLW,WB_WDI_EG_ELC_ACCS_ZS,_T,_T,_T,PT_POP,_Z,_Z,_Z,_Z,RATIO,2,WB_WDI,P1Y,0,A,PU,Annual,Palau,Access to electricity (% of population),Total,All age ranges or no breakdown by age,Total,Percentage of population,Not Applicable,Not Applicable,Not Applicable,Not Applicable,Ratio,Two,World Development Indicators (WDI),Annual,Units,Normal value,Public,96.6253509521484,96.7627029418945,96.8999328613281,97.036491394043,97.1716842651367,97.3048400878906,97.4352722167969,97.5623092651367,97.6852645874023,97.8033752441406,97.9,98.0,98.0,98.1,98.1,98.9,98.3,98.4,98.5,98.6,98.8,98.9,97.6,99.2,99.8,99.5,100.0,100.0,100.0,100.0,100.0,100.0,100.0,100.0
datastructure,WB.DATA360:DS_DATA360(1.3),I,A,LCA,WB_WDI_EG_ELC_ACCS_ZS,_T,_T,_T,PT_POP,_Z,_Z,_Z,_Z,RATIO,2,WB_WDI,P1Y,0,A,PU,Annual,St. Lucia,Access to electricity (% of population),Total,All age ranges or no breakdown by age,Total,Percentage of population,Not Applicable,Not Applicable,Not Applicable,Not Applicable,Ratio,Two,World Development Indicators (WDI),Annual,Units,Normal value,Public,,,,,,,,,,,86.0,89.9,87.7,88.5,89.3,90.1,90.9,91.8,92.7,93.5,94.2,95.4,95.3,97.2,98.1,99.0,99.8,99.9,100.0,100.0,100.0,100.0,100.0,100.0
datastructure,WB.DATA360:DS_DATA360(1.3),I,A,MNP,WB_WDI_EG_ELC_ACCS_ZS,_T,_T,_T,PT_POP,_Z,_Z,_Z,_Z,RATIO,2,WB_WDI,P1Y,0,A,PU,Annual,Northern Mariana Islands,Access to electricity (% of population),Total,All age ranges or no breakdown by age,Total,Percentage of population,Not Applicable,Not Applicable,Not Applicable,Not Applicable,Ratio,Two,World Development Indicators (WDI),Annual,Units,Normal value,Public,99.8532638549805,99.8843765258789,99.9150314331055,99.9449234008789,99.9716415405273,100.0,100.0,100.0,100.0,100.0,100.0,100.0,99.9,99.9,99.8,99.8,99.7,100.0,100.0,100.0,100.0,100.0,100.0,100.0,100.0,100.0,100.0,100.0,100.0,100.0,100.0,100.0,100.0,100.0
datastructure,WB.DATA360:DS_DATA360(1.3),I,A,PHL,WB_WDI_EG_ELC_ACCS_ZS,_T,_T,_T,PT_POP,_Z,_Z,_Z,_Z,RATIO,2,WB_WDI,P1Y,0,A,PU,Annual,Philippines,Access to electricity (% of population),Total,All age ranges or no breakdown by age,Total,Percentage of population,Not Applicable,Not Applicable,Not Applicable,Not Applicable,Ratio,Two,World Development Indicators (WDI),Annual,Units,Normal value,Public,,,,65.4,68.0185546875,69.1331176757813,70.2449569702148,71.3533935546875,71.3,71.8741709275167,74.7,75.7,76.7,76.6,87.6,79.8,80.2,82.0,83.3,84.3,85.5,87.2,87.1,87.5,89.8,89.1,92.0,93.0,94.2,95.3,96.4,97.5,94.8,98.0
datastructure,WB.DATA360:DS_DATA360(1.3),I,A,LSO,WB_WDI_EG_ELC_ACCS_ZS,_T,_T,_T,PT_POP,_Z,_Z,_Z,_Z,RATIO,2,WB_WDI,P1Y,0,A,PU,Annual,Lesotho,Access to electricity (% of population),Total,All age ranges or no breakdown by age,Total,Percentage of population,Not Applicable,Not Applicable,Not Applicable,Not Applicable,Ratio,Two,World Development Indicators (WDI),Annual,Units,Normal value,Public,,,,,,,,,,,4.3,1.3,3.4,5.4,6.8,9.6,9.7,13.9,16.0,17.0,17.0,22.5,20.6,26.9,27.8,31.8,35.1,33.7,47.0,44.6,47.5,50.4,50.0,57.3
datastructure,WB.DATA360:DS_DATA360(1.3),I,A,VIR,WB_WDI_EG_ELC_ACCS_ZS,_T,_T,_T,PT_POP,_Z,_Z,_Z,_Z,RATIO,2,WB_WDI,P1Y,0,A,PU,Annual,Virgin Islands (U.S.),Access to electricity (% of population),Total,All age ranges or no breakdown by age,Total,Percentage of population,Not Applicable,Not Applicable,Not Applicable,Not Applicable,Ratio,Two,World Development Indicators (WDI),Annual,Units,Normal value,Public,100.0,100.0,100.0,100.0,100.0,100.0,100.0,100.0,100.0,100.0,100.0,100.0,100.0,100.0,100.0,100.0,100.0,100.0,100.0,100.0,100.0,100.0,100.0,100.0,100.0,100.0,100.0,100.0,100.0,100.0,100.0,100.0,100.0,100.0
datastructure,WB.DATA360:DS_DATA360(1.3),I,A,MAF,WB_WDI_EG_ELC_ACCS_ZS,_T,_T,_T,PT_POP,_Z,_Z,_Z,_Z,RATIO,2,WB_WDI,P1Y,0,A,PU,Annual,St. Martin (French part),Access to electricity (% of population),Total,All age ranges or no breakdown by age,Total,Percentage of population,Not Applicable,Not Applicable,Not Applicable,Not Applicable,Ratio,Two,World Development Indicators (WDI),Annual,Units,Normal value,Public,100.0,100.0,100.0,100.0,100.0,100.0,100.0,100.0,100.0,100.0,100.0,99.9,99.9,99.8,99.8,99.7,99.7,99.7,99.7,99.7,100.0,100.0,100.0,100.0,100.0,100.0,100.0,100.0,100.0,100.0,100.0,100.0,100.0,100.0
datastructure,WB.DATA360:DS_DATA360(1.3),I,A,AFE,WB_WDI_EG_ELC_ACCS_ZS,_T,_T,_T,PT_POP,_Z,_Z,_Z,_Z,RATIO,2,WB_WDI,P1Y,0,A,PU,Annual,Africa Eastern and Southern,Access to electricity (% of population),Total,All age ranges or no breakdown by age,Total,Percentage of population,Not Applicable,Not Applicable,Not Applicable,Not Applicable,Ratio,Two,World Development Indicators (WDI),Annual,Units,Normal value,Public,,,,,,,,,,,19.917256334288883,19.944277420358322,21.54864661556246,22.49321671820515,23.72445493261505,23.449539355606014,25.17248231059686,26.795144586214697,25.908845134445723,26.187846478111133,27.414953756331975,28.90975623412697,31.67342746191754,31.723573573148343,31.871956128357937,33.92227566227576,38.859597658371435,40.22374417303677,43.03507335078354,44.39086053336395,46.28237094556367,48.12721104004846,48.80125796076583,50.667515794485425
datastructure,WB.DATA360:DS_DATA360(1.3),I,A,BDI,WB_WDI_EG_ELC_ACCS_ZS,_T,_T,_T,PT_POP,_Z,_Z,_Z,_Z,RATIO,2,WB_WDI,P1Y,0,A,PU,Annual,Burundi,Access to electricity (% of population),Total,All age ranges or no breakdown by age,Total,Percentage of population,Not Applicable,Not Applicable,Not Applicable,Not Applicable,Ratio,Two,World Development Indicators (WDI),Annual,Units,Normal value,Public,,,,,,,,,3.9,2.07094931602478,2.5,2.8,3.1,3.4,3.7,3.2,2.7,4.7,4.8,5.4,5.3,6.2,6.5,6.9,7.0,7.9,8.5,9.3,9.5,9.8,9.1,10.2,10.3,11.6
datastructure,WB.DATA360:DS_DATA360(1.3),I,A,YEM,WB_WDI_EG_ELC_ACCS_ZS,_T,_T,_T,PT_POP,_Z,_Z,_Z,_Z,RATIO,2,WB_WDI,P1Y,0,A,PU,Annual,"Yemen, Rep.",Access to electricity (% of population),Total,All age ranges or no breakdown by age,Total,Percentage of population,Not Applicable,Not Applicable,Not Applicable,Not Applicable,Ratio,Two,World Development Indicators (WDI),Annual,Units,Normal value,Public,,,44.1,40.774715423584,41.9851341247559,43.1935119628906,44.399169921875,42.6,46.7996101379395,47.9929466247559,49.2,50.4,51.5,52.6,49.6,54.8,55.8,57.2,58.4,59.6,60.8,62.0,52.4,75.6,66.1,67.4,68.9,79.2,62.0,72.8,73.9,74.9,76.0,83.6
datastructure,WB.DATA360:DS_DATA360(1.3),I,A,STP,WB_WDI_EG_ELC_ACCS_ZS,_T,_T,_T,PT_POP,_Z,_Z,_Z,_Z,RATIO,2,WB_WDI,P1Y,0,A,PU,Annual,São Tomé and Príncipe,Access to electricity (% of population),Total,All age ranges or no breakdown by age,Total,Percentage of population,Not Applicable,Not Applicable,Not Applicable,Not Applicable,Ratio,Two,World Development Indicators (WDI),Annual,Units,Normal value,Public,,,,,,,,,,,52.9,51.5,52.5,53.6,54.7,55.8,56.9,58.0,59.1,56.9,61.4,62.6,57.9,65.0,68.6,67.3,69.4,74.3,71.0,75.1,76.8,78.5,78.0,81.3
datastructure,WB.DATA360:DS_DATA360(1.3),I,A,UGA,WB_WDI_EG_ELC_ACCS_ZS,_T,_T,_T,PT_POP,_Z,_Z,_Z,_Z,RATIO,2,WB_WDI,P1Y,0,A,PU,Annual,Uganda,Access to electricity (% of population),Total,All age ranges or no breakdown by age,Total,Percentage of population,Not Applicable,Not Applicable,Not Applicable,Not Applicable,Ratio,Two,World Development Indicators (WDI),Annual,Units,Normal value,Public,,5.6,,,0.533898532390594,6.8,2.81110429763794,3.94494771957397,5.07471179962158,6.19963407516479,7.4,8.6,7.8,10.5,11.6,8.9,9.0,14.8,15.9,10.0,12.1,14.6,20.5,13.9,20.4,18.5,26.7,32.4,41.9,41.3,42.1,45.2,47.1,51.5
datastructure,WB.DATA360:DS_DATA360(1.3),I,A,VNM,WB_WDI_EG_ELC_ACCS_ZS,_T,_T,_T,PT_POP,_Z,_Z,_Z,_Z,RATIO,2,WB_WDI,P1Y,0,A,PU,Annual,Vietnam,Access to electricity (% of population),Total,All age ranges or no breakdown by age,Total,Percentage of population,Not Applicable,Not Applicable,Not Applicable,Not Applicable,Ratio,Two,World Development Indicators (WDI),Annual,Units,Normal value,Public,,,,,,,,78.4,86.1759872436523,86.9944381713867,88.2,88.9,89.1,90.3,91.0,96.1,96.0,93.1,93.8,96.1,97.4,99.0,97.9,98.5,99.2,99.3,99.2,100.0,100.0,99.4,99.8,100.0,100.0,99.8
datastructure,WB.DATA360:DS_DATA360(1.3),I,A,LTE,WB_WDI_EG_ELC_ACCS_ZS,_T,_T,_T,PT_POP,_Z,_Z,_Z,_Z,RATIO,2,WB_WDI,P1Y,0,A,PU,Annual,Late-demographic dividend,Access to electricity (% of population),Total,All age ranges or no breakdown by age,Total,Percentage of population,Not Applicable,Not Applicable,Not Applicable,Not Applicable,Ratio,Two,World Development Indicators (WDI),Annual,Units,Normal value,Public,,,,,,,,,,,95.25130388870957,95.91349852469533,96.25370745256878,96.45572274819148,96.73598350081073,97.16645972058791,97.88947006995541,97.62867501028128,97.99492634723043,97.68878294746752,98.35251143947235,98.62602183753876,98.71218892125073,98.89796744541252,99.00433942384235,98.78022173060467,99.11634969226033,99.27211230749646,99.28067635932376,99.32897712323391,99.38685899934015,99.41161816394329,99.47711483281337,99.45709581300292
datastructure,WB.DATA360:DS_DATA360(1.3),I,A,UKR,WB_WDI_EG_ELC_ACCS_ZS,_T,_T,_T,PT_POP,_Z,_Z,_Z,_Z,RATIO,2,WB_WDI,P1Y,0,A,PU,Annual,Ukraine,Access to electricity (% of population),Total,All age ranges or no breakdown by age,Total,Percentage of population,Not Applicable,Not Applicable,Not Applicable,Not Applicable,Ratio,Two,World Development Indicators (WDI),Annual,Units,Normal value,Public,100.0,100.0,100.0,100.0,100.0,100.0,100.0,100.0,100.0,100.0,99.1,99.2,99.3,99.3,99.4,99.9,99.5,99.8,99.8,99.9,100.0,100.0,99.9,100.0,100.0,100.0,100.0,100.0,100.0,100.0,100.0,100.0,100.0,100.0
datastructure,WB.DATA360:DS_DATA360(1.3),I,A,VCT,WB_WDI_EG_ELC_ACCS_ZS,_T,_T,_T,PT_POP,_Z,_Z,_Z,_Z,RATIO,2,WB_WDI,P1Y,0,A,PU,Annual,St. Vincent and the Grenadines,Access to electricity (% of population),Total,All age ranges or no breakdown by age,Total,Percentage of population,Not Applicable,Not Applicable,Not Applicable,Not Applicable,Ratio,Two,World Development Indicators (WDI),Annual,Units,Normal value,Public,,66.8,69.1144332885742,70.46484375,71.8138961791992,73.1609039306641,74.5052032470703,75.8460922241211,77.1829071044922,78.5148773193359,80.0,82.4,82.4,83.7,84.9,86.2,87.5,88.8,90.1,91.4,92.7,94.1,95.4,96.8,98.1,99.4,99.7,100.0,100.0,100.0,100.0,100.0,100.0,100.0
datastructure,WB.DATA360:DS_DATA360(1.3),I,A,ECS,WB_WDI_EG_ELC_ACCS_ZS,_T,_T,_T,PT_POP,_Z,_Z,_Z,_Z,RATIO,2,WB_WDI,P1Y,0,A,PU,Annual,Europe & Central Asia,Access to electricity (% of population),Total,All age ranges or no breakdown by age,Total,Percentage of population,Not Applicable,Not Applicable,Not Applicable,Not Applicable,Ratio,Two,World Development Indicators (WDI),Annual,Units,Normal value,Public,100.0,100.0,100.0,100.0,100.0,99.99775493014293,99.97059308221895,99.96458507839255,99.9667771365628,99.86935334234505,99.11530706135355,99.1655507745026,99.20394167104094,99.21303259956926,99.23900735010079,99.27990043497388,99.30135947881621,99.36308035647049,99.40809614062829,99.46616857606313,99.66544251228636,99.66390276429055,99.82819162262349,99.84952120496533,99.87613696993655,99.16777933960876,99.82899002862327,99.96414862518999,99.97077467635692,99.95345222625677,99.97602732519711,99.98819305220208,99.99773163402405,100.0
datastructure,WB.DATA360:DS_DATA360(1.3),I,A,LTU,WB_WDI_EG_ELC_ACCS_ZS,_T,_T,_T,PT_POP,_Z,_Z,_Z,_Z,RATIO,2,WB_WDI,P1Y,0,A,PU,Annual,Lithuania,Access to electricity (% of population),Total,All age ranges or no breakdown by age,Total,Percentage of population,Not Applicable,Not Applicable,Not Applicable,Not Applicable,Ratio,Two,World Development Indicators (WDI),Annual,Units,Normal value,Public,100.0,100.0,100.0,100.0,100.0,100.0,100.0,100.0,100.0,100.0,99.5,99.5,99.4,99.4,99.4,99.4,99.4,99.4,99.4,99.5,99.7,99.7,100.0,100.0,100.0,100.0,100.0,100.0,100.0,100.0,100.0,100.0,100.0,100.0
datastructure,WB.DATA360:DS_DATA360(1.3),I,A,AND,WB_WDI_EG_ELC_ACCS_ZS,_T,_T,_T,PT_POP,_Z,_Z,_Z,_Z,RATIO,2,WB_WDI,P1Y,0,A,PU,Annual,Andorra,Access to electricity (% of population),Total,All age ranges or no breakdown by age,Total,Percentage of population,Not Applicable,Not Applicable,Not Applicable,Not Applicable,Ratio,Two,World Development Indicators (WDI),Annual,Units,Normal value,Public,100.0,100.0,100.0,100.0,100.0,100.0,100.0,100.0,100.0,100.0,100.0,100.0,100.0,100.0,100.0,100.0,100.0,100.0,100.0,100.0,100.0,100.0,100.0,100.0,100.0,100.0,100.0,100.0,100.0,100.0,100.0,100.0,100.0,100.0
datastructure,WB.DATA360:DS_DATA360(1.3),I,A,LAC,WB_WDI_EG_ELC_ACCS_ZS,_T,_T,_T,PT_POP,_Z,_Z,_Z,_Z,RATIO,2,WB_WDI,P1Y,0,A,PU,Annual,Latin America & Caribbean (excluding high income),Access to electricity (% of population),Total,All age ranges or no breakdown by age,Total,Percentage of population,Not Applicable,Not Applicable,Not Applicable,Not Applicable,Ratio,Two,World Development Indicators (WDI),Annual,Units,Normal value,Public,,,88.42127281285629,89.07456033169142,90.01923766022965,88.30669437910079,89.32435726658267,89.772643094629,90.38810441549982,91.04596696508607,91.46897952651209,92.10519837991863,92.43602913137623,92.43970160499401,93.0182149762883,93.33639232102813,94.05418911519591,94.31684522770574,95.09951519405605,95.27099194264675,95.75011383013963,96.0646341819472,96.4460399311427,96.77277036573332,96.9511899456544,97.19983883668478,97.38953179654321,97.63459565726332,97.67200417715429,97.9267480324862,98.07554681235504,98.20804787655791,98.53326069728209,98.34800149977097
datastructure,WB.DATA360:DS_DATA360(1.3),I,A,GRL,WB_WDI_EG_ELC_ACCS_ZS,_T,_T,_T,PT_POP,_Z,_Z,_Z,_Z,RATIO,2,WB_WDI,P1Y,0,A,PU,Annual,Greenland,Access to electricity (% of population),Total,All age ranges or no breakdown by age,Total,Percentage of population,Not Applicable,Not Applicable,Not Applicable,Not Applicable,Ratio,Two,World Development Indicators (WDI),Annual,Units,Normal value,Public,100.0,100.0,100.0,100.0,100.0,100.0,100.0,100.0,100.0,100.0,100.0,100.0,100.0,100.0,100.0,100.0,100.0,100.0,100.0,100.0,100.0,100.0,100.0,100.0,100.0,100.0,100.0,100.0,100.0,100.0,100.0,100.0,100.0,100.0
datastructure,WB.DATA360:DS_DATA360(1.3),I,A,NOR,WB_WDI_EG_ELC_ACCS_ZS,_T,_T,_T,PT_POP,_Z,_Z,_Z,_Z,RATIO,2,WB_WDI,P1Y,0,A,PU,Annual,Norway,Access to electricity (% of population),Total,All age ranges or no breakdown by age,Total,Percentage of population,Not Applicable,Not Applicable,Not Applicable,Not Applicable,Ratio,Two,World Development Indicators (WDI),Annual,Units,Normal value,Public,100.0,100.0,100.0,100.0,100.0,100.0,100.0,100.0,100.0,100.0,100.0,100.0,100.0,100.0,100.0,100.0,100.0,100.0,100.0,100.0,100.0,100.0,100.0,100.0,100.0,100.0,100.0,100.0,100.0,100.0,100.0,100.0,100.0,100.0
datastructure,WB.DATA360:DS_DATA360(1.3),I,A,OSS,WB_WDI_EG_ELC_ACCS_ZS,_T,_T,_T,PT_POP,_Z,_Z,_Z,_Z,RATIO,2,WB_WDI,P1Y,0,A,PU,Annual,Other small states,Access to electricity (% of population),Total,All age ranges or no breakdown by age,Total,Percentage of population,Not Applicable,Not Applicable,Not Applicable,Not Applicable,Ratio,Two,World Development Indicators (WDI),Annual,Units,Normal value,Public,,,,,,,,,,,71.11939342913402,72.86553763677789,72.12594486221275,73.16953701118751,74.52604160288742,75.79847568341667,76.18270983738677,77.6573850936105,78.46626410338556,78.92121986243863,79.84327785569828,82.37631690434549,83.21596630449173,84.06874577958624,85.54369196459383,86.45203304818689,87.85440413104445,89.32800268771487,90.47245307416803,91.80355131332618,92.83849850044288,93.85607282124728,93.96053178182069,94.49546921752649
datastructure,WB.DATA360:DS_DATA360(1.3),I,A,GRD,WB_WDI_EG_ELC_ACCS_ZS,_T,_T,_T,PT_POP,_Z,_Z,_Z,_Z,RATIO,2,WB_WDI,P1Y,0,A,PU,Annual,Grenada,Access to electricity (% of population),Total,All age ranges or no breakdown by age,Total,Percentage of population,Not Applicable,Not Applicable,Not Applicable,Not Applicable,Ratio,Two,World Development Indicators (WDI),Annual,Units,Normal value,Public,,,,,,,,,85.04,85.5294647216797,86.0,86.3,86.6,86.9,87.2,87.5,87.9,88.2,90.0,89.0,89.4,88.8,90.2,90.6,91.0,91.4,91.8,92.2,92.3,93.0,93.4,93.7,94.2,94.4
datastructure,WB.DATA360:DS_DATA360(1.3),I,A,SSA,WB_WDI_EG_ELC_ACCS_ZS,_T,_T,_T,PT_POP,_Z,_Z,_Z,_Z,RATIO,2,WB_WDI,P1Y,0,A,PU,Annual,Sub-Saharan Africa (excluding high income),Access to electricity (% of population),Total,All age ranges or no breakdown by age,Total,Percentage of population,Not Applicable,Not Applicable,Not Applicable,Not Applicable,Ratio,Two,World Development Indicators (WDI),Annual,Units,Normal value,Public,,,,,,,28.500551472465155,28.352846515667462,28.557784427846148,30.138700253414928,25.697121066385744,26.15617150089169,27.331647793097865,29.589073997885357,29.3653058196257,29.347431217327294,31.196220881801022,32.51276454346204,32.39707353455552,32.61948862219141,33.3300093882027,35.89318247587256,36.769425653923975,38.02495920649521,38.34489107967338,39.19092981020074,43.82325461019609,43.75495476959565,46.40941391213077,47.18896117531057,48.536508403436365,50.64858991832372,51.57798495759158,53.24632046901339
datastructure,WB.DATA360:DS_DATA360(1.3),I,A,BWA,WB_WDI_EG_ELC_ACCS_ZS,_T,_T,_T,PT_POP,_Z,_Z,_Z,_Z,RATIO,2,WB_WDI,P1Y,0,A,PU,Annual,Botswana,Access to electricity (% of population),Total,All age ranges or no breakdown by age,Total,Percentage of population,Not Applicable,Not Applicable,Not Applicable,Not Applicable,Ratio,Two,World Development Indicators (WDI),Annual,Units,Normal value,Public,,10.1,9.39822673797607,11.6420764923096,13.8845663070679,16.1250171661377,18.3627471923828,20.5970783233643,22.8273296356201,25.0527400970459,26.5,24.8,27.0,33.1,35.3,37.5,39.7,41.9,44.5,43.4,52.0,53.2,56.0,58.0,60.0,62.1,64.2,67.4,68.3,70.1,71.8,73.7,75.9,76.0
datastructure,WB.DATA360:DS_DATA360(1.3),I,A,AFW,WB_WDI_EG_ELC_ACCS_ZS,_T,_T,_T,PT_POP,_Z,_Z,_Z,_Z,RATIO,2,WB_WDI,P1Y,0,A,PU,Annual,Africa Western and Central,Access to electricity (% of population),Total,All age ranges or no breakdown by age,Total,Percentage of population,Not Applicable,Not Applicable,Not Applicable,Not Applicable,Ratio,Two,World Development Indicators (WDI),Annual,Units,Normal value,Public,,,,31.653468572507776,32.69220763441453,33.69483534317942,32.69739458345377,32.52391975443434,33.53736919635219,34.91895108606483,34.26883746106428,35.34436706140794,35.82860772529193,39.98309066304476,37.611967541535506,37.95168203335373,39.96942565379396,40.879148378491905,41.87866978082028,42.0123595500348,41.96445530341974,46.06903442485952,44.19240754017948,47.20212349225823,47.77008072615441,46.86548262843597,51.051635553530424,48.902227563243,51.33819851127707,51.28937404802154,51.85186621096135,54.36601209990225,55.6835697780528,57.06473746807466
datastructure,WB.DATA360:DS_DATA360(1.3),I,A,MYS,WB_WDI_EG_ELC_ACCS_ZS,_T,_T,_T,PT_POP,_Z,_Z,_Z,_Z,RATIO,2,WB_WDI,P1Y,0,A,PU,Annual,Malaysia,Access to electricity (% of population),Total,All age ranges or no breakdown by age,Total,Percentage of population,Not Applicable,Not Applicable,Not Applicable,Not Applicable,Ratio,Two,World Development Indicators (WDI),Annual,Units,Normal value,Public,,,,,,,,,,,98.6,98.6,98.6,98.7,98.7,98.7,98.8,98.9,99.0,99.3,99.5,99.5,99.8,99.6,99.7,99.9,99.9,100.0,100.0,100.0,100.0,100.0,100.0,100.0
datastructure,WB.DATA360:DS_DATA360(1.3),I,A,AUT,WB_WDI_EG_ELC_ACCS_ZS,_T,_T,_T,PT_POP,_Z,_Z,_Z,_Z,RATIO,2,WB_WDI,P1Y,0,A,PU,Annual,Austria,Access to electricity (% of population),Total,All age ranges or no breakdown by age,Total,Percentage of population,Not Applicable,Not Applicable,Not Applicable,Not Applicable,Ratio,Two,World Development Indicators (WDI),Annual,Units,Normal value,Public,100.0,100.0,100.0,100.0,100.0,100.0,100.0,100.0,100.0,100.0,100.0,100.0,100.0,100.0,100.0,100.0,100.0,100.0,100.0,100.0,100.0,100.0,100.0,100.0,100.0,100.0,100.0,100.0,100.0,100.0,100.0,100.0,100.0,100.0
datastructure,WB.DATA360:DS_DATA360(1.3),I,A,ETH,WB_WDI_EG_ELC_ACCS_ZS,_T,_T,_T,PT_POP,_Z,_Z,_Z,_Z,RATIO,2,WB_WDI,P1Y,0,A,PU,Annual,Ethiopia,Access to electricity (% of population),Total,All age ranges or no breakdown by age,Total,Percentage of population,Not Applicable,Not Applicable,Not Applicable,Not Applicable,Ratio,Two,World Development Indicators (WDI),Annual,Units,Normal value,Public,,,,,,,,,,,12.7,10.2,11.9,13.5,15.2,14.0,18.6,20.3,22.0,23.7,25.5,23.0,29.0,30.8,27.2,29.0,42.9,44.3,44.8,48.0,51.1,54.2,55.4,55.4
datastructure,WB.DATA360:DS_DATA360(1.3),I,A,KWT,WB_WDI_EG_ELC_ACCS_ZS,_T,_T,_T,PT_POP,_Z,_Z,_Z,_Z,RATIO,2,WB_WDI,P1Y,0,A,PU,Annual,Kuwait,Access to electricity (% of population),Total,All age ranges or no breakdown by age,Total,Percentage of population,Not Applicable,Not Applicable,Not Applicable,Not Applicable,Ratio,Two,World Development Indicators (WDI),Annual,Units,Normal value,Public,100.0,100.0,100.0,100.0,100.0,100.0,100.0,100.0,100.0,100.0,100.0,100.0,100.0,100.0,100.0,100.0,100.0,100.0,100.0,100.0,100.0,100.0,100.0,100.0,100.0,100.0,100.0,100.0,100.0,100.0,100.0,100.0,100.0,100.0
datastructure,WB.DATA360:DS_DATA360(1.3),I,A,BOL,WB_WDI_EG_ELC_ACCS_ZS,_T,_T,_T,PT_POP,_Z,_Z,_Z,_Z,RATIO,2,WB_WDI,P1Y,0,A,PU,Annual,Bolivia,Access to electricity (% of population),Total,All age ranges or no breakdown by age,Total,Percentage of population,Not Applicable,Not Applicable,Not Applicable,Not Applicable,Ratio,Two,World Development Indicators (WDI),Annual,Units,Normal value,Public,,,60.0279006958008,61.3840293884277,64.1,64.0915298461914,71.0,67.330431,71.2,70.929888,70.0,69.3,64.0,72.3,75.9,68.3,76.2,80.2,84.7,86.8,88.0,88.3,90.4,89.5,90.0,91.5,91.8,91.8,92.8,95.1,97.2,98.6,99.9,99.8
datastructure,WB.DATA360:DS_DATA360(1.3),I,A,MOZ,WB_WDI_EG_ELC_ACCS_ZS,_T,_T,_T,PT_POP,_Z,_Z,_Z,_Z,RATIO,2,WB_WDI,P1Y,0,A,PU,Annual,Mozambique,Access to electricity (% of population),Total,All age ranges or no breakdown by age,Total,Percentage of population,Not Applicable,Not Applicable,Not Applicable,Not Applicable,Ratio,Two,World Development Indicators (WDI),Annual,Units,Normal value,Public,,,,,,,,6.6,3.66317558288574,4.87912368774414,6.1,5.7,8.4,8.1,10.7,11.8,13.0,12.4,13.6,15.0,18.9,20.2,21.2,22.4,24.8,24.0,26.2,24.3,31.1,29.7,30.6,31.5,33.2,36.0
datastructure,WB.DATA360:DS_DATA360(1.3),I,A,CIV,WB_WDI_EG_ELC_ACCS_ZS,_T,_T,_T,PT_POP,_Z,_Z,_Z,_Z,RATIO,2,WB_WDI,P1Y,0,A,PU,Annual,Côte d’Ivoire,Access to electricity (% of population),Total,All age ranges or no breakdown by age,Total,Percentage of population,Not Applicable,Not Applicable,Not Applicable,Not Applicable,Ratio,Two,World Development Indicators (WDI),Annual,Units,Normal value,Public,,,,,36.5,43.6312522888184,44.6482124328613,45.6617698669434,46.6712455749512,48.2,48.7,49.7,51.4,51.5,52.4,58.9,60.2,55.3,60.3,57.3,58.4,55.8,55.8,61.5,61.9,62.6,64.3,65.6,67.1,68.6,69.9,71.1,72.0,72.4
datastructure,WB.DATA360:DS_DATA360(1.3),I,A,PRT,WB_WDI_EG_ELC_ACCS_ZS,_T,_T,_T,PT_POP,_Z,_Z,_Z,_Z,RATIO,2,WB_WDI,P1Y,0,A,PU,Annual,Portugal,Access to electricity (% of population),Total,All age ranges or no breakdown by age,Total,Percentage of population,Not Applicable,Not Applicable,Not Applicable,Not Applicable,Ratio,Two,World Development Indicators (WDI),Annual,Units,Normal value,Public,100.0,100.0,100.0,100.0,100.0,100.0,100.0,100.0,100.0,100.0,100.0,100.0,100.0,100.0,100.0,100.0,100.0,100.0,100.0,100.0,100.0,100.0,100.0,100.0,100.0,100.0,100.0,100.0,100.0,100.0,100.0,100.0,100.0,100.0
datastructure,WB.DATA360:DS_DATA360(1.3),I,A,HTI,WB_WDI_EG_ELC_ACCS_ZS,_T,_T,_T,PT_POP,_Z,_Z,_Z,_Z,RATIO,2,WB_WDI,P1Y,0,A,PU,Annual,Haiti,Access to electricity (% of population),Total,All age ranges or no breakdown by age,Total,Percentage of population,Not Applicable,Not Applicable,Not Applicable,Not Applicable,Ratio,Two,World Development Indicators (WDI),Annual,Units,Normal value,Public,,,,,,31.3,30.0130176544189,30.5570373535156,31.0969753265381,31.6320724487305,33.7,31.5,33.1,31.6,34.1,34.5,33.9,35.5,36.1,36.6,37.2,37.8,37.9,38.9,39.6,40.8,40.4,43.3,44.4,45.4,46.3,47.2,49.3,51.3
datastructure,WB.DATA360:DS_DATA360(1.3),I,A,AFG,WB_WDI_EG_ELC_ACCS_ZS,_T,_T,_T,PT_POP,_Z,_Z,_Z,_Z,RATIO,2,WB_WDI,P1Y,0,A,PU,Annual,Afghanistan,Access to electricity (% of population),Total,All age ranges or no breakdown by age,Total,Percentage of population,Not Applicable,Not Applicable,Not Applicable,Not Applicable,Ratio,Two,World Development Indicators (WDI),Annual,Units,Normal value,Public,,,,,,,,,,,4.4,9.3,14.1,19.0,23.8,28.7,33.5,38.4,42.4,48.3,42.7,43.2,69.1,68.0,89.5,71.5,97.7,97.7,93.4,97.7,97.7,97.7,85.3,85.3
datastructure,WB.DATA360:DS_DATA360(1.3),I,A,MCO,WB_WDI_EG_ELC_ACCS_ZS,_T,_T,_T,PT_POP,_Z,_Z,_Z,_Z,RATIO,2,WB_WDI,P1Y,0,A,PU,Annual,Monaco,Access to electricity (% of population),Total,All age ranges or no breakdown by age,Total,Percentage of population,Not Applicable,Not Applicable,Not Applicable,Not Applicable,Ratio,Two,World Development Indicators (WDI),Annual,Units,Normal value,Public,100.0,100.0,100.0,100.0,100.0,100.0,100.0,100.0,100.0,100.0,100.0,100.0,100.0,100.0,100.0,100.0,100.0,100.0,100.0,100.0,100.0,100.0,100.0,100.0,100.0,100.0,100.0,100.0,100.0,100.0,100.0,100.0,100.0,100.0
datastructure,WB.DATA360:DS_DATA360(1.3),I,A,MDG,WB_WDI_EG_ELC_ACCS_ZS,_T,_T,_T,PT_POP,_Z,_Z,_Z,_Z,RATIO,2,WB_WDI,P1Y,0,A,PU,Annual,Madagascar,Access to electricity (% of population),Total,All age ranges or no breakdown by age,Total,Percentage of population,Not Applicable,Not Applicable,Not Applicable,Not Applicable,Ratio,Two,World Development Indicators (WDI),Annual,Units,Normal value,Public,,,9.2,10.1056232452393,10.5616483688354,11.0156345367432,11.4669008255005,10.9,12.3585548400879,12.7975006103516,12.6,14.8,14.0,20.3,15.3,16.0,16.8,17.5,18.3,17.4,12.3,14.3,18.7,12.9,23.0,23.8,22.9,24.1,36.5,31.0,32.0,35.1,36.1,39.4
datastructure,WB.DATA360:DS_DATA360(1.3),I,A,BRA,WB_WDI_EG_ELC_ACCS_ZS,_T,_T,_T,PT_POP,_Z,_Z,_Z,_Z,RATIO,2,WB_WDI,P1Y,0,A,PU,Annual,Brazil,Access to electricity (% of population),Total,All age ranges or no breakdown by age,Total,Percentage of population,Not Applicable,Not Applicable,Not Applicable,Not Applicable,Ratio,Two,World Development Indicators (WDI),Annual,Units,Normal value,Public,87.475116,90.6065444946289,88.803833,89.999927,91.8837280273438,91.728598,92.867095,93.354139,94.193812,94.76296,94.4,96.0,96.7,97.0,96.8,97.1,97.6,98.1,98.5,98.9,98.6,99.3,99.5,99.6,99.7,99.7,99.7,99.8,99.7,99.8,99.7,99.5,100.0,99.8
datastructure,WB.DATA360:DS_DATA360(1.3),I,A,LBR,WB_WDI_EG_ELC_ACCS_ZS,_T,_T,_T,PT_POP,_Z,_Z,_Z,_Z,RATIO,2,WB_WDI,P1Y,0,A,PU,Annual,Liberia,Access to electricity (% of population),Total,All age ranges or no breakdown by age,Total,Percentage of population,Not Applicable,Not Applicable,Not Applicable,Not Applicable,Ratio,Two,World Development Indicators (WDI),Annual,Units,Normal value,Public,,,,,,,,,,,,,,,,,,3.0,1.3,1.9,5.3,4.1,9.3,9.8,9.4,15.2,17.7,24.2,22.8,23.1,27.6,29.8,31.8,32.5
datastructure,WB.DATA360:DS_DATA360(1.3),I,A,KOR,WB_WDI_EG_ELC_ACCS_ZS,_T,_T,_T,PT_POP,_Z,_Z,_Z,_Z,RATIO,2,WB_WDI,P1Y,0,A,PU,Annual,"Korea, Rep.",Access to electricity (% of population),Total,All age ranges or no breakdown by age,Total,Percentage of population,Not Applicable,Not Applicable,Not Applicable,Not Applicable,Ratio,Two,World Development Indicators (WDI),Annual,Units,Normal value,Public,99.8828430175781,99.9126739501953,99.9422149658203,99.9694366455078,99.9891204833984,100.0,100.0,100.0,100.0,100.0,100.0,100.0,100.0,100.0,100.0,100.0,100.0,100.0,100.0,100.0,100.0,100.0,100.0,100.0,100.0,100.0,100.0,100.0,100.0,100.0,100.0,100.0,100.0,100.0
datastructure,WB.DATA360:DS_DATA360(1.3),I,A,CEB,WB_WDI_EG_ELC_ACCS_ZS,_T,_T,_T,PT_POP,_Z,_Z,_Z,_Z,RATIO,2,WB_WDI,P1Y,0,A,PU,Annual,Central Europe and the Baltics,Access to electricity (% of population),Total,All age ranges or no breakdown by age,Total,Percentage of population,Not Applicable,Not Applicable,Not Applicable,Not Applicable,Ratio,Two,World Development Indicators (WDI),Annual,Units,Normal value,Public,100.0,100.0,100.0,100.0,100.0,100.0,100.0,100.0,100.0,100.0,97.92626353295941,98.0235379735737,98.14155832038165,98.19079689504163,98.26792983008005,98.32069984102795,98.42428178081595,98.5276446395055,98.66885654612499,98.85866011866837,98.96442715450975,99.06829872237456,99.20283568974175,99.30847738413055,99.41076946216303,99.53847098632986,99.64591382979448,99.8736866830469,99.87637589835262,99.94803496267986,99.98058396496997,99.98701211822892,100.0,100.0
datastructure,WB.DATA360:DS_DATA360(1.3),I,A,MWI,WB_WDI_EG_ELC_ACCS_ZS,_T,_T,_T,PT_POP,_Z,_Z,_Z,_Z,RATIO,2,WB_WDI,P1Y,0,A,PU,Annual,Malawi,Access to electricity (% of population),Total,All age ranges or no breakdown by age,Total,Percentage of population,Not Applicable,Not Applicable,Not Applicable,Not Applicable,Ratio,Two,World Development Indicators (WDI),Annual,Units,Normal value,Public,,,3.2,1.55355584621429,2.01366138458252,2.47172713279724,2.92707347869873,3.37902021408081,3.82688760757446,4.26991271972656,4.8,5.2,5.6,6.2,6.9,6.6,3.7,7.4,7.8,8.3,8.7,7.6,7.4,9.0,11.9,10.8,11.0,12.7,18.0,11.2,11.5,14.2,14.0,15.6
datastructure,WB.DATA360:DS_DATA360(1.3),I,A,ZMB,WB_WDI_EG_ELC_ACCS_ZS,_T,_T,_T,PT_POP,_Z,_Z,_Z,_Z,RATIO,2,WB_WDI,P1Y,0,A,PU,Annual,Zambia,Access to electricity (% of population),Total,All age ranges or no breakdown by age,Total,Percentage of population,Not Applicable,Not Applicable,Not Applicable,Not Applicable,Ratio,Two,World Development Indicators (WDI),Annual,Units,Normal value,Public,13.9,12.7527027130127,19.2,14.213207244873,14.9417591094971,15.6682720184326,17.3,17.1124591827393,19.0,18.5402450561523,16.7,20.2,17.4,18.5,20.3,23.3,24.1,18.5,25.7,26.6,22.0,28.3,29.2,30.1,27.9,31.1,35.4,40.3,40.2,43.0,44.6,46.7,47.8,51.1
datastructure,WB.DATA360:DS_DATA360(1.3),I,A,MNE,WB_WDI_EG_ELC_ACCS_ZS,_T,_T,_T,PT_POP,_Z,_Z,_Z,_Z,RATIO,2,WB_WDI,P1Y,0,A,PU,Annual,Montenegro,Access to electricity (% of population),Total,All age ranges or no breakdown by age,Total,Percentage of population,Not Applicable,Not Applicable,Not Applicable,Not Applicable,Ratio,Two,World Development Indicators (WDI),Annual,Units,Normal value,Public,100.0,100.0,100.0,100.0,100.0,100.0,100.0,100.0,100.0,100.0,99.1,99.1,99.0,99.0,99.0,99.8,99.0,99.0,99.0,99.1,99.2,99.0,99.3,99.7,97.7,99.5,99.6,100.0,100.0,100.0,99.9,99.8,100.0,100.0
datastructure,WB.DATA360:DS_DATA360(1.3),I,A,NAM,WB_WDI_EG_ELC_ACCS_ZS,_T,_T,_T,PT_POP,_Z,_Z,_Z,_Z,RATIO,2,WB_WDI,P1Y,0,A,PU,Annual,Namibia,Access to electricity (% of population),Total,All age ranges or no breakdown by age,Total,Percentage of population,Not Applicable,Not Applicable,Not Applicable,Not Applicable,Ratio,Two,World Development Indicators (WDI),Annual,Units,Normal value,Public,,,26.4,27.0,28.9325885772705,29.9521484375,30.9689884185791,31.9824295043945,32.9917907714844,33.9963111877441,36.5,36.0,36.9,37.8,38.7,39.6,40.5,43.7,42.4,44.1,44.4,42.3,46.4,47.4,48.4,51.6,49.7,52.5,52.3,53.3,52.3,55.2,56.2,56.7
datastructure,WB.DATA360:DS_DATA360(1.3),I,A,PAK,WB_WDI_EG_ELC_ACCS_ZS,_T,_T,_T,PT_POP,_Z,_Z,_Z,_Z,RATIO,2,WB_WDI,P1Y,0,A,PU,Annual,Pakistan,Access to electricity (% of population),Total,All age ranges or no breakdown by age,Total,Percentage of population,Not Applicable,Not Applicable,Not Applicable,Not Applicable,Ratio,Two,World Development Indicators (WDI),Annual,Units,Normal value,Public,,,,,,,,,70.46,70.2653503417969,72.8,73.9,74.9,76.0,77.0,78.1,79.1,80.2,81.4,82.5,87.1,87.8,88.6,89.3,90.1,91.0,91.8,92.7,93.4,93.9,94.5,94.9,95.0,95.6
datastructure,WB.DATA360:DS_DATA360(1.3),I,A,URY,WB_WDI_EG_ELC_ACCS_ZS,_T,_T,_T,PT_POP,_Z,_Z,_Z,_Z,RATIO,2,WB_WDI,P1Y,0,A,PU,Annual,Uruguay,Access to electricity (% of population),Total,All age ranges or no breakdown by age,Total,Percentage of population,Not Applicable,Not Applicable,Not Applicable,Not Applicable,Ratio,Two,World Development Indicators (WDI),Annual,Units,Normal value,Public,,,96.1823120117188,96.3630599975586,96.5424499511719,96.7197952270508,95.9,97.0656509399414,97.2328033447266,97.3951110839844,97.6,97.7,97.8,97.9,98.0,98.0,98.5,98.7,98.8,99.1,99.3,99.2,99.6,99.6,99.7,99.7,99.7,99.8,99.8,99.9,100.0,100.0,100.0,100.0
datastructure,WB.DATA360:DS_DATA360(1.3),I,A,NRU,WB_WDI_EG_ELC_ACCS_ZS,_T,_T,_T,PT_POP,_Z,_Z,_Z,_Z,RATIO,2,WB_WDI,P1Y,0,A,PU,Annual,Nauru,Access to electricity (% of population),Total,All age ranges or no breakdown by age,Total,Percentage of population,Not Applicable,Not Applicable,Not Applicable,Not Applicable,Ratio,Two,World Development Indicators (WDI),Annual,Units,Normal value,Public,98.9990844726563,99.0413055419922,99.0834197998047,99.1248550415039,99.164924621582,99.2029571533203,99.2382659912109,99.2701797485352,99.2980117797852,99.3210067749023,99.1,99.0,99.0,99.0,99.0,99.0,99.0,99.8,99.1,99.1,99.2,99.0,99.4,99.4,99.5,99.0,99.7,99.8,99.9,100.0,100.0,100.0,100.0,100.0
datastructure,WB.DATA360:DS_DATA360(1.3),I,A,XKX,WB_WDI_EG_ELC_ACCS_ZS,_T,_T,_T,PT_POP,_Z,_Z,_Z,_Z,RATIO,2,WB_WDI,P1Y,0,A,PU,Annual,Kosovo,Access to electricity (% of population),Total,All age ranges or no breakdown by age,Total,Percentage of population,Not Applicable,Not Applicable,Not Applicable,Not Applicable,Ratio,Two,World Development Indicators (WDI),Annual,Units,Normal value,Public,100.0,100.0,100.0,100.0,100.0,100.0,100.0,100.0,100.0,100.0,,,,,,,,,,,,,,,,,,,,,,,,
datastructure,WB.DATA360:DS_DATA360(1.3),I,A,COM,WB_WDI_EG_ELC_ACCS_ZS,_T,_T,_T,PT_POP,_Z,_Z,_Z,_Z,RATIO,2,WB_WDI,P1Y,0,A,PU,Annual,Comoros,Access to electricity (% of population),Total,All age ranges or no breakdown by age,Total,Percentage of population,Not Applicable,Not Applicable,Not Applicable,Not Applicable,Ratio,Two,World Development Indicators (WDI),Annual,Units,Normal value,Public,,,,,,,28.9,32.7624130249023,35.0945281982422,37.421802520752,39.8,42.0,44.8,46.5,48.7,51.0,53.2,55.5,57.8,60.1,69.7,69.3,69.3,69.4,71.8,74.1,76.4,78.7,81.0,83.3,85.6,87.9,89.9,89.8
datastructure,WB.DATA360:DS_DATA360(1.3),I,A,BEL,WB_WDI_EG_ELC_ACCS_ZS,_T,_T,_T,PT_POP,_Z,_Z,_Z,_Z,RATIO,2,WB_WDI,P1Y,0,A,PU,Annual,Belgium,Access to electricity (% of population),Total,All age ranges or no breakdown by age,Total,Percentage of population,Not Applicable,Not Applicable,Not Applicable,Not Applicable,Ratio,Two,World Development Indicators (WDI),Annual,Units,Normal value,Public,100.0,100.0,100.0,100.0,100.0,100.0,100.0,100.0,100.0,100.0,100.0,100.0,100.0,100.0,100.0,100.0,100.0,100.0,100.0,100.0,100.0,100.0,100.0,100.0,100.0,100.0,100.0,100.0,100.0,100.0,100.0,100.0,100.0,100.0
datastructure,WB.DATA360:DS_DATA360(1.3),I,A,HIC,WB_WDI_EG_ELC_ACCS_ZS,_T,_T,_T,PT_POP,_Z,_Z,_Z,_Z,RATIO,2,WB_WDI,P1Y,0,A,PU,Annual,High income,Access to electricity (% of population),Total,All age ranges or no breakdown by age,Total,Percentage of population,Not Applicable,Not Applicable,Not Applicable,Not Applicable,Ratio,Two,World Development Indicators (WDI),Annual,Units,Normal value,Public,99.84104862980347,99.87713769211541,99.8662160261871,99.85919054187504,99.86232890355276,99.86733970558481,99.86455366457044,99.87644161858087,99.89073897569016,99.88575405523862,99.44164311112395,99.46644306818573,99.48632943665066,99.52842538587345,99.52318915668164,99.53323292249384,99.58442441361878,99.59444638127844,99.62510481407102,99.67243651027046,99.78185106752346,99.78442760665648,99.89514469271101,99.89873838359254,99.91720737823154,99.44125559223386,99.87493983145573,99.95972170734147,99.96264356679278,99.94960956857057,99.96830589355538,99.97989086705074,99.97980013294973,99.98839978195963
datastructure,WB.DATA360:DS_DATA360(1.3),I,A,NCL,WB_WDI_EG_ELC_ACCS_ZS,_T,_T,_T,PT_POP,_Z,_Z,_Z,_Z,RATIO,2,WB_WDI,P1Y,0,A,PU,Annual,New Caledonia,Access to electricity (% of population),Total,All age ranges or no breakdown by age,Total,Percentage of population,Not Applicable,Not Applicable,Not Applicable,Not Applicable,Ratio,Two,World Development Indicators (WDI),Annual,Units,Normal value,Public,99.8443069458008,99.8758163452148,99.906867980957,99.937255859375,99.9650802612305,100.0,100.0,100.0,100.0,100.0,100.0,100.0,100.0,100.0,100.0,100.0,100.0,100.0,100.0,100.0,100.0,100.0,100.0,100.0,100.0,100.0,100.0,100.0,100.0,100.0,100.0,100.0,100.0,100.0
datastructure,WB.DATA360:DS_DATA360(1.3),I,A,KHM,WB_WDI_EG_ELC_ACCS_ZS,_T,_T,_T,PT_POP,_Z,_Z,_Z,_Z,RATIO,2,WB_WDI,P1Y,0,A,PU,Annual,Cambodia,Access to electricity (% of population),Total,All age ranges or no breakdown by age,Total,Percentage of population,Not Applicable,Not Applicable,Not Applicable,Not Applicable,Ratio,Two,World Development Indicators (WDI),Annual,Units,Normal value,Public,,,,,,,,,18.67,8.82003688812256,16.6,9.5,13.1,19.3,14.2,20.5,27.5,20.2,26.4,25.6,31.1,37.4,42.3,50.9,56.1,62.7,68.8,89.1,80.7,84.0,86.4,82.5,92.3,95.0
datastructure,WB.DATA360:DS_DATA360(1.3),I,A,JOR,WB_WDI_EG_ELC_ACCS_ZS,_T,_T,_T,PT_POP,_Z,_Z,_Z,_Z,RATIO,2,WB_WDI,P1Y,0,A,PU,Annual,Jordan,Access to electricity (% of population),Total,All age ranges or no breakdown by age,Total,Percentage of population,Not Applicable,Not Applicable,Not Applicable,Not Applicable,Ratio,Two,World Development Indicators (WDI),Annual,Units,Normal value,Public,96.8,97.8546829223633,97.9748611450195,98.0943603515625,98.2125015258789,98.3285980224609,98.4419784545898,98.9,98.6578521728516,98.7589111328125,99.0,99.0,99.5,99.0,99.2,99.0,100.0,98.8,100.0,99.4,100.0,99.6,99.5,99.7,99.8,99.9,100.0,100.0,99.9,99.9,99.9,99.9,100.0,100.0
datastructure,WB.DATA360:DS_DATA360(1.3),I,A,KNA,WB_WDI_EG_ELC_ACCS_ZS,_T,_T,_T,PT_POP,_Z,_Z,_Z,_Z,RATIO,2,WB_WDI,P1Y,0,A,PU,Annual,St. Kitts and Nevis,Access to electricity (% of population),Total,All age ranges or no breakdown by age,Total,Percentage of population,Not Applicable,Not Applicable,Not Applicable,Not Applicable,Ratio,Two,World Development Indicators (WDI),Annual,Units,Normal value,Public,91.3068161010742,91.6711730957031,92.0354309082031,92.3990020751953,92.7612075805664,93.1213836669922,93.4788360595703,93.8328857421875,94.182861328125,94.5279922485352,95.4,93.5,95.8,96.0,96.3,96.5,96.7,97.0,97.3,97.6,99.8,100.0,100.0,100.0,100.0,100.0,100.0,100.0,100.0,100.0,100.0,100.0,100.0,100.0
datastructure,WB.DATA360:DS_DATA360(1.3),I,A,SVK,WB_WDI_EG_ELC_ACCS_ZS,_T,_T,_T,PT_POP,_Z,_Z,_Z,_Z,RATIO,2,WB_WDI,P1Y,0,A,PU,Annual,Slovak Republic,Access to electricity (% of population),Total,All age ranges or no breakdown by age,Total,Percentage of population,Not Applicable,Not Applicable,Not Applicable,Not Applicable,Ratio,Two,World Development Indicators (WDI),Annual,Units,Normal value,Public,100.0,100.0,100.0,100.0,100.0,100.0,100.0,100.0,100.0,100.0,100.0,100.0,100.0,100.0,100.0,99.9,99.9,100.0,100.0,100.0,100.0,100.0,100.0,100.0,100.0,100.0,100.0,100.0,100.0,100.0,100.0,100.0,100.0,100.0
datastructure,WB.DATA360:DS_DATA360(1.3),I,A,PRY,WB_WDI_EG_ELC_ACCS_ZS,_T,_T,_T,PT_POP,_Z,_Z,_Z,_Z,RATIO,2,WB_WDI,P1Y,0,A,PU,Annual,Paraguay,Access to electricity (% of population),Total,All age ranges or no breakdown by age,Total,Percentage of population,Not Applicable,Not Applicable,Not Applicable,Not Applicable,Ratio,Two,World Development Indicators (WDI),Annual,Units,Normal value,Public,,,,,,77.469114,86.2600555419922,86.412854,87.7623672485352,88.518177,89.6,91.0,91.7,92.6,93.2,94.7,96.7,96.5,96.7,96.9,97.4,98.2,97.8,99.0,99.0,99.3,98.4,99.3,99.6,99.7,99.7,100.0,100.0,99.8
datastructure,WB.DATA360:DS_DATA360(1.3),I,A,SWZ,WB_WDI_EG_ELC_ACCS_ZS,_T,_T,_T,PT_POP,_Z,_Z,_Z,_Z,RATIO,2,WB_WDI,P1Y,0,A,PU,Annual,Eswatini,Access to electricity (% of population),Total,All age ranges or no breakdown by age,Total,Percentage of population,Not Applicable,Not Applicable,Not Applicable,Not Applicable,Ratio,Two,World Development Indicators (WDI),Annual,Units,Normal value,Public,,,,,,,,,,,20.4,26.9,25.9,28.7,31.4,34.2,35.2,39.8,42.6,38.6,45.6,51.2,54.3,57.5,65.0,64.1,63.4,73.5,74.0,77.0,80.0,82.9,82.3,86.4
datastructure,WB.DATA360:DS_DATA360(1.3),I,A,COL,WB_WDI_EG_ELC_ACCS_ZS,_T,_T,_T,PT_POP,_Z,_Z,_Z,_Z,RATIO,2,WB_WDI,P1Y,0,A,PU,Annual,Colombia,Access to electricity (% of population),Total,All age ranges or no breakdown by age,Total,Percentage of population,Not Applicable,Not Applicable,Not Applicable,Not Applicable,Ratio,Two,World Development Indicators (WDI),Annual,Units,Normal value,Public,89.9,91.8366546630859,92.1326599121094,92.4279937744141,92.7219619750977,91.2,93.3031005859375,93.5889129638672,93.8706436157227,94.1475296020508,95.2,98.5,94.9,95.1,95.3,96.8,95.7,96.0,96.8,96.1,96.8,96.7,97.0,97.8,97.8,98.2,98.4,98.5,98.5,99.4,99.7,100.0,100.0,98.7
datastructure,WB.DATA360:DS_DATA360(1.3),I,A,CZE,WB_WDI_EG_ELC_ACCS_ZS,_T,_T,_T,PT_POP,_Z,_Z,_Z,_Z,RATIO,2,WB_WDI,P1Y,0,A,PU,Annual,Czechia,Access to electricity (% of population),Total,All age ranges or no breakdown by age,Total,Percentage of population,Not Applicable,Not Applicable,Not Applicable,Not Applicable,Ratio,Two,World Development Indicators (WDI),Annual,Units,Normal value,Public,100.0,100.0,100.0,100.0,100.0,100.0,100.0,100.0,100.0,100.0,100.0,100.0,100.0,100.0,100.0,100.0,100.0,100.0,100.0,100.0,100.0,100.0,100.0,100.0,100.0,100.0,100.0,100.0,100.0,100.0,100.0,100.0,100.0,100.0
datastructure,WB.DATA360:DS_DATA360(1.3),I,A,DEU,WB_WDI_EG_ELC_ACCS_ZS,_T,_T,_T,PT_POP,_Z,_Z,_Z,_Z,RATIO,2,WB_WDI,P1Y,0,A,PU,Annual,Germany,Access to electricity (% of population),Total,All age ranges or no breakdown by age,Total,Percentage of population,Not Applicable,Not Applicable,Not Applicable,Not Applicable,Ratio,Two,World Development Indicators (WDI),Annual,Units,Normal value,Public,100.0,100.0,100.0,100.0,100.0,100.0,100.0,100.0,100.0,100.0,100.0,100.0,100.0,100.0,100.0,100.0,100.0,100.0,100.0,100.0,100.0,100.0,100.0,100.0,100.0,100.0,100.0,100.0,100.0,100.0,100.0,100.0,100.0,100.0
datastructure,WB.DATA360:DS_DATA360(1.3),I,A,CUB,WB_WDI_EG_ELC_ACCS_ZS,_T,_T,_T,PT_POP,_Z,_Z,_Z,_Z,RATIO,2,WB_WDI,P1Y,0,A,PU,Annual,Cuba,Access to electricity (% of population),Total,All age ranges or no breakdown by age,Total,Percentage of population,Not Applicable,Not Applicable,Not Applicable,Not Applicable,Ratio,Two,World Development Indicators (WDI),Annual,Units,Normal value,Public,,,,,,,,,,,97.0,96.2,95.5,96.5,96.6,96.8,96.9,97.1,97.3,97.6,97.8,98.0,98.3,98.5,98.7,99.0,99.2,99.4,99.6,99.8,99.9,100.0,100.0,100.0
datastructure,WB.DATA360:DS_DATA360(1.3),I,A,NPL,WB_WDI_EG_ELC_ACCS_ZS,_T,_T,_T,PT_POP,_Z,_Z,_Z,_Z,RATIO,2,WB_WDI,P1Y,0,A,PU,Annual,Nepal,Access to electricity (% of population),Total,All age ranges or no breakdown by age,Total,Percentage of population,Not Applicable,Not Applicable,Not Applicable,Not Applicable,Ratio,Two,World Development Indicators (WDI),Annual,Units,Normal value,Public,,,,,,,17.9,18.1328678131104,21.7325325012207,25.3273544311523,29.9,24.6,36.4,39.6,37.2,46.1,51.2,52.6,56.0,59.3,68.6,67.3,75.2,77.4,84.9,82.0,90.7,86.6,93.9,89.9,89.9,89.9,91.3,94.0
datastructure,WB.DATA360:DS_DATA360(1.3),I,A,USA,WB_WDI_EG_ELC_ACCS_ZS,_T,_T,_T,PT_POP,_Z,_Z,_Z,_Z,RATIO,2,WB_WDI,P1Y,0,A,PU,Annual,United States,Access to electricity (% of population),Total,All age ranges or no breakdown by age,Total,Percentage of population,Not Applicable,Not Applicable,Not Applicable,Not Applicable,Ratio,Two,World Development Indicators (WDI),Annual,Units,Normal value,Public,100.0,100.0,100.0,100.0,100.0,100.0,100.0,100.0,100.0,100.0,100.0,100.0,100.0,100.0,100.0,100.0,100.0,100.0,100.0,100.0,100.0,100.0,100.0,100.0,100.0,100.0,100.0,100.0,100.0,100.0,100.0,100.0,100.0,100.0
datastructure,WB.DATA360:DS_DATA360(1.3),I,A,BFA,WB_WDI_EG_ELC_ACCS_ZS,_T,_T,_T,PT_POP,_Z,_Z,_Z,_Z,RATIO,2,WB_WDI,P1Y,0,A,PU,Annual,Burkina Faso,Access to electricity (% of population),Total,All age ranges or no breakdown by age,Total,Percentage of population,Not Applicable,Not Applicable,Not Applicable,Not Applicable,Ratio,Two,World Development Indicators (WDI),Annual,Units,Normal value,Public,,,,6.1,6.12501001358032,6.62533283233643,7.1229362487793,7.61713981628418,8.10726451873779,6.9,9.1,9.5,9.9,11.4,10.7,11.1,11.6,12.0,12.5,12.6,13.1,14.8,15.1,15.4,19.2,16.2,16.6,17.0,14.4,17.6,18.5,19.0,19.5,21.7
datastructure,WB.DATA360:DS_DATA360(1.3),I,A,MLI,WB_WDI_EG_ELC_ACCS_ZS,_T,_T,_T,PT_POP,_Z,_Z,_Z,_Z,RATIO,2,WB_WDI,P1Y,0,A,PU,Annual,Mali,Access to electricity (% of population),Total,All age ranges or no breakdown by age,Total,Percentage of population,Not Applicable,Not Applicable,Not Applicable,Not Applicable,Ratio,Two,World Development Indicators (WDI),Annual,Units,Normal value,Public,,,,,,,6.2,4.28854084014893,6.06686353683472,7.84034395217896,9.6,10.8,13.0,14.7,16.4,18.2,16.6,21.7,23.4,24.0,27.0,28.8,25.6,32.4,34.2,37.6,38.8,34.8,50.9,47.9,50.6,53.4,53.0,54.5
datastructure,WB.DATA360:DS_DATA360(1.3),I,A,THA,WB_WDI_EG_ELC_ACCS_ZS,_T,_T,_T,PT_POP,_Z,_Z,_Z,_Z,RATIO,2,WB_WDI,P1Y,0,A,PU,Annual,Thailand,Access to electricity (% of population),Total,All age ranges or no breakdown by age,Total,Percentage of population,Not Applicable,Not Applicable,Not Applicable,Not Applicable,Ratio,Two,World Development Indicators (WDI),Annual,Units,Normal value,Public,,,,,,,,,,,82.1,90.4,91.0,91.6,92.2,92.8,99.1,94.1,94.8,99.0,99.7,99.3,99.1,99.4,99.5,99.6,99.9,99.9,99.8,99.9,100.0,100.0,99.9,100.0
datastructure,WB.DATA360:DS_DATA360(1.3),I,A,ROU,WB_WDI_EG_ELC_ACCS_ZS,_T,_T,_T,PT_POP,_Z,_Z,_Z,_Z,RATIO,2,WB_WDI,P1Y,0,A,PU,Annual,Romania,Access to electricity (% of population),Total,All age ranges or no breakdown by age,Total,Percentage of population,Not Applicable,Not Applicable,Not Applicable,Not Applicable,Ratio,Two,World Development Indicators (WDI),Annual,Units,Normal value,Public,100.0,100.0,100.0,100.0,100.0,100.0,100.0,100.0,100.0,100.0,94.4,94.6,94.9,95.1,95.3,95.6,95.9,96.1,96.5,96.8,97.1,97.4,97.8,98.1,98.4,98.8,99.1,100.0,99.8,100.0,100.0,100.0,100.0,100.0
datastructure,WB.DATA360:DS_DATA360(1.3),I,A,EAS,WB_WDI_EG_ELC_ACCS_ZS,_T,_T,_T,PT_POP,_Z,_Z,_Z,_Z,RATIO,2,WB_WDI,P1Y,0,A,PU,Annual,East Asia & Pacific,Access to electricity (% of population),Total,All age ranges or no breakdown by age,Total,Percentage of population,Not Applicable,Not Applicable,Not Applicable,Not Applicable,Ratio,Two,World Development Indicators (WDI),Annual,Units,Normal value,Public,,,,,,,,,,,92.06181443386616,92.54379822704782,92.96485572308221,93.16295844697287,93.95632072713549,93.575146301846,94.64715770439334,94.65454037326413,95.21108386735735,94.9833280630479,95.54683247540522,96.01894739529862,96.20924578356137,96.47564669900827,96.63755957619291,96.95005996213122,97.03439658318656,97.69153592890137,97.66096406877001,97.87524771202452,97.79760426173134,98.15340494508219,98.21390592827261,98.40446249576922
datastructure,WB.DATA360:DS_DATA360(1.3),I,A,GRC,WB_WDI_EG_ELC_ACCS_ZS,_T,_T,_T,PT_POP,_Z,_Z,_Z,_Z,RATIO,2,WB_WDI,P1Y,0,A,PU,Annual,Greece,Access to electricity (% of population),Total,All age ranges or no breakdown by age,Total,Percentage of population,Not Applicable,Not Applicable,Not Applicable,Not Applicable,Ratio,Two,World Development Indicators (WDI),Annual,Units,Normal value,Public,100.0,100.0,100.0,100.0,100.0,100.0,100.0,100.0,100.0,100.0,100.0,100.0,100.0,100.0,100.0,100.0,100.0,100.0,100.0,100.0,100.0,100.0,100.0,100.0,100.0,100.0,100.0,100.0,100.0,100.0,100.0,100.0,100.0,100.0
datastructure,WB.DATA360:DS_DATA360(1.3),I,A,MNG,WB_WDI_EG_ELC_ACCS_ZS,_T,_T,_T,PT_POP,_Z,_Z,_Z,_Z,RATIO,2,WB_WDI,P1Y,0,A,PU,Annual,Mongolia,Access to electricity (% of population),Total,All age ranges or no breakdown by age,Total,Percentage of population,Not Applicable,Not Applicable,Not Applicable,Not Applicable,Ratio,Two,World Development Indicators (WDI),Annual,Units,Normal value,Public,,,,,,,,,,,67.3,71.7,72.8,76.3,74.8,86.2,77.0,78.1,79.2,80.3,78.5,72.1,83.7,81.2,86.0,88.0,90.8,93.6,98.1,98.9,99.5,100.0,100.0,100.0
datastructure,WB.DATA360:DS_DATA360(1.3),I,A,GIB,WB_WDI_EG_ELC_ACCS_ZS,_T,_T,_T,PT_POP,_Z,_Z,_Z,_Z,RATIO,2,WB_WDI,P1Y,0,A,PU,Annual,Gibraltar,Access to electricity (% of population),Total,All age ranges or no breakdown by age,Total,Percentage of population,Not Applicable,Not Applicable,Not Applicable,Not Applicable,Ratio,Two,World Development Indicators (WDI),Annual,Units,Normal value,Public,100.0,100.0,100.0,100.0,100.0,100.0,100.0,100.0,100.0,100.0,99.9,99.9,99.8,99.8,99.7,99.7,99.7,99.7,99.7,100.0,100.0,99.8,99.9,99.9,99.9,100.0,100.0,100.0,100.0,100.0,100.0,100.0,100.0,100.0
datastructure,WB.DATA360:DS_DATA360(1.3),I,A,SAU,WB_WDI_EG_ELC_ACCS_ZS,_T,_T,_T,PT_POP,_Z,_Z,_Z,_Z,RATIO,2,WB_WDI,P1Y,0,A,PU,Annual,Saudi Arabia,Access to electricity (% of population),Total,All age ranges or no breakdown by age,Total,Percentage of population,Not Applicable,Not Applicable,Not Applicable,Not Applicable,Ratio,Two,World Development Indicators (WDI),Annual,Units,Normal value,Public,100.0,100.0,100.0,100.0,100.0,100.0,100.0,100.0,100.0,100.0,100.0,100.0,100.0,100.0,100.0,100.0,100.0,100.0,100.0,100.0,100.0,100.0,100.0,100.0,100.0,100.0,99.9,100.0,99.9,100.0,100.0,100.0,100.0,100.0
datastructure,WB.DATA360:DS_DATA360(1.3),I,A,SRB,WB_WDI_EG_ELC_ACCS_ZS,_T,_T,_T,PT_POP,_Z,_Z,_Z,_Z,RATIO,2,WB_WDI,P1Y,0,A,PU,Annual,Serbia,Access to electricity (% of population),Total,All age ranges or no breakdown by age,Total,Percentage of population,Not Applicable,Not Applicable,Not Applicable,Not Applicable,Ratio,Two,World Development Indicators (WDI),Annual,Units,Normal value,Public,100.0,100.0,100.0,100.0,100.0,100.0,100.0,100.0,100.0,100.0,99.9,99.8,100.0,99.7,99.6,99.7,99.6,99.6,99.6,99.6,99.7,99.7,99.8,99.9,99.7,99.9,99.9,100.0,100.0,99.8,100.0,100.0,100.0,100.0
datastructure,WB.DATA360:DS_DATA360(1.3),I,A,GAB,WB_WDI_EG_ELC_ACCS_ZS,_T,_T,_T,PT_POP,_Z,_Z,_Z,_Z,RATIO,2,WB_WDI,P1Y,0,A,PU,Annual,Gabon,Access to electricity (% of population),Total,All age ranges or no breakdown by age,Total,Percentage of population,Not Applicable,Not Applicable,Not Applicable,Not Applicable,Ratio,Two,World Development Indicators (WDI),Annual,Units,Normal value,Public,,,,,,,,,,,73.6,77.2,77.8,78.5,79.2,81.6,80.5,81.3,82.0,82.7,89.3,88.7,89.3,86.4,87.1,87.3,88.1,86.3,89.6,90.3,91.1,91.8,93.5,94.1
datastructure,WB.DATA360:DS_DATA360(1.3),I,A,GTM,WB_WDI_EG_ELC_ACCS_ZS,_T,_T,_T,PT_POP,_Z,_Z,_Z,_Z,RATIO,2,WB_WDI,P1Y,0,A,PU,Annual,Guatemala,Access to electricity (% of population),Total,All age ranges or no breakdown by age,Total,Percentage of population,Not Applicable,Not Applicable,Not Applicable,Not Applicable,Ratio,Two,World Development Indicators (WDI),Annual,Units,Normal value,Public,,,,,,60.8,67.6799392700195,68.9040756225586,70.1241302490234,70.9,73.3,73.7,78.7,78.5,77.2,78.3,83.7,80.7,81.9,83.1,84.3,84.0,86.8,88.1,85.5,90.5,91.8,93.3,94.2,95.4,96.6,97.9,99.1,100.0
datastructure,WB.DATA360:DS_DATA360(1.3),I,A,IDA,WB_WDI_EG_ELC_ACCS_ZS,_T,_T,_T,PT_POP,_Z,_Z,_Z,_Z,RATIO,2,WB_WDI,P1Y,0,A,PU,Annual,IDA total,Access to electricity (% of population),Total,All age ranges or no breakdown by age,Total,Percentage of population,Not Applicable,Not Applicable,Not Applicable,Not Applicable,Ratio,Two,World Development Indicators (WDI),Annual,Units,Normal value,Public,,,,,,,,,36.95512439514646,38.346465192077865,36.3690115049185,37.147964936942465,38.68935592678177,40.54282341693601,40.49338995570406,41.52755294427343,43.974639386675584,44.21558320494205,45.52100868849026,46.43415427385511,47.32026059439086,49.66493008704319,51.32257980764364,52.28530387758979,53.00306746968821,54.526027751815036,58.39953492069737,60.323334799993134,61.35976939090935,62.77460208261555,63.94193182519589,65.60332286955871,66.16181172278516,67.50620585988982
datastructure,WB.DATA360:DS_DATA360(1.3),I,A,SLE,WB_WDI_EG_ELC_ACCS_ZS,_T,_T,_T,PT_POP,_Z,_Z,_Z,_Z,RATIO,2,WB_WDI,P1Y,0,A,PU,Annual,Sierra Leone,Access to electricity (% of population),Total,All age ranges or no breakdown by age,Total,Percentage of population,Not Applicable,Not Applicable,Not Applicable,Not Applicable,Ratio,Two,World Development Indicators (WDI),Annual,Units,Normal value,Public,,,,,,,,,,,7.7,8.5,9.2,9.9,16.8,11.3,12.2,13.0,12.1,14.6,11.5,14.2,17.2,13.5,18.8,19.7,20.3,23.4,26.1,22.7,26.3,27.5,29.4,35.5
datastructure,WB.DATA360:DS_DATA360(1.3),I,A,AGO,WB_WDI_EG_ELC_ACCS_ZS,_T,_T,_T,PT_POP,_Z,_Z,_Z,_Z,RATIO,2,WB_WDI,P1Y,0,A,PU,Annual,Angola,Access to electricity (% of population),Total,All age ranges or no breakdown by age,Total,Percentage of population,Not Applicable,Not Applicable,Not Applicable,Not Applicable,Ratio,Two,World Development Indicators (WDI),Annual,Units,Normal value,Public,,,,,,,,,,,24.2,20.0,26.3,27.4,28.4,29.4,30.5,37.5,38.5,33.8,35.0,34.6,37.3,38.4,32.0,42.0,41.8,42.9,45.3,45.6,47.0,48.2,48.5,51.1
datastructure,WB.DATA360:DS_DATA360(1.3),I,A,COG,WB_WDI_EG_ELC_ACCS_ZS,_T,_T,_T,PT_POP,_Z,_Z,_Z,_Z,RATIO,2,WB_WDI,P1Y,0,A,PU,Annual,"Congo, Rep.",Access to electricity (% of population),Total,All age ranges or no breakdown by age,Total,Percentage of population,Not Applicable,Not Applicable,Not Applicable,Not Applicable,Ratio,Two,World Development Indicators (WDI),Annual,Units,Normal value,Public,,,,,,,,,,,29.4,30.3,31.2,32.1,33.0,33.8,34.9,35.8,36.8,37.1,40.0,40.8,41.6,42.5,43.4,44.3,45.3,46.2,47.0,47.7,48.7,49.7,50.6,51.3
datastructure,WB.DATA360:DS_DATA360(1.3),I,A,CAF,WB_WDI_EG_ELC_ACCS_ZS,_T,_T,_T,PT_POP,_Z,_Z,_Z,_Z,RATIO,2,WB_WDI,P1Y,0,A,PU,Annual,Central African Republic,Access to electricity (% of population),Total,All age ranges or no breakdown by age,Total,Percentage of population,Not Applicable,Not Applicable,Not Applicable,Not Applicable,Ratio,Two,World Development Indicators (WDI),Annual,Units,Normal value,Public,,,,,,3.0,3.33491563796997,3.83021020889282,4.32142543792725,4.80779838562012,6.0,5.7,6.1,6.6,7.0,7.4,7.8,8.4,7.5,9.4,9.8,10.4,11.0,11.5,12.0,12.7,13.4,14.1,14.6,14.3,15.4,15.7,15.7,17.6
datastructure,WB.DATA360:DS_DATA360(1.3),I,A,TTO,WB_WDI_EG_ELC_ACCS_ZS,_T,_T,_T,PT_POP,_Z,_Z,_Z,_Z,RATIO,2,WB_WDI,P1Y,0,A,PU,Annual,Trinidad and Tobago,Access to electricity (% of population),Total,All age ranges or no breakdown by age,Total,Percentage of population,Not Applicable,Not Applicable,Not Applicable,Not Applicable,Ratio,Two,World Development Indicators (WDI),Annual,Units,Normal value,Public,,,,,,,,,,,91.3,96.3,96.5,96.7,96.8,95.0,100.0,100.0,100.0,99.0,100.0,97.5,100.0,100.0,100.0,100.0,100.0,100.0,100.0,100.0,100.0,100.0,100.0,98.7
datastructure,WB.DATA360:DS_DATA360(1.3),I,A,TCA,WB_WDI_EG_ELC_ACCS_ZS,_T,_T,_T,PT_POP,_Z,_Z,_Z,_Z,RATIO,2,WB_WDI,P1Y,0,A,PU,Annual,Turks and Caicos Islands,Access to electricity (% of population),Total,All age ranges or no breakdown by age,Total,Percentage of population,Not Applicable,Not Applicable,Not Applicable,Not Applicable,Ratio,Two,World Development Indicators (WDI),Annual,Units,Normal value,Public,88.7,91.0539093017578,91.4391174316406,91.8236465454102,92.2068176269531,92.5879440307617,92.9663467407227,93.3413619995117,93.712287902832,94.0783767700195,95.6,94.9,95.2,95.4,95.7,96.0,96.2,96.6,96.9,100.0,100.0,100.0,93.1,100.0,100.0,100.0,100.0,100.0,100.0,100.0,99.4,100.0,99.9,100.0
datastructure,WB.DATA360:DS_DATA360(1.3),I,A,PRE,WB_WDI_EG_ELC_ACCS_ZS,_T,_T,_T,PT_POP,_Z,_Z,_Z,_Z,RATIO,2,WB_WDI,P1Y,0,A,PU,Annual,Pre-demographic dividend,Access to electricity (% of population),Total,All age ranges or no breakdown by age,Total,Percentage of population,Not Applicable,Not Applicable,Not Applicable,Not Applicable,Ratio,Two,World Development Indicators (WDI),Annual,Units,Normal value,Public,,,,,,,,23.08581438622403,23.778039801850092,25.034237192020722,24.87736488421592,26.189320857993284,27.015643060389845,29.507404987349542,29.01719148185965,29.755143682678938,31.02208124504387,32.35470121067042,32.15856180771322,32.238718870675264,32.72064264898561,36.12121917049766,37.500705214814545,38.40959124626785,39.89036947511351,40.11655354269304,44.670306099012784,44.35587955403095,47.10308673246411,47.58490281085974,48.38152789237187,50.512349109724234,51.13743007650355,52.5242986079524
datastructure,WB.DATA360:DS_DATA360(1.3),I,A,DNK,WB_WDI_EG_ELC_ACCS_ZS,_T,_T,_T,PT_POP,_Z,_Z,_Z,_Z,RATIO,2,WB_WDI,P1Y,0,A,PU,Annual,Denmark,Access to electricity (% of population),Total,All age ranges or no breakdown by age,Total,Percentage of population,Not Applicable,Not Applicable,Not Applicable,Not Applicable,Ratio,Two,World Development Indicators (WDI),Annual,Units,Normal value,Public,100.0,100.0,100.0,100.0,100.0,100.0,100.0,100.0,100.0,100.0,100.0,100.0,100.0,100.0,100.0,100.0,100.0,100.0,100.0,100.0,100.0,100.0,100.0,100.0,100.0,100.0,100.0,100.0,100.0,100.0,100.0,100.0,100.0,100.0
datastructure,WB.DATA360:DS_DATA360(1.3),I,A,ALB,WB_WDI_EG_ELC_ACCS_ZS,_T,_T,_T,PT_POP,_Z,_Z,_Z,_Z,RATIO,2,WB_WDI,P1Y,0,A,PU,Annual,Albania,Access to electricity (% of population),Total,All age ranges or no breakdown by age,Total,Percentage of population,Not Applicable,Not Applicable,Not Applicable,Not Applicable,Ratio,Two,World Development Indicators (WDI),Annual,Units,Normal value,Public,100.0,100.0,100.0,100.0,100.0,100.0,100.0,100.0,100.0,100.0,99.4,99.4,99.4,99.4,99.4,99.4,99.4,99.4,100.0,99.6,99.6,99.7,99.9,99.9,100.0,100.0,99.9,99.9,100.0,100.0,100.0,100.0,100.0,100.0
datastructure,WB.DATA360:DS_DATA360(1.3),I,A,KIR,WB_WDI_EG_ELC_ACCS_ZS,_T,_T,_T,PT_POP,_Z,_Z,_Z,_Z,RATIO,2,WB_WDI,P1Y,0,A,PU,Annual,Kiribati,Access to electricity (% of population),Total,All age ranges or no breakdown by age,Total,Percentage of population,Not Applicable,Not Applicable,Not Applicable,Not Applicable,Ratio,Two,World Development Indicators (WDI),Annual,Units,Normal value,Public,,,,,,,,,,,55.6,57.3,59.0,60.7,62.4,69.7,68.8,67.7,69.4,64.2,63.2,74.9,76.7,78.8,83.4,90.6,92.6,85.7,87.5,89.3,91.0,92.8,94.4,95.9
datastructure,WB.DATA360:DS_DATA360(1.3),I,A,TEA,WB_WDI_EG_ELC_ACCS_ZS,_T,_T,_T,PT_POP,_Z,_Z,_Z,_Z,RATIO,2,WB_WDI,P1Y,0,A,PU,Annual,East Asia & Pacific (IDA & IBRD),Access to electricity (% of population),Total,All age ranges or no breakdown by age,Total,Percentage of population,Not Applicable,Not Applicable,Not Applicable,Not Applicable,Ratio,Two,World Development Indicators (WDI),Annual,Units,Normal value,Public,,,,,,,,,,,91.1382617877496,91.6799157877188,92.15337321640575,92.37814487832813,93.26615058572176,92.84539737428278,94.04152600359124,94.05146355107222,94.67199204620736,95.30785237385312,95.89860188330297,96.40188923918271,96.58659087160157,96.85831262644253,97.0127423122849,97.3350470103173,97.40263923734663,98.11218937273357,98.05122975063205,98.26479011943988,98.15217124991213,98.52593779998176,98.56874684443177,98.74744240696076
datastructure,WB.DATA360:DS_DATA360(1.3),I,A,TKM,WB_WDI_EG_ELC_ACCS_ZS,_T,_T,_T,PT_POP,_Z,_Z,_Z,_Z,RATIO,2,WB_WDI,P1Y,0,A,PU,Annual,Turkmenistan,Access to electricity (% of population),Total,All age ranges or no breakdown by age,Total,Percentage of population,Not Applicable,Not Applicable,Not Applicable,Not Applicable,Ratio,Two,World Development Indicators (WDI),Annual,Units,Normal value,Public,,,,,,,,,,,99.6,99.6,99.6,99.6,99.5,99.5,99.8,99.6,99.6,99.7,100.0,99.8,99.9,99.9,100.0,100.0,100.0,100.0,100.0,99.9,100.0,100.0,100.0,100.0
datastructure,WB.DATA360:DS_DATA360(1.3),I,A,FRA,WB_WDI_EG_ELC_ACCS_ZS,_T,_T,_T,PT_POP,_Z,_Z,_Z,_Z,RATIO,2,WB_WDI,P1Y,0,A,PU,Annual,France,Access to electricity (% of population),Total,All age ranges or no breakdown by age,Total,Percentage of population,Not Applicable,Not Applicable,Not Applicable,Not Applicable,Ratio,Two,World Development Indicators (WDI),Annual,Units,Normal value,Public,100.0,100.0,100.0,100.0,100.0,100.0,100.0,100.0,100.0,100.0,100.0,100.0,100.0,100.0,100.0,100.0,100.0,100.0,100.0,100.0,100.0,100.0,100.0,100.0,100.0,100.0,100.0,100.0,100.0,100.0,100.0,100.0,100.0,100.0
datastructure,WB.DATA360:DS_DATA360(1.3),I,A,TON,WB_WDI_EG_ELC_ACCS_ZS,_T,_T,_T,PT_POP,_Z,_Z,_Z,_Z,RATIO,2,WB_WDI,P1Y,0,A,PU,Annual,Tonga,Access to electricity (% of population),Total,All age ranges or no breakdown by age,Total,Percentage of population,Not Applicable,Not Applicable,Not Applicable,Not Applicable,Ratio,Two,World Development Indicators (WDI),Annual,Units,Normal value,Public,,,,,80.0,81.7884750366211,82.5543670654297,83.3168563842773,84.0752716064453,84.8288421630859,85.6,86.3,87.0,87.6,88.3,89.0,92.3,90.5,91.2,92.0,92.8,92.2,92.8,95.1,95.9,100.0,97.0,98.2,99.0,98.4,99.9,100.0,100.0,100.0
datastructure,WB.DATA360:DS_DATA360(1.3),I,A,CAN,WB_WDI_EG_ELC_ACCS_ZS,_T,_T,_T,PT_POP,_Z,_Z,_Z,_Z,RATIO,2,WB_WDI,P1Y,0,A,PU,Annual,Canada,Access to electricity (% of population),Total,All age ranges or no breakdown by age,Total,Percentage of population,Not Applicable,Not Applicable,Not Applicable,Not Applicable,Ratio,Two,World Development Indicators (WDI),Annual,Units,Normal value,Public,100.0,100.0,100.0,100.0,100.0,100.0,100.0,100.0,100.0,100.0,100.0,100.0,100.0,100.0,100.0,100.0,100.0,100.0,100.0,100.0,100.0,100.0,100.0,100.0,100.0,100.0,100.0,100.0,100.0,100.0,100.0,100.0,100.0,100.0
datastructure,WB.DATA360:DS_DATA360(1.3),I,A,NAC,WB_WDI_EG_ELC_ACCS_ZS,_T,_T,_T,PT_POP,_Z,_Z,_Z,_Z,RATIO,2,WB_WDI,P1Y,0,A,PU,Annual,North America,Access to electricity (% of population),Total,All age ranges or no breakdown by age,Total,Percentage of population,Not Applicable,Not Applicable,Not Applicable,Not Applicable,Ratio,Two,World Development Indicators (WDI),Annual,Units,Normal value,Public,100.0,100.0,100.0,100.0,100.0,100.0,100.0,100.0,100.0,100.0,100.0,100.0,100.0,100.0,100.0,100.0,100.0,100.0,100.0,100.0,100.0,100.0,100.0,100.0,100.0,100.0,100.0,100.0,100.0,100.0,100.0,100.0,100.0,100.0
datastructure,WB.DATA360:DS_DATA360(1.3),I,A,ZWE,WB_WDI_EG_ELC_ACCS_ZS,_T,_T,_T,PT_POP,_Z,_Z,_Z,_Z,RATIO,2,WB_WDI,P1Y,0,A,PU,Annual,Zimbabwe,Access to electricity (% of population),Total,All age ranges or no breakdown by age,Total,Percentage of population,Not Applicable,Not Applicable,Not Applicable,Not Applicable,Ratio,Two,World Development Indicators (WDI),Annual,Units,Normal value,Public,,,28.2,31.163667678833,28.1,31.948579788208,32.3372955322266,32.7226104736328,33.1038475036621,38.4,33.7,34.2,34.2,35.1,35.6,36.1,37.2,37.2,37.7,43.4,38.9,36.9,44.0,40.6,32.3,33.7,42.5,44.0,45.4,46.7,52.7,49.0,50.1,62.0
datastructure,WB.DATA360:DS_DATA360(1.3),I,A,GUM,WB_WDI_EG_ELC_ACCS_ZS,_T,_T,_T,PT_POP,_Z,_Z,_Z,_Z,RATIO,2,WB_WDI,P1Y,0,A,PU,Annual,Guam,Access to electricity (% of population),Total,All age ranges or no breakdown by age,Total,Percentage of population,Not Applicable,Not Applicable,Not Applicable,Not Applicable,Ratio,Two,World Development Indicators (WDI),Annual,Units,Normal value,Public,99.8443069458008,99.8758163452148,99.906867980957,99.937255859375,99.9650802612305,100.0,100.0,100.0,100.0,100.0,100.0,100.0,100.0,100.0,100.0,100.0,100.0,100.0,100.0,100.0,100.0,100.0,100.0,100.0,100.0,100.0,100.0,100.0,100.0,100.0,100.0,100.0,100.0,100.0
datastructure,WB.DATA360:DS_DATA360(1.3),I,A,JPN,WB_WDI_EG_ELC_ACCS_ZS,_T,_T,_T,PT_POP,_Z,_Z,_Z,_Z,RATIO,2,WB_WDI,P1Y,0,A,PU,Annual,Japan,Access to electricity (% of population),Total,All age ranges or no breakdown by age,Total,Percentage of population,Not Applicable,Not Applicable,Not Applicable,Not Applicable,Ratio,Two,World Development Indicators (WDI),Annual,Units,Normal value,Public,100.0,100.0,100.0,100.0,100.0,100.0,100.0,100.0,100.0,100.0,100.0,100.0,100.0,100.0,100.0,100.0,100.0,100.0,100.0,100.0,100.0,100.0,100.0,100.0,100.0,100.0,100.0,100.0,100.0,100.0,100.0,100.0,100.0,100.0
datastructure,WB.DATA360:DS_DATA360(1.3),I,A,PRI,WB_WDI_EG_ELC_ACCS_ZS,_T,_T,_T,PT_POP,_Z,_Z,_Z,_Z,RATIO,2,WB_WDI,P1Y,0,A,PU,Annual,Puerto Rico,Access to electricity (% of population),Total,All age ranges or no breakdown by age,Total,Percentage of population,Not Applicable,Not Applicable,Not Applicable,Not Applicable,Ratio,Two,World Development Indicators (WDI),Annual,Units,Normal value,Public,99.9834289550781,99.9930953979492,99.9986190795898,100.0,100.0,100.0,100.0,100.0,100.0,100.0,100.0,100.0,100.0,100.0,100.0,100.0,100.0,100.0,100.0,100.0,100.0,100.0,100.0,100.0,100.0,100.0,100.0,100.0,100.0,100.0,100.0,100.0,100.0,100.0
datastructure,WB.DATA360:DS_DATA360(1.3),I,A,SYR,WB_WDI_EG_ELC_ACCS_ZS,_T,_T,_T,PT_POP,_Z,_Z,_Z,_Z,RATIO,2,WB_WDI,P1Y,0,A,PU,Annual,Syrian Arab Republic,Access to electricity (% of population),Total,All age ranges or no breakdown by age,Total,Percentage of population,Not Applicable,Not Applicable,Not Applicable,Not Applicable,Ratio,Two,World Development Indicators (WDI),Annual,Units,Normal value,Public,,,,,,,,,,,93.4,93.1,86.6,92.6,92.3,92.0,99.5,91.5,91.3,91.1,92.7,91.5,90.7,90.4,90.2,90.0,89.8,89.6,86.0,89.2,89.0,88.8,89.0,88.4
datastructure,WB.DATA360:DS_DATA360(1.3),I,A,COD,WB_WDI_EG_ELC_ACCS_ZS,_T,_T,_T,PT_POP,_Z,_Z,_Z,_Z,RATIO,2,WB_WDI,P1Y,0,A,PU,Annual,"Congo, Dem. Rep.",Access to electricity (% of population),Total,All age ranges or no breakdown by age,Total,Percentage of population,Not Applicable,Not Applicable,Not Applicable,Not Applicable,Ratio,Two,World Development Indicators (WDI),Annual,Units,Normal value,Public,,,,,,,,,,,6.7,7.1,7.7,8.3,9.0,6.0,10.2,15.2,11.6,12.3,13.0,13.7,15.4,15.2,13.5,16.6,17.3,18.0,18.7,19.1,20.1,20.8,21.5,22.1
datastructure,WB.DATA360:DS_DATA360(1.3),I,A,TUR,WB_WDI_EG_ELC_ACCS_ZS,_T,_T,_T,PT_POP,_Z,_Z,_Z,_Z,RATIO,2,WB_WDI,P1Y,0,A,PU,Annual,Türkiye,Access to electricity (% of population),Total,All age ranges or no breakdown by age,Total,Percentage of population,Not Applicable,Not Applicable,Not Applicable,Not Applicable,Ratio,Two,World Development Indicators (WDI),Annual,Units,Normal value,Public,,,,,,,,,,,99.9,99.9,99.8,99.8,99.7,99.7,99.7,99.7,99.7,99.7,100.0,100.0,100.0,100.0,100.0,100.0,100.0,100.0,100.0,100.0,100.0,100.0,100.0,100.0
datastructure,WB.DATA360:DS_DATA360(1.3),I,A,MAR,WB_WDI_EG_ELC_ACCS_ZS,_T,_T,_T,PT_POP,_Z,_Z,_Z,_Z,RATIO,2,WB_WDI,P1Y,0,A,PU,Annual,Morocco,Access to electricity (% of population),Total,All age ranges or no breakdown by age,Total,Percentage of population,Not Applicable,Not Applicable,Not Applicable,Not Applicable,Ratio,Two,World Development Indicators (WDI),Annual,Units,Normal value,Public,,,49.2,56.7726516723633,58.6088981628418,56.5,62.2745933532715,64.1026840209961,65.9266891479492,67.7458572387695,69.8,71.6,73.3,75.1,78.2,78.6,96.5,82.2,84.1,85.9,95.7,96.1,96.4,97.2,97.3,97.3,97.8,100.0,98.1,99.6,100.0,100.0,100.0,100.0
datastructure,WB.DATA360:DS_DATA360(1.3),I,A,CHI,WB_WDI_EG_ELC_ACCS_ZS,_T,_T,_T,PT_POP,_Z,_Z,_Z,_Z,RATIO,2,WB_WDI,P1Y,0,A,PU,Annual,Channel Islands,Access to electricity (% of population),Total,All age ranges or no breakdown by age,Total,Percentage of population,Not Applicable,Not Applicable,Not Applicable,Not Applicable,Ratio,Two,World Development Indicators (WDI),Annual,Units,Normal value,Public,100.0,100.0,100.0,100.0,100.0,100.0,100.0,100.0,100.0,100.0,100.0,100.0,100.0,100.0,100.0,100.0,100.0,100.0,100.0,100.0,100.0,100.0,100.0,100.0,100.0,100.0,100.0,100.0,100.0,100.0,100.0,100.0,100.0,100.0
datastructure,WB.DATA360:DS_DATA360(1.3),I,A,MNA,WB_WDI_EG_ELC_ACCS_ZS,_T,_T,_T,PT_POP,_Z,_Z,_Z,_Z,RATIO,2,WB_WDI,P1Y,0,A,PU,Annual,"Middle East, North Africa, Afghanistan & Pakistan (excluding high income)",Access to electricity (% of population),Total,All age ranges or no breakdown by age,Total,Percentage of population,Not Applicable,Not Applicable,Not Applicable,Not Applicable,Ratio,Two,World Development Indicators (WDI),Annual,Units,Normal value,Public,,,,,,,,,,,81.37009394576647,82.10416263546855,82.43392011084342,83.46031305726679,83.86741121577805,84.90043374035841,86.70673490351653,86.13264792280121,87.12279212107421,87.80196378315634,89.7853987089534,90.0032683061914,91.1539591115329,92.54101862025448,93.49554087071374,92.82776349118953,94.70490712410404,95.62302218376439,94.50936366481547,95.6437471934695,95.91737027751931,96.09560188886674,95.48371437276298,96.08542874687339
datastructure,WB.DATA360:DS_DATA360(1.3),I,A,LCN,WB_WDI_EG_ELC_ACCS_ZS,_T,_T,_T,PT_POP,_Z,_Z,_Z,_Z,RATIO,2,WB_WDI,P1Y,0,A,PU,Annual,Latin America & Caribbean,Access to electricity (% of population),Total,All age ranges or no breakdown by age,Total,Percentage of population,Not Applicable,Not Applicable,Not Applicable,Not Applicable,Ratio,Two,World Development Indicators (WDI),Annual,Units,Normal value,Public,,,88.73448136222635,89.34345233551903,90.24101370330779,88.62126359669807,89.5762688445638,90.03090087653278,90.6482519055248,91.2576382948722,91.73608642775665,92.33255077339756,92.65544611884498,92.73840883345815,93.2191410103356,93.52274423630836,94.25933462250127,94.47654219593234,95.22308082890089,95.42666240283693,95.87900491091911,96.18410312005084,96.56923455301602,96.86468222868048,97.05402541708612,97.28472760743139,97.47838213422871,97.71059921741771,97.75671520799094,97.99821138704847,98.14999429549135,98.27563061404786,98.57887862461781,98.42261773080551
datastructure,WB.DATA360:DS_DATA360(1.3),I,A,LKA,WB_WDI_EG_ELC_ACCS_ZS,_T,_T,_T,PT_POP,_Z,_Z,_Z,_Z,RATIO,2,WB_WDI,P1Y,0,A,PU,Annual,Sri Lanka,Access to electricity (% of population),Total,All age ranges or no breakdown by age,Total,Percentage of population,Not Applicable,Not Applicable,Not Applicable,Not Applicable,Ratio,Two,World Development Indicators (WDI),Annual,Units,Normal value,Public,,,,,,,,,,,70.3,63.6,80.7,75.0,76.5,78.1,82.1,80.0,82.9,87.1,85.3,87.8,87.0,90.2,92.7,94.3,97.5,97.5,99.6,99.8,100.0,100.0,100.0,100.0
datastructure,WB.DATA360:DS_DATA360(1.3),I,A,FSM,WB_WDI_EG_ELC_ACCS_ZS,_T,_T,_T,PT_POP,_Z,_Z,_Z,_Z,RATIO,2,WB_WDI,P1Y,0,A,PU,Annual,"Micronesia, Fed. Sts.",Access to electricity (% of population),Total,All age ranges or no breakdown by age,Total,Percentage of population,Not Applicable,Not Applicable,Not Applicable,Not Applicable,Ratio,Two,World Development Indicators (WDI),Annual,Units,Normal value,Public,,,,,,,,,,,46.0,48.4,50.1,51.8,53.5,55.2,57.0,58.7,60.5,62.2,64.5,66.3,67.8,69.4,71.2,73.0,74.8,76.5,78.3,80.1,81.9,83.6,85.3,86.9
datastructure,WB.DATA360:DS_DATA360(1.3),I,A,MHL,WB_WDI_EG_ELC_ACCS_ZS,_T,_T,_T,PT_POP,_Z,_Z,_Z,_Z,RATIO,2,WB_WDI,P1Y,0,A,PU,Annual,Marshall Islands,Access to electricity (% of population),Total,All age ranges or no breakdown by age,Total,Percentage of population,Not Applicable,Not Applicable,Not Applicable,Not Applicable,Ratio,Two,World Development Indicators (WDI),Annual,Units,Normal value,Public,,,,,,,,,,68.5242358752702,68.6,70.1,71.5,72.9,74.3,75.7,77.2,72.3,80.2,81.7,89.4,89.9,90.4,90.9,91.5,92.1,92.7,93.8,95.3,96.8,98.3,99.8,100.0,100.0
datastructure,WB.DATA360:DS_DATA360(1.3),I,A,TLA,WB_WDI_EG_ELC_ACCS_ZS,_T,_T,_T,PT_POP,_Z,_Z,_Z,_Z,RATIO,2,WB_WDI,P1Y,0,A,PU,Annual,Latin America & Caribbean (IDA & IBRD),Access to electricity (% of population),Total,All age ranges or no breakdown by age,Total,Percentage of population,Not Applicable,Not Applicable,Not Applicable,Not Applicable,Ratio,Two,World Development Indicators (WDI),Annual,Units,Normal value,Public,,,88.61375081153545,89.23150139902683,90.13905607138103,88.51182493136238,89.4765112929002,89.93608368946424,90.5602252538658,91.1763258910293,91.54650237154519,92.17949511171548,92.52894265577338,92.59441261621228,93.08882070783709,93.39859197501355,94.15606386642425,94.37673132432289,95.14175886343084,95.34593228218584,95.80892074278235,96.1182240318495,96.5092457202988,96.80917829990868,97.00055169628112,97.23239205292927,97.4280893456675,97.66334028433454,97.7078847938323,97.95220214699405,98.106453253093,98.23380836219381,98.5448799242171,98.38524912048325
datastructure,WB.DATA360:DS_DATA360(1.3),I,A,TJK,WB_WDI_EG_ELC_ACCS_ZS,_T,_T,_T,PT_POP,_Z,_Z,_Z,_Z,RATIO,2,WB_WDI,P1Y,0,A,PU,Annual,Tajikistan,Access to electricity (% of population),Total,All age ranges or no breakdown by age,Total,Percentage of population,Not Applicable,Not Applicable,Not Applicable,Not Applicable,Ratio,Two,World Development Indicators (WDI),Annual,Units,Normal value,Public,,,,,,,,,,97.0,98.5,98.6,99.0,100.0,98.5,99.3,98.6,98.6,98.6,99.0,98.8,98.9,99.1,99.0,99.1,98.0,99.3,99.3,99.3,99.4,99.5,99.6,100.0,100.0
datastructure,WB.DATA360:DS_DATA360(1.3),I,A,HRV,WB_WDI_EG_ELC_ACCS_ZS,_T,_T,_T,PT_POP,_Z,_Z,_Z,_Z,RATIO,2,WB_WDI,P1Y,0,A,PU,Annual,Croatia,Access to electricity (% of population),Total,All age ranges or no breakdown by age,Total,Percentage of population,Not Applicable,Not Applicable,Not Applicable,Not Applicable,Ratio,Two,World Development Indicators (WDI),Annual,Units,Normal value,Public,100.0,100.0,100.0,100.0,100.0,100.0,100.0,100.0,100.0,100.0,100.0,100.0,100.0,100.0,99.9,99.9,99.8,99.8,100.0,100.0,100.0,100.0,100.0,100.0,100.0,100.0,100.0,100.0,100.0,100.0,100.0,100.0,100.0,100.0
datastructure,WB.DATA360:DS_DATA360(1.3),I,A,FIN,WB_WDI_EG_ELC_ACCS_ZS,_T,_T,_T,PT_POP,_Z,_Z,_Z,_Z,RATIO,2,WB_WDI,P1Y,0,A,PU,Annual,Finland,Access to electricity (% of population),Total,All age ranges or no breakdown by age,Total,Percentage of population,Not Applicable,Not Applicable,Not Applicable,Not Applicable,Ratio,Two,World Development Indicators (WDI),Annual,Units,Normal value,Public,100.0,100.0,100.0,100.0,100.0,100.0,100.0,100.0,100.0,100.0,100.0,100.0,100.0,100.0,100.0,100.0,100.0,100.0,100.0,100.0,100.0,100.0,100.0,100.0,100.0,100.0,100.0,100.0,100.0,100.0,100.0,100.0,100.0,100.0
datastructure,WB.DATA360:DS_DATA360(1.3),I,A,EMU,WB_WDI_EG_ELC_ACCS_ZS,_T,_T,_T,PT_POP,_Z,_Z,_Z,_Z,RATIO,2,WB_WDI,P1Y,0,A,PU,Annual,Euro area,Access to electricity (% of population),Total,All age ranges or no breakdown by age,Total,Percentage of population,Not Applicable,Not Applicable,Not Applicable,Not Applicable,Ratio,Two,World Development Indicators (WDI),Annual,Units,Normal value,Public,100.0,100.0,100.0,100.0,100.0,100.0,100.0,100.0,100.0,100.0,99.70292361862485,99.7214642967914,99.7384741566317,99.75338783500705,99.76598227789215,99.7785791255569,99.79266199683099,99.80834746367398,99.82606091523333,99.84338338876108,99.85815064399134,99.87151712694475,99.88886200120687,99.90352044620701,99.91697260825504,99.93218515594148,99.94697225812035,99.96323638371182,99.97523718827244,99.9850093995461,99.99444128987768,99.99632060084235,100.0,100.0
datastructure,WB.DATA360:DS_DATA360(1.3),I,A,BLR,WB_WDI_EG_ELC_ACCS_ZS,_T,_T,_T,PT_POP,_Z,_Z,_Z,_Z,RATIO,2,WB_WDI,P1Y,0,A,PU,Annual,Belarus,Access to electricity (% of population),Total,All age ranges or no breakdown by age,Total,Percentage of population,Not Applicable,Not Applicable,Not Applicable,Not Applicable,Ratio,Two,World Development Indicators (WDI),Annual,Units,Normal value,Public,100.0,100.0,100.0,100.0,100.0,100.0,100.0,100.0,100.0,100.0,89.0,89.5,90.0,90.5,91.0,91.5,92.1,92.6,93.2,93.8,94.4,95.0,95.6,96.2,96.8,97.4,98.0,98.7,99.3,100.0,100.0,100.0,100.0,100.0
datastructure,WB.DATA360:DS_DATA360(1.3),I,A,GUY,WB_WDI_EG_ELC_ACCS_ZS,_T,_T,_T,PT_POP,_Z,_Z,_Z,_Z,RATIO,2,WB_WDI,P1Y,0,A,PU,Annual,Guyana,Access to electricity (% of population),Total,All age ranges or no breakdown by age,Total,Percentage of population,Not Applicable,Not Applicable,Not Applicable,Not Applicable,Ratio,Two,World Development Indicators (WDI),Annual,Units,Normal value,Public,,,,72.376631,70.713981628418,71.3519821166992,71.9872665405273,72.6191558837891,73.246955871582,73.8699188232422,74.6,75.1,75.7,76.2,76.8,77.5,73.4,78.5,79.1,77.6,83.3,84.2,85.1,86.0,86.9,88.0,89.0,90.0,90.9,91.6,92.3,92.9,93.0,98.9
datastructure,WB.DATA360:DS_DATA360(1.3),I,A,MDV,WB_WDI_EG_ELC_ACCS_ZS,_T,_T,_T,PT_POP,_Z,_Z,_Z,_Z,RATIO,2,WB_WDI,P1Y,0,A,PU,Annual,Maldives,Access to electricity (% of population),Total,All age ranges or no breakdown by age,Total,Percentage of population,Not Applicable,Not Applicable,Not Applicable,Not Applicable,Ratio,Two,World Development Indicators (WDI),Annual,Units,Normal value,Public,,,,,,,,,,,83.8,87.5,88.3,89.1,90.0,90.9,91.7,92.6,93.6,99.9,99.0,99.1,99.2,99.4,100.0,99.8,100.0,99.8,100.0,100.0,100.0,100.0,100.0,100.0
datastructure,WB.DATA360:DS_DATA360(1.3),I,A,QAT,WB_WDI_EG_ELC_ACCS_ZS,_T,_T,_T,PT_POP,_Z,_Z,_Z,_Z,RATIO,2,WB_WDI,P1Y,0,A,PU,Annual,Qatar,Access to electricity (% of population),Total,All age ranges or no breakdown by age,Total,Percentage of population,Not Applicable,Not Applicable,Not Applicable,Not Applicable,Ratio,Two,World Development Indicators (WDI),Annual,Units,Normal value,Public,100.0,100.0,100.0,100.0,100.0,100.0,100.0,100.0,100.0,100.0,100.0,100.0,100.0,100.0,100.0,100.0,100.0,100.0,100.0,100.0,100.0,100.0,100.0,100.0,100.0,100.0,100.0,100.0,100.0,100.0,100.0,100.0,100.0,100.0
datastructure,WB.DATA360:DS_DATA360(1.3),I,A,IBT,WB_WDI_EG_ELC_ACCS_ZS,_T,_T,_T,PT_POP,_Z,_Z,_Z,_Z,RATIO,2,WB_WDI,P1Y,0,A,PU,Annual,IDA & IBRD total,Access to electricity (% of population),Total,All age ranges or no breakdown by age,Total,Percentage of population,Not Applicable,Not Applicable,Not Applicable,Not Applicable,Ratio,Two,World Development Indicators (WDI),Annual,Units,Normal value,Public,,,,,,,,,,,73.96941377323162,74.59232228731342,75.08328069406444,76.13861324495858,76.14839802468066,77.06375038874867,77.85919287938056,78.61577141578425,79.4569249530859,79.95351107708467,80.65258507954861,81.92185906996853,82.43889927831134,83.36270536284505,83.94280795075917,84.8058720870898,86.20204399521869,87.18252429623772,88.20766807360694,88.57639820607088,88.9162435565138,90.02477870238937,89.96630509197975,90.3195251994939
datastructure,WB.DATA360:DS_DATA360(1.3),I,A,TSA,WB_WDI_EG_ELC_ACCS_ZS,_T,_T,_T,PT_POP,_Z,_Z,_Z,_Z,RATIO,2,WB_WDI,P1Y,0,A,PU,Annual,South Asia (IDA & IBRD),Access to electricity (% of population),Total,All age ranges or no breakdown by age,Total,Percentage of population,Not Applicable,Not Applicable,Not Applicable,Not Applicable,Ratio,Two,World Development Indicators (WDI),Annual,Units,Normal value,Public,,,,46.56398396829463,46.182183503465026,47.66468218554248,48.7664992694092,50.29601049256378,52.23037388059934,56.01774120076747,56.76647292002413,58.348521315957726,59.41578397667205,62.34110305588053,61.48428303391973,65.85364601629233,65.92504522041186,69.28488185924202,71.77825886600202,72.9865860973521,74.07657363402366,77.30916515857317,78.41954445090487,80.84745320306904,82.84802242914314,86.53277846246725,88.31844804033982,91.39837283073972,94.81920240559784,95.46989539886532,96.40136173974408,99.3693129133951,99.08951147319343,99.40878896974051
datastructure,WB.DATA360:DS_DATA360(1.3),I,A,SAS,WB_WDI_EG_ELC_ACCS_ZS,_T,_T,_T,PT_POP,_Z,_Z,_Z,_Z,RATIO,2,WB_WDI,P1Y,0,A,PU,Annual,South Asia,Access to electricity (% of population),Total,All age ranges or no breakdown by age,Total,Percentage of population,Not Applicable,Not Applicable,Not Applicable,Not Applicable,Ratio,Two,World Development Indicators (WDI),Annual,Units,Normal value,Public,,,,46.56398396829463,46.182183503465026,47.66468218554248,48.7664992694092,50.29601049256378,52.23037388059934,56.01774120076747,56.76647292002413,58.348521315957726,59.41578397667205,62.341103055880524,61.48428303391974,65.85364601629233,65.92504522041186,69.28488185924202,71.77825886600202,72.9865860973521,74.07657363402366,77.30916515857318,78.41954445090487,80.84745320306905,82.84802242914314,86.53277846246725,88.31844804033982,91.3983728307397,94.81920240559784,95.46989539886532,96.40136173974408,99.3693129133951,99.0895114731934,99.40878896974051
datastructure,WB.DATA360:DS_DATA360(1.3),I,A,IND,WB_WDI_EG_ELC_ACCS_ZS,_T,_T,_T,PT_POP,_Z,_Z,_Z,_Z,RATIO,2,WB_WDI,P1Y,0,A,PU,Annual,India,Access to electricity (% of population),Total,All age ranges or no breakdown by age,Total,Percentage of population,Not Applicable,Not Applicable,Not Applicable,Not Applicable,Ratio,Two,World Development Indicators (WDI),Annual,Units,Normal value,Public,,,,50.9,49.8113098144531,51.4087753295898,53.0035209655762,54.5948638916016,56.1821327209473,60.1,60.3,62.0,62.3,65.4,64.4,68.8,67.9,72.3,74.1,75.0,76.3,79.5,79.9,83.1,85.1,88.0,89.6,91.8,95.7,95.9,96.5,99.6,99.2,99.5
datastructure,WB.DATA360:DS_DATA360(1.3),I,A,BRB,WB_WDI_EG_ELC_ACCS_ZS,_T,_T,_T,PT_POP,_Z,_Z,_Z,_Z,RATIO,2,WB_WDI,P1Y,0,A,PU,Annual,Barbados,Access to electricity (% of population),Total,All age ranges or no breakdown by age,Total,Percentage of population,Not Applicable,Not Applicable,Not Applicable,Not Applicable,Ratio,Two,World Development Indicators (WDI),Annual,Units,Normal value,Public,99.9842529296875,99.9934387207031,99.9986877441406,100.0,100.0,100.0,100.0,100.0,100.0,100.0,100.0,100.0,100.0,100.0,99.9,99.9,100.0,100.0,100.0,100.0,100.0,100.0,100.0,100.0,100.0,100.0,100.0,100.0,100.0,100.0,100.0,100.0,100.0,100.0
datastructure,WB.DATA360:DS_DATA360(1.3),I,A,MKD,WB_WDI_EG_ELC_ACCS_ZS,_T,_T,_T,PT_POP,_Z,_Z,_Z,_Z,RATIO,2,WB_WDI,P1Y,0,A,PU,Annual,North Macedonia,Access to electricity (% of population),Total,All age ranges or no breakdown by age,Total,Percentage of population,Not Applicable,Not Applicable,Not Applicable,Not Applicable,Ratio,Two,World Development Indicators (WDI),Annual,Units,Normal value,Public,100.0,100.0,100.0,100.0,100.0,100.0,100.0,100.0,100.0,100.0,99.0,99.0,99.0,99.0,99.4,99.1,99.0,99.1,99.2,99.2,99.5,99.7,99.6,99.7,99.8,99.9,100.0,100.0,99.8,100.0,100.0,100.0,100.0,100.0
datastructure,WB.DATA360:DS_DATA360(1.3),I,A,ARM,WB_WDI_EG_ELC_ACCS_ZS,_T,_T,_T,PT_POP,_Z,_Z,_Z,_Z,RATIO,2,WB_WDI,P1Y,0,A,PU,Annual,Armenia,Access to electricity (% of population),Total,All age ranges or no breakdown by age,Total,Percentage of population,Not Applicable,Not Applicable,Not Applicable,Not Applicable,Ratio,Two,World Development Indicators (WDI),Annual,Units,Normal value,Public,,,,,,,,,,,98.9,100.0,98.0,99.1,99.1,99.8,99.1,99.2,99.2,99.3,99.8,99.5,99.5,99.4,99.7,100.0,99.8,99.7,99.9,100.0,100.0,100.0,100.0,100.0
datastructure,WB.DATA360:DS_DATA360(1.3),I,A,PST,WB_WDI_EG_ELC_ACCS_ZS,_T,_T,_T,PT_POP,_Z,_Z,_Z,_Z,RATIO,2,WB_WDI,P1Y,0,A,PU,Annual,Post-demographic dividend,Access to electricity (% of population),Total,All age ranges or no breakdown by age,Total,Percentage of population,Not Applicable,Not Applicable,Not Applicable,Not Applicable,Ratio,Two,World Development Indicators (WDI),Annual,Units,Normal value,Public,99.99439658641397,99.9957506180665,99.997093795937,99.99833994576164,99.99926302055941,99.99976752036378,99.99977598158367,99.9997844908339,99.99979327300164,99.99980232091352,99.7150166440245,99.7255593140198,99.73160072277453,99.75554510963941,99.77219940272587,99.80642107101872,99.80278596385686,99.83049774789494,99.84326553316592,99.8622101103662,99.8801524112079,99.89275860559282,99.90294652804788,99.91888365851,99.9320556078746,99.94473413776981,99.95778163056126,99.97112252516803,99.98216005566421,99.99324246276188,99.99724007739776,99.99883442080973,100.0,100.0
datastructure,WB.DATA360:DS_DATA360(1.3),I,A,BGD,WB_WDI_EG_ELC_ACCS_ZS,_T,_T,_T,PT_POP,_Z,_Z,_Z,_Z,RATIO,2,WB_WDI,P1Y,0,A,PU,Annual,Bangladesh,Access to electricity (% of population),Total,All age ranges or no breakdown by age,Total,Percentage of population,Not Applicable,Not Applicable,Not Applicable,Not Applicable,Ratio,Two,World Development Indicators (WDI),Annual,Units,Normal value,Public,,14.29,9.90541934967041,12.7178802490234,17.8,18.3380451202393,21.1443862915039,22.4,26.7461929321289,29.5402145385742,32.0,35.0,37.8,40.5,40.6,44.2,50.5,46.5,54.3,57.1,55.3,59.6,65.5,61.5,62.4,74.0,75.9,88.0,86.9,92.2,96.2,99.0,99.4,99.5
datastructure,WB.DATA360:DS_DATA360(1.3),I,A,MEX,WB_WDI_EG_ELC_ACCS_ZS,_T,_T,_T,PT_POP,_Z,_Z,_Z,_Z,RATIO,2,WB_WDI,P1Y,0,A,PU,Annual,Mexico,Access to electricity (% of population),Total,All age ranges or no breakdown by age,Total,Percentage of population,Not Applicable,Not Applicable,Not Applicable,Not Applicable,Ratio,Two,World Development Indicators (WDI),Annual,Units,Normal value,Public,,,93.145981,95.4484634399414,95.238294,95.8944625854492,96.093624,96.3295822143555,96.092755,96.7482986450195,98.0,97.1,97.9,97.4,98.6,98.9,99.1,97.9,98.9,98.3,99.2,99.0,99.1,99.1,99.2,99.0,99.5,100.0,99.5,99.6,99.4,100.0,100.0,99.7
datastructure,WB.DATA360:DS_DATA360(1.3),I,A,DZA,WB_WDI_EG_ELC_ACCS_ZS,_T,_T,_T,PT_POP,_Z,_Z,_Z,_Z,RATIO,2,WB_WDI,P1Y,0,A,PU,Annual,Algeria,Access to electricity (% of population),Total,All age ranges or no breakdown by age,Total,Percentage of population,Not Applicable,Not Applicable,Not Applicable,Not Applicable,Ratio,Two,World Development Indicators (WDI),Annual,Units,Normal value,Public,,,,,,,,,,,98.6,98.6,98.6,98.6,98.6,98.6,98.7,98.7,99.3,98.8,98.9,99.0,98.8,99.2,99.3,99.4,99.4,99.5,99.6,99.5,99.7,99.8,100.0,100.0
datastructure,WB.DATA360:DS_DATA360(1.3),I,A,SUR,WB_WDI_EG_ELC_ACCS_ZS,_T,_T,_T,PT_POP,_Z,_Z,_Z,_Z,RATIO,2,WB_WDI,P1Y,0,A,PU,Annual,Suriname,Access to electricity (% of population),Total,All age ranges or no breakdown by age,Total,Percentage of population,Not Applicable,Not Applicable,Not Applicable,Not Applicable,Ratio,Two,World Development Indicators (WDI),Annual,Units,Normal value,Public,,,,,,,,,,99.62406,95.4,95.3,95.2,95.1,95.0,94.9,91.0,94.7,94.7,94.6,91.2,94.6,94.6,94.6,94.6,95.0,95.8,96.6,97.4,97.9,98.4,98.8,99.0,99.6
datastructure,WB.DATA360:DS_DATA360(1.3),I,A,CMR,WB_WDI_EG_ELC_ACCS_ZS,_T,_T,_T,PT_POP,_Z,_Z,_Z,_Z,RATIO,2,WB_WDI,P1Y,0,A,PU,Annual,Cameroon,Access to electricity (% of population),Total,All age ranges or no breakdown by age,Total,Percentage of population,Not Applicable,Not Applicable,Not Applicable,Not Applicable,Ratio,Two,World Development Indicators (WDI),Annual,Units,Normal value,Public,,29.0,32.6975250244141,33.849193572998,34.9995040893555,36.1477737426758,37.2933235168457,38.435474395752,40.7,40.7067756652832,41.0,46.2,44.0,45.1,47.1,47.2,49.0,48.2,50.6,51.7,52.8,53.7,55.2,56.3,56.8,58.6,59.8,60.9,62.2,63.2,64.3,65.4,71.0,72.0
datastructure,WB.DATA360:DS_DATA360(1.3),I,A,GMB,WB_WDI_EG_ELC_ACCS_ZS,_T,_T,_T,PT_POP,_Z,_Z,_Z,_Z,RATIO,2,WB_WDI,P1Y,0,A,PU,Annual,"Gambia, The",Access to electricity (% of population),Total,All age ranges or no breakdown by age,Total,Percentage of population,Not Applicable,Not Applicable,Not Applicable,Not Applicable,Ratio,Two,World Development Indicators (WDI),Annual,Units,Normal value,Public,,,,17.7,18.2500495910645,19.921443939209,21.5901184082031,23.255392074585,24.9165878295898,26.572940826416,34.3,29.9,31.5,27.8,34.8,30.5,38.1,39.8,41.5,43.2,46.8,48.3,49.9,51.5,53.0,54.7,56.4,56.2,60.3,62.1,62.2,63.7,65.4,66.9
datastructure,WB.DATA360:DS_DATA360(1.3),I,A,TSS,WB_WDI_EG_ELC_ACCS_ZS,_T,_T,_T,PT_POP,_Z,_Z,_Z,_Z,RATIO,2,WB_WDI,P1Y,0,A,PU,Annual,Sub-Saharan Africa (IDA & IBRD),Access to electricity (% of population),Total,All age ranges or no breakdown by age,Total,Percentage of population,Not Applicable,Not Applicable,Not Applicable,Not Applicable,Ratio,Two,World Development Indicators (WDI),Annual,Units,Normal value,Public,,,,,,,28.512384382876753,28.363633683406096,28.568446021517754,30.148932101516994,25.705396956483828,26.164218685280275,27.339773137913795,29.596501581078098,29.37256627393664,29.354565105796482,31.203487771529282,32.51933342851694,32.40366059988278,32.625929202056746,33.336400880591924,35.899100606575104,36.775178115882824,38.03051647194927,38.35053836357346,39.19647382064133,43.82830955588684,43.75994518756475,46.41408894728247,47.19348976759407,48.54084626128676,50.65267859711423,51.58271121848484,53.250768980549914
datastructure,WB.DATA360:DS_DATA360(1.3),I,A,CHL,WB_WDI_EG_ELC_ACCS_ZS,_T,_T,_T,PT_POP,_Z,_Z,_Z,_Z,RATIO,2,WB_WDI,P1Y,0,A,PU,Annual,Chile,Access to electricity (% of population),Total,All age ranges or no breakdown by age,Total,Percentage of population,Not Applicable,Not Applicable,Not Applicable,Not Applicable,Ratio,Two,World Development Indicators (WDI),Annual,Units,Normal value,Public,92.257427,94.781623840332,94.560057,95.2737274169922,95.5180740356445,95.760383605957,95.617315,96.2361679077148,97.241124,96.6955490112305,97.9,97.1,97.3,98.8,97.5,97.7,99.4,98.0,98.2,99.6,99.5,99.6,100.0,99.6,100.0,99.7,100.0,99.7,100.0,100.0,100.0,100.0,100.0,100.0
datastructure,WB.DATA360:DS_DATA360(1.3),I,A,TZA,WB_WDI_EG_ELC_ACCS_ZS,_T,_T,_T,PT_POP,_Z,_Z,_Z,_Z,RATIO,2,WB_WDI,P1Y,0,A,PU,Annual,Tanzania,Access to electricity (% of population),Total,All age ranges or no breakdown by age,Total,Percentage of population,Not Applicable,Not Applicable,Not Applicable,Not Applicable,Ratio,Two,World Development Indicators (WDI),Annual,Units,Normal value,Public,,,6.8,2.33018779754639,3.30064725875854,4.26906728744507,9.4,6.1970682144165,7.15528964996338,8.0,8.7,9.7,10.7,11.1,11.4,13.8,14.9,15.9,11.5,11.2,14.8,14.2,15.3,16.4,23.5,26.2,32.8,32.1,34.9,37.7,39.9,42.7,45.8,48.3
datastructure,WB.DATA360:DS_DATA360(1.3),I,A,MIC,WB_WDI_EG_ELC_ACCS_ZS,_T,_T,_T,PT_POP,_Z,_Z,_Z,_Z,RATIO,2,WB_WDI,P1Y,0,A,PU,Annual,Middle income,Access to electricity (% of population),Total,All age ranges or no breakdown by age,Total,Percentage of population,Not Applicable,Not Applicable,Not Applicable,Not Applicable,Ratio,Two,World Development Indicators (WDI),Annual,Units,Normal value,Public,,,,,,,,,,,77.2780829242701,78.00043972823323,78.60923430392525,79.75467743785136,79.79654706204569,80.94960554554848,81.72224571110796,82.67715429344378,83.77302466498277,84.28829356562541,85.01224915246846,86.51815914272149,86.86601118397849,87.89259003644224,88.5002027830649,89.69523029502037,90.72020182817744,91.73932850849351,92.87533971899387,93.25978357254206,93.60206182255442,94.80517764935392,94.83092729740359,95.13132553748312
datastructure,WB.DATA360:DS_DATA360(1.3),I,A,EUU,WB_WDI_EG_ELC_ACCS_ZS,_T,_T,_T,PT_POP,_Z,_Z,_Z,_Z,RATIO,2,WB_WDI,P1Y,0,A,PU,Annual,European Union,Access to electricity (% of population),Total,All age ranges or no breakdown by age,Total,Percentage of population,Not Applicable,Not Applicable,Not Applicable,Not Applicable,Ratio,Two,World Development Indicators (WDI),Annual,Units,Normal value,Public,100.0,100.0,100.0,100.0,100.0,100.0,100.0,100.0,100.0,100.0,99.47618985803116,99.50504448418465,99.53871585793279,99.55399072059157,99.57582483318579,99.59137072941141,99.61883964724149,99.64640752550335,99.68253039966531,99.7290075706151,99.75539725309633,99.78011783235424,99.8125886995878,99.8381173752727,99.86260295522483,99.89291160325935,99.9182637194093,99.97097242784791,99.97171036370877,99.98815561201474,99.99560229019043,99.99708342062704,100.0,100.0
datastructure,WB.DATA360:DS_DATA360(1.3),I,A,EAR,WB_WDI_EG_ELC_ACCS_ZS,_T,_T,_T,PT_POP,_Z,_Z,_Z,_Z,RATIO,2,WB_WDI,P1Y,0,A,PU,Annual,Early-demographic dividend,Access to electricity (% of population),Total,All age ranges or no breakdown by age,Total,Percentage of population,Not Applicable,Not Applicable,Not Applicable,Not Applicable,Ratio,Two,World Development Indicators (WDI),Annual,Units,Normal value,Public,,,,55.60897489594265,56.371326619711944,58.13264832717742,59.87058959335776,61.837906384413955,63.39301071940294,66.08566382588108,67.50048861557474,68.2577741474039,69.15133395208493,70.88240683953988,71.11141995879758,72.7507806716199,73.79998288083317,75.65503833864682,77.40077951974284,78.28841996440178,79.3901895116688,81.14998286442838,82.05246324217416,83.79931257546944,84.75200883985107,86.82715446425772,88.3494481253503,90.50867287964543,91.99271092227653,92.79765530133683,93.45578105642964,95.24233388870167,95.15757449507436,95.7044381043822
datastructure,WB.DATA360:DS_DATA360(1.3),I,A,LVA,WB_WDI_EG_ELC_ACCS_ZS,_T,_T,_T,PT_POP,_Z,_Z,_Z,_Z,RATIO,2,WB_WDI,P1Y,0,A,PU,Annual,Latvia,Access to electricity (% of population),Total,All age ranges or no breakdown by age,Total,Percentage of population,Not Applicable,Not Applicable,Not Applicable,Not Applicable,Ratio,Two,World Development Indicators (WDI),Annual,Units,Normal value,Public,100.0,100.0,100.0,100.0,100.0,100.0,100.0,100.0,100.0,100.0,99.9,99.9,99.8,99.8,99.7,99.7,99.6,99.7,99.7,100.0,99.8,99.8,100.0,100.0,100.0,100.0,100.0,100.0,100.0,100.0,100.0,100.0,100.0,100.0
datastructure,WB.DATA360:DS_DATA360(1.3),I,A,IMN,WB_WDI_EG_ELC_ACCS_ZS,_T,_T,_T,PT_POP,_Z,_Z,_Z,_Z,RATIO,2,WB_WDI,P1Y,0,A,PU,Annual,Isle of Man,Access to electricity (% of population),Total,All age ranges or no breakdown by age,Total,Percentage of population,Not Applicable,Not Applicable,Not Applicable,Not Applicable,Ratio,Two,World Development Indicators (WDI),Annual,Units,Normal value,Public,100.0,100.0,100.0,100.0,100.0,100.0,100.0,100.0,100.0,100.0,100.0,100.0,100.0,100.0,100.0,100.0,100.0,100.0,100.0,100.0,100.0,100.0,100.0,100.0,100.0,100.0,100.0,100.0,100.0,100.0,100.0,100.0,100.0,100.0
datastructure,WB.DATA360:DS_DATA360(1.3),I,A,SLB,WB_WDI_EG_ELC_ACCS_ZS,_T,_T,_T,PT_POP,_Z,_Z,_Z,_Z,RATIO,2,WB_WDI,P1Y,0,A,PU,Annual,Solomon Islands,Access to electricity (% of population),Total,All age ranges or no breakdown by age,Total,Percentage of population,Not Applicable,Not Applicable,Not Applicable,Not Applicable,Ratio,Two,World Development Indicators (WDI),Annual,Units,Normal value,Public,,,,,,,,,,15.7,4.7,7.6,10.5,13.4,16.3,19.2,14.4,12.9,28.1,21.2,35.4,39.1,42.9,44.7,50.5,55.1,58.2,62.9,65.8,69.4,72.9,76.3,76.0,81.3
datastructure,WB.DATA360:DS_DATA360(1.3),I,A,GNB,WB_WDI_EG_ELC_ACCS_ZS,_T,_T,_T,PT_POP,_Z,_Z,_Z,_Z,RATIO,2,WB_WDI,P1Y,0,A,PU,Annual,Guinea-Bissau,Access to electricity (% of population),Total,All age ranges or no breakdown by age,Total,Percentage of population,Not Applicable,Not Applicable,Not Applicable,Not Applicable,Ratio,Two,World Development Indicators (WDI),Annual,Units,Normal value,Public,,,,,,,,,,,,,1.3,2.6,3.9,5.2,14.5,7.9,9.3,4.7,6.0,13.5,14.9,16.3,17.2,20.1,22.9,26.0,28.4,30.9,33.4,35.8,37.4,40.5
datastructure,WB.DATA360:DS_DATA360(1.3),I,A,OED,WB_WDI_EG_ELC_ACCS_ZS,_T,_T,_T,PT_POP,_Z,_Z,_Z,_Z,RATIO,2,WB_WDI,P1Y,0,A,PU,Annual,OECD members,Access to electricity (% of population),Total,All age ranges or no breakdown by age,Total,Percentage of population,Not Applicable,Not Applicable,Not Applicable,Not Applicable,Ratio,Two,World Development Indicators (WDI),Annual,Units,Normal value,Public,99.54780132702065,99.64542838872451,99.12582123223757,99.32417574686596,99.31324206965421,99.31439911046134,99.39185759838259,99.42387724162543,99.42115014614279,99.47435657268299,99.63552912851593,99.66052258690642,99.60349558992743,99.58272084084581,99.66622877305704,99.73907344275727,99.73965268126227,99.62878552760728,99.74396479237257,99.69177275859936,99.80762621470818,99.78721168820934,99.81294677495485,99.83503154096401,99.84802576621969,99.83935762307182,99.89593692904215,99.94085894635764,99.89875302487093,99.94007238495095,99.93297931602211,100.0,100.0,99.92294576256596
datastructure,WB.DATA360:DS_DATA360(1.3),I,A,NER,WB_WDI_EG_ELC_ACCS_ZS,_T,_T,_T,PT_POP,_Z,_Z,_Z,_Z,RATIO,2,WB_WDI,P1Y,0,A,PU,Annual,Niger,Access to electricity (% of population),Total,All age ranges or no breakdown by age,Total,Percentage of population,Not Applicable,Not Applicable,Not Applicable,Not Applicable,Ratio,Two,World Development Indicators (WDI),Annual,Units,Normal value,Public,,,4.4,4.01213979721069,4.57177639007568,6.2,7.0,6.23572778701782,6.7,7.32568216323853,6.5,8.4,8.8,9.3,9.7,7.1,9.3,11.2,11.8,12.3,13.6,14.3,14.4,15.2,15.7,16.6,17.0,17.6,17.6,18.5,18.7,18.6,19.5,20.1
datastructure,WB.DATA360:DS_DATA360(1.3),I,A,IDN,WB_WDI_EG_ELC_ACCS_ZS,_T,_T,_T,PT_POP,_Z,_Z,_Z,_Z,RATIO,2,WB_WDI,P1Y,0,A,PU,Annual,Indonesia,Access to electricity (% of population),Total,All age ranges or no breakdown by age,Total,Percentage of population,Not Applicable,Not Applicable,Not Applicable,Not Applicable,Ratio,Two,World Development Indicators (WDI),Annual,Units,Normal value,Public,,48.9,66.6965637207031,55.43,62.8,66.86,72.39,80.3,80.94,83.73,86.3,86.3,87.6,87.9,89.0,84.8,90.6,91.1,92.7,93.6,94.2,94.8,96.0,96.5,97.0,97.5,97.6,98.1,98.5,98.9,97.0,99.2,100.0,99.4
datastructure,WB.DATA360:DS_DATA360(1.3),I,A,HUN,WB_WDI_EG_ELC_ACCS_ZS,_T,_T,_T,PT_POP,_Z,_Z,_Z,_Z,RATIO,2,WB_WDI,P1Y,0,A,PU,Annual,Hungary,Access to electricity (% of population),Total,All age ranges or no breakdown by age,Total,Percentage of population,Not Applicable,Not Applicable,Not Applicable,Not Applicable,Ratio,Two,World Development Indicators (WDI),Annual,Units,Normal value,Public,100.0,100.0,100.0,100.0,100.0,100.0,100.0,100.0,100.0,100.0,100.0,100.0,100.0,100.0,100.0,99.9,99.9,100.0,100.0,100.0,100.0,100.0,100.0,100.0,100.0,100.0,100.0,100.0,100.0,100.0,100.0,100.0,100.0,100.0
datastructure,WB.DATA360:DS_DATA360(1.3),I,A,ECU,WB_WDI_EG_ELC_ACCS_ZS,_T,_T,_T,PT_POP,_Z,_Z,_Z,_Z,RATIO,2,WB_WDI,P1Y,0,A,PU,Annual,Ecuador,Access to electricity (% of population),Total,All age ranges or no breakdown by age,Total,Percentage of population,Not Applicable,Not Applicable,Not Applicable,Not Applicable,Ratio,Two,World Development Indicators (WDI),Annual,Units,Normal value,Public,,,,,,89.830167,92.0513763427734,92.429817199707,92.726642,93.071434,93.7,94.0,94.2,95.0,94.8,95.8,96.3,96.8,97.2,96.5,97.5,96.9,97.2,98.0,99.0,98.8,98.7,99.2,98.7,99.1,98.9,100.0,100.0,98.7
datastructure,WB.DATA360:DS_DATA360(1.3),I,A,EAP,WB_WDI_EG_ELC_ACCS_ZS,_T,_T,_T,PT_POP,_Z,_Z,_Z,_Z,RATIO,2,WB_WDI,P1Y,0,A,PU,Annual,East Asia & Pacific (excluding high income),Access to electricity (% of population),Total,All age ranges or no breakdown by age,Total,Percentage of population,Not Applicable,Not Applicable,Not Applicable,Not Applicable,Ratio,Two,World Development Indicators (WDI),Annual,Units,Normal value,Public,,,,,,,,,,,91.13814446684495,91.67980739344516,92.15327311637093,92.37804777195409,93.26606803879744,92.84530036285862,94.0414555134156,94.05138923607706,94.67193104906356,94.42763391277639,95.05537065543531,95.58168153051508,95.79516544922205,96.09285351682641,96.27409935655982,96.62182507280694,96.71653419172769,97.44530729837689,97.41238297471747,97.65009606179098,97.56518496824756,97.95992099102948,98.02737208910563,98.23763830071888
datastructure,WB.DATA360:DS_DATA360(1.3),I,A,MDA,WB_WDI_EG_ELC_ACCS_ZS,_T,_T,_T,PT_POP,_Z,_Z,_Z,_Z,RATIO,2,WB_WDI,P1Y,0,A,PU,Annual,Moldova,Access to electricity (% of population),Total,All age ranges or no breakdown by age,Total,Percentage of population,Not Applicable,Not Applicable,Not Applicable,Not Applicable,Ratio,Two,World Development Indicators (WDI),Annual,Units,Normal value,Public,100.0,100.0,100.0,100.0,100.0,100.0,100.0,100.0,100.0,100.0,98.7,98.8,99.0,98.8,99.1,98.6,98.9,99.0,99.1,99.2,99.3,99.4,99.5,99.6,99.8,99.9,99.9,100.0,100.0,100.0,100.0,100.0,100.0,100.0
datastructure,WB.DATA360:DS_DATA360(1.3),I,A,TMN,WB_WDI_EG_ELC_ACCS_ZS,_T,_T,_T,PT_POP,_Z,_Z,_Z,_Z,RATIO,2,WB_WDI,P1Y,0,A,PU,Annual,"Middle East, North Africa, Afghanistan & Pakistan (IDA & IBRD)",Access to electricity (% of population),Total,All age ranges or no breakdown by age,Total,Percentage of population,Not Applicable,Not Applicable,Not Applicable,Not Applicable,Ratio,Two,World Development Indicators (WDI),Annual,Units,Normal value,Public,,,,,,,,,,,81.25366787121744,81.99581077373203,82.32660337796868,83.35984604837807,83.76669732149635,84.8054610893122,86.62255188619017,86.05026858410072,87.03986174937116,87.72245737765006,89.71863641898204,89.93898928889938,91.09637548601921,92.49176288163555,93.45245776441922,92.77991064145876,94.66885850648357,95.59381364777096,94.47157482098622,95.61354564636244,95.88885617431168,96.06812600422184,95.45169819354933,96.05749468370914
datastructure,WB.DATA360:DS_DATA360(1.3),I,A,MLT,WB_WDI_EG_ELC_ACCS_ZS,_T,_T,_T,PT_POP,_Z,_Z,_Z,_Z,RATIO,2,WB_WDI,P1Y,0,A,PU,Annual,Malta,Access to electricity (% of population),Total,All age ranges or no breakdown by age,Total,Percentage of population,Not Applicable,Not Applicable,Not Applicable,Not Applicable,Ratio,Two,World Development Indicators (WDI),Annual,Units,Normal value,Public,100.0,100.0,100.0,100.0,100.0,100.0,100.0,100.0,100.0,100.0,100.0,100.0,100.0,100.0,100.0,100.0,100.0,100.0,100.0,100.0,100.0,100.0,100.0,100.0,100.0,100.0,100.0,100.0,100.0,100.0,100.0,100.0,100.0,100.0
datastructure,WB.DATA360:DS_DATA360(1.3),I,A,HPC,WB_WDI_EG_ELC_ACCS_ZS,_T,_T,_T,PT_POP,_Z,_Z,_Z,_Z,RATIO,2,WB_WDI,P1Y,0,A,PU,Annual,Heavily indebted poor countries (HIPC),Access to electricity (% of population),Total,All age ranges or no breakdown by age,Total,Percentage of population,Not Applicable,Not Applicable,Not Applicable,Not Applicable,Ratio,Two,World Development Indicators (WDI),Annual,Units,Normal value,Public,,,,,,,,,,,17.82509388381461,18.69654865166666,19.40213194333206,20.87067239865064,21.917167659595243,21.66182560971058,24.29425550637658,25.844643272544257,25.79944871095628,27.020086748217675,28.67808000852821,29.165168759952756,31.89319616085231,32.88162399868015,35.33553895954653,35.44578790587153,40.582514157223315,41.47000074127613,43.97203884258011,45.01480387036796,46.33252057117024,48.01162366255759,48.70742654028529,50.52088967956231
datastructure,WB.DATA360:DS_DATA360(1.3),I,A,DJI,WB_WDI_EG_ELC_ACCS_ZS,_T,_T,_T,PT_POP,_Z,_Z,_Z,_Z,RATIO,2,WB_WDI,P1Y,0,A,PU,Annual,Djibouti,Access to electricity (% of population),Total,All age ranges or no breakdown by age,Total,Percentage of population,Not Applicable,Not Applicable,Not Applicable,Not Applicable,Ratio,Two,World Development Indicators (WDI),Annual,Units,Normal value,Public,,,,,,,62.0,56.2944946289063,56.3222541809082,56.3451690673828,56.0,56.1,49.7,56.4,56.6,56.8,55.5,57.2,57.4,57.6,57.9,58.1,54.6,58.6,58.9,59.1,59.8,60.2,62.4,64.7,64.5,65.4,65.0,65.2
datastructure,WB.DATA360:DS_DATA360(1.3),I,A,ISL,WB_WDI_EG_ELC_ACCS_ZS,_T,_T,_T,PT_POP,_Z,_Z,_Z,_Z,RATIO,2,WB_WDI,P1Y,0,A,PU,Annual,Iceland,Access to electricity (% of population),Total,All age ranges or no breakdown by age,Total,Percentage of population,Not Applicable,Not Applicable,Not Applicable,Not Applicable,Ratio,Two,World Development Indicators (WDI),Annual,Units,Normal value,Public,100.0,100.0,100.0,100.0,100.0,100.0,100.0,100.0,100.0,100.0,100.0,100.0,100.0,100.0,100.0,100.0,100.0,100.0,100.0,100.0,100.0,100.0,100.0,100.0,100.0,100.0,100.0,100.0,100.0,100.0,100.0,100.0,100.0,100.0
datastructure,WB.DATA360:DS_DATA360(1.3),I,A,LMY,WB_WDI_EG_ELC_ACCS_ZS,_T,_T,_T,PT_POP,_Z,_Z,_Z,_Z,RATIO,2,WB_WDI,P1Y,0,A,PU,Annual,Low & middle income,Access to electricity (% of population),Total,All age ranges or no breakdown by age,Total,Percentage of population,Not Applicable,Not Applicable,Not Applicable,Not Applicable,Ratio,Two,World Development Indicators (WDI),Annual,Units,Normal value,Public,,,,,,,,,,,72.85143212716405,73.51893753056659,74.04839410795,75.16274969642613,75.19227102979944,76.16265307624887,76.99595277863645,77.79875422189826,78.68191981696803,78.9632554785921,79.69027566464929,81.02540416472375,81.5564750427461,82.53110518393657,83.14536695004251,84.16117416820887,85.52465581699443,86.5356490857827,87.60896551465888,88.00793928540682,88.37033528289545,89.52671336023253,89.48008324137398,89.85831248458538
datastructure,WB.DATA360:DS_DATA360(1.3),I,A,GHA,WB_WDI_EG_ELC_ACCS_ZS,_T,_T,_T,PT_POP,_Z,_Z,_Z,_Z,RATIO,2,WB_WDI,P1Y,0,A,PU,Annual,Ghana,Access to electricity (% of population),Total,All age ranges or no breakdown by age,Total,Percentage of population,Not Applicable,Not Applicable,Not Applicable,Not Applicable,Ratio,Two,World Development Indicators (WDI),Annual,Units,Normal value,Public,,,,30.6,30.36940574646,32.4504508972168,34.5287704467773,36.6036949157715,42.6,40.7405395507813,43.7,44.8,46.8,48.3,50.8,41.3,55.1,56.9,60.5,61.1,64.2,64.1,56.5,70.7,78.3,74.0,79.3,79.0,80.4,83.5,85.4,86.3,85.1,89.5
datastructure,WB.DATA360:DS_DATA360(1.3),I,A,LBY,WB_WDI_EG_ELC_ACCS_ZS,_T,_T,_T,PT_POP,_Z,_Z,_Z,_Z,RATIO,2,WB_WDI,P1Y,0,A,PU,Annual,Libya,Access to electricity (% of population),Total,All age ranges or no breakdown by age,Total,Percentage of population,Not Applicable,Not Applicable,Not Applicable,Not Applicable,Ratio,Two,World Development Indicators (WDI),Annual,Units,Normal value,Public,,,,,,,,,,,99.8,96.9,95.2,93.5,91.8,90.1,88.4,86.8,85.1,83.5,81.9,80.3,78.7,77.1,75.5,73.8,72.2,70.6,67.0,68.5,69.4,70.2,70.0,73.2
datastructure,WB.DATA360:DS_DATA360(1.3),I,A,RWA,WB_WDI_EG_ELC_ACCS_ZS,_T,_T,_T,PT_POP,_Z,_Z,_Z,_Z,RATIO,2,WB_WDI,P1Y,0,A,PU,Annual,Rwanda,Access to electricity (% of population),Total,All age ranges or no breakdown by age,Total,Percentage of population,Not Applicable,Not Applicable,Not Applicable,Not Applicable,Ratio,Two,World Development Indicators (WDI),Annual,Units,Normal value,Public,,,2.3,,,,,1.02783596515656,2.17412757873535,3.31557703018188,6.2,4.7,6.0,7.4,8.7,4.8,11.4,12.8,6.0,15.6,9.7,10.8,17.5,15.2,19.8,22.8,29.4,34.1,38.0,46.6,45.2,48.7,50.6,63.9
datastructure,WB.DATA360:DS_DATA360(1.3),I,A,ESP,WB_WDI_EG_ELC_ACCS_ZS,_T,_T,_T,PT_POP,_Z,_Z,_Z,_Z,RATIO,2,WB_WDI,P1Y,0,A,PU,Annual,Spain,Access to electricity (% of population),Total,All age ranges or no breakdown by age,Total,Percentage of population,Not Applicable,Not Applicable,Not Applicable,Not Applicable,Ratio,Two,World Development Indicators (WDI),Annual,Units,Normal value,Public,100.0,100.0,100.0,100.0,100.0,100.0,100.0,100.0,100.0,100.0,100.0,100.0,100.0,100.0,100.0,100.0,100.0,100.0,100.0,100.0,100.0,100.0,100.0,100.0,100.0,100.0,100.0,100.0,100.0,100.0,100.0,100.0,100.0,100.0
datastructure,WB.DATA360:DS_DATA360(1.3),I,A,IRL,WB_WDI_EG_ELC_ACCS_ZS,_T,_T,_T,PT_POP,_Z,_Z,_Z,_Z,RATIO,2,WB_WDI,P1Y,0,A,PU,Annual,Ireland,Access to electricity (% of population),Total,All age ranges or no breakdown by age,Total,Percentage of population,Not Applicable,Not Applicable,Not Applicable,Not Applicable,Ratio,Two,World Development Indicators (WDI),Annual,Units,Normal value,Public,100.0,100.0,100.0,100.0,100.0,100.0,100.0,100.0,100.0,100.0,100.0,100.0,100.0,100.0,100.0,100.0,100.0,100.0,100.0,100.0,100.0,100.0,100.0,100.0,100.0,100.0,100.0,100.0,100.0,100.0,100.0,100.0,100.0,100.0
datastructure,WB.DATA360:DS_DATA360(1.3),I,A,GIN,WB_WDI_EG_ELC_ACCS_ZS,_T,_T,_T,PT_POP,_Z,_Z,_Z,_Z,RATIO,2,WB_WDI,P1Y,0,A,PU,Annual,Guinea,Access to electricity (% of population),Total,All age ranges or no breakdown by age,Total,Percentage of population,Not Applicable,Not Applicable,Not Applicable,Not Applicable,Ratio,Two,World Development Indicators (WDI),Annual,Units,Normal value,Public,,,,,,,,,,16.4,15.2,16.4,17.7,18.9,20.2,20.2,22.8,24.1,25.4,26.7,28.1,29.5,26.2,32.2,33.5,34.9,33.5,35.4,45.0,42.2,44.7,46.8,47.7,51.1
datastructure,WB.DATA360:DS_DATA360(1.3),I,A,BMU,WB_WDI_EG_ELC_ACCS_ZS,_T,_T,_T,PT_POP,_Z,_Z,_Z,_Z,RATIO,2,WB_WDI,P1Y,0,A,PU,Annual,Bermuda,Access to electricity (% of population),Total,All age ranges or no breakdown by age,Total,Percentage of population,Not Applicable,Not Applicable,Not Applicable,Not Applicable,Ratio,Two,World Development Indicators (WDI),Annual,Units,Normal value,Public,100.0,100.0,100.0,100.0,100.0,100.0,100.0,100.0,100.0,100.0,100.0,100.0,100.0,100.0,100.0,100.0,100.0,100.0,100.0,100.0,100.0,100.0,100.0,100.0,100.0,100.0,100.0,100.0,100.0,100.0,100.0,100.0,100.0,100.0
datastructure,WB.DATA360:DS_DATA360(1.3),I,A,GBR,WB_WDI_EG_ELC_ACCS_ZS,_T,_T,_T,PT_POP,_Z,_Z,_Z,_Z,RATIO,2,WB_WDI,P1Y,0,A,PU,Annual,United Kingdom,Access to electricity (% of population),Total,All age ranges or no breakdown by age,Total,Percentage of population,Not Applicable,Not Applicable,Not Applicable,Not Applicable,Ratio,Two,World Development Indicators (WDI),Annual,Units,Normal value,Public,100.0,100.0,100.0,100.0,100.0,100.0,100.0,100.0,100.0,100.0,100.0,100.0,100.0,100.0,100.0,100.0,100.0,100.0,100.0,100.0,100.0,100.0,100.0,100.0,100.0,100.0,100.0,100.0,100.0,100.0,100.0,100.0,100.0,100.0
datastructure,WB.DATA360:DS_DATA360(1.3),I,A,SXM,WB_WDI_EG_ELC_ACCS_ZS,_T,_T,_T,PT_POP,_Z,_Z,_Z,_Z,RATIO,2,WB_WDI,P1Y,0,A,PU,Annual,Sint Maarten (Dutch part),Access to electricity (% of population),Total,All age ranges or no breakdown by age,Total,Percentage of population,Not Applicable,Not Applicable,Not Applicable,Not Applicable,Ratio,Two,World Development Indicators (WDI),Annual,Units,Normal value,Public,100.0,100.0,100.0,100.0,100.0,100.0,100.0,100.0,100.0,100.0,100.0,99.9,99.9,99.8,99.8,99.7,99.7,99.7,99.7,99.7,100.0,100.0,100.0,100.0,100.0,100.0,100.0,100.0,100.0,100.0,100.0,100.0,100.0,100.0
datastructure,WB.DATA360:DS_DATA360(1.3),I,A,SMR,WB_WDI_EG_ELC_ACCS_ZS,_T,_T,_T,PT_POP,_Z,_Z,_Z,_Z,RATIO,2,WB_WDI,P1Y,0,A,PU,Annual,San Marino,Access to electricity (% of population),Total,All age ranges or no breakdown by age,Total,Percentage of population,Not Applicable,Not Applicable,Not Applicable,Not Applicable,Ratio,Two,World Development Indicators (WDI),Annual,Units,Normal value,Public,100.0,100.0,100.0,100.0,100.0,100.0,100.0,100.0,100.0,100.0,100.0,100.0,100.0,100.0,100.0,100.0,100.0,100.0,100.0,100.0,100.0,100.0,100.0,100.0,100.0,100.0,100.0,100.0,100.0,100.0,100.0,100.0,100.0,100.0
datastructure,WB.DATA360:DS_DATA360(1.3),I,A,DOM,WB_WDI_EG_ELC_ACCS_ZS,_T,_T,_T,PT_POP,_Z,_Z,_Z,_Z,RATIO,2,WB_WDI,P1Y,0,A,PU,Annual,Dominican Republic,Access to electricity (% of population),Total,All age ranges or no breakdown by age,Total,Percentage of population,Not Applicable,Not Applicable,Not Applicable,Not Applicable,Ratio,Two,World Development Indicators (WDI),Annual,Units,Normal value,Public,,78.2,82.4854049682617,83.2554931640625,84.0242233276367,84.7909088134766,85.5548782348633,86.3154449462891,87.0719375610352,91.0,88.8,89.8,89.7,89.2,90.3,90.1,90.1,96.9,97.6,97.9,98.1,97.9,97.9,98.4,98.5,98.6,98.9,100.0,98.9,99.0,100.0,98.1,98.1,99.6
datastructure,WB.DATA360:DS_DATA360(1.3),I,A,KGZ,WB_WDI_EG_ELC_ACCS_ZS,_T,_T,_T,PT_POP,_Z,_Z,_Z,_Z,RATIO,2,WB_WDI,P1Y,0,A,PU,Annual,Kyrgyz Republic,Access to electricity (% of population),Total,All age ranges or no breakdown by age,Total,Percentage of population,Not Applicable,Not Applicable,Not Applicable,Not Applicable,Ratio,Two,World Development Indicators (WDI),Annual,Units,Normal value,Public,,,,,,,,99.8,99.553825378418,99.5655822753906,99.6,99.5,100.0,99.4,99.3,99.4,98.9,99.5,99.5,99.5,99.0,98.3,99.8,98.9,99.8,98.7,99.7,100.0,100.0,99.9,99.9,99.7,99.7,100.0
datastructure,WB.DATA360:DS_DATA360(1.3),I,A,FRO,WB_WDI_EG_ELC_ACCS_ZS,_T,_T,_T,PT_POP,_Z,_Z,_Z,_Z,RATIO,2,WB_WDI,P1Y,0,A,PU,Annual,Faroe Islands,Access to electricity (% of population),Total,All age ranges or no breakdown by age,Total,Percentage of population,Not Applicable,Not Applicable,Not Applicable,Not Applicable,Ratio,Two,World Development Indicators (WDI),Annual,Units,Normal value,Public,100.0,100.0,100.0,100.0,100.0,100.0,100.0,100.0,100.0,100.0,100.0,100.0,100.0,100.0,100.0,100.0,100.0,100.0,100.0,100.0,100.0,100.0,100.0,100.0,100.0,100.0,100.0,100.0,100.0,100.0,100.0,100.0,100.0,100.0
datastructure,WB.DATA360:DS_DATA360(1.3),I,A,BLZ,WB_WDI_EG_ELC_ACCS_ZS,_T,_T,_T,PT_POP,_Z,_Z,_Z,_Z,RATIO,2,WB_WDI,P1Y,0,A,PU,Annual,Belize,Access to electricity (% of population),Total,All age ranges or no breakdown by age,Total,Percentage of population,Not Applicable,Not Applicable,Not Applicable,Not Applicable,Ratio,Two,World Development Indicators (WDI),Annual,Units,Normal value,Public,,67.0,72.2249145507813,73.1233291625977,74.0203857421875,74.915397644043,75.8076934814453,76.6965866088867,77.5814056396484,78.4613800048828,79.0,80.2,81.0,81.8,82.6,83.5,91.0,85.2,86.1,86.9,89.9,91.7,90.9,91.1,91.5,91.8,93.3,94.2,91.7,92.7,96.8,97.7,98.6,99.6
datastructure,WB.DATA360:DS_DATA360(1.3),I,A,CUW,WB_WDI_EG_ELC_ACCS_ZS,_T,_T,_T,PT_POP,_Z,_Z,_Z,_Z,RATIO,2,WB_WDI,P1Y,0,A,PU,Annual,Curaçao,Access to electricity (% of population),Total,All age ranges or no breakdown by age,Total,Percentage of population,Not Applicable,Not Applicable,Not Applicable,Not Applicable,Ratio,Two,World Development Indicators (WDI),Annual,Units,Normal value,Public,100.0,100.0,100.0,100.0,100.0,100.0,100.0,100.0,100.0,100.0,100.0,99.9,99.9,99.8,99.8,99.7,99.7,99.7,99.7,99.7,100.0,100.0,100.0,100.0,100.0,100.0,100.0,100.0,100.0,100.0,100.0,100.0,100.0,100.0
datastructure,WB.DATA360:DS_DATA360(1.3),I,A,KAZ,WB_WDI_EG_ELC_ACCS_ZS,_T,_T,_T,PT_POP,_Z,_Z,_Z,_Z,RATIO,2,WB_WDI,P1Y,0,A,PU,Annual,Kazakhstan,Access to electricity (% of population),Total,All age ranges or no breakdown by age,Total,Percentage of population,Not Applicable,Not Applicable,Not Applicable,Not Applicable,Ratio,Two,World Development Indicators (WDI),Annual,Units,Normal value,Public,,,,,,99.9,99.1921157836914,99.2694702148438,99.3427505493164,97.0,99.6,99.7,99.8,99.9,100.0,100.0,99.8,100.0,100.0,100.0,100.0,99.8,100.0,100.0,100.0,100.0,100.0,100.0,100.0,100.0,100.0,100.0,100.0,100.0
datastructure,WB.DATA360:DS_DATA360(1.3),I,A,NLD,WB_WDI_EG_ELC_ACCS_ZS,_T,_T,_T,PT_POP,_Z,_Z,_Z,_Z,RATIO,2,WB_WDI,P1Y,0,A,PU,Annual,Netherlands,Access to electricity (% of population),Total,All age ranges or no breakdown by age,Total,Percentage of population,Not Applicable,Not Applicable,Not Applicable,Not Applicable,Ratio,Two,World Development Indicators (WDI),Annual,Units,Normal value,Public,100.0,100.0,100.0,100.0,100.0,100.0,100.0,100.0,100.0,100.0,100.0,100.0,100.0,100.0,100.0,100.0,100.0,100.0,100.0,100.0,100.0,100.0,100.0,100.0,100.0,100.0,100.0,100.0,100.0,100.0,100.0,100.0,100.0,100.0
datastructure,WB.DATA360:DS_DATA360(1.3),I,A,PSS,WB_WDI_EG_ELC_ACCS_ZS,_T,_T,_T,PT_POP,_Z,_Z,_Z,_Z,RATIO,2,WB_WDI,P1Y,0,A,PU,Annual,Pacific island small states,Access to electricity (% of population),Total,All age ranges or no breakdown by age,Total,Percentage of population,Not Applicable,Not Applicable,Not Applicable,Not Applicable,Ratio,Two,World Development Indicators (WDI),Annual,Units,Normal value,Public,,,,,,,,,,56.911424677257614,55.287518080335936,56.63281344470559,58.33324793475598,59.43374020084958,60.618657845122705,62.24143704991961,61.667114683048766,63.937692935358385,67.26129946414999,64.82018974070657,71.79612527130483,72.80445822933271,73.8316460480866,72.66179843226682,76.57540311257165,78.5477895035505,79.90834225928386,82.1041734677982,82.69782730902998,84.34343508823291,86.1939811336602,85.6708178235478,85.79238850638673,88.87057136185011
datastructure,WB.DATA360:DS_DATA360(1.3),I,A,IRQ,WB_WDI_EG_ELC_ACCS_ZS,_T,_T,_T,PT_POP,_Z,_Z,_Z,_Z,RATIO,2,WB_WDI,P1Y,0,A,PU,Annual,Iraq,Access to electricity (% of population),Total,All age ranges or no breakdown by age,Total,Percentage of population,Not Applicable,Not Applicable,Not Applicable,Not Applicable,Ratio,Two,World Development Indicators (WDI),Annual,Units,Normal value,Public,,,,,,,,,,,96.8,96.9,97.1,97.2,97.3,97.4,97.6,98.1,97.9,98.1,98.4,98.0,99.3,99.0,99.2,99.4,99.7,99.9,99.9,100.0,100.0,100.0,100.0,100.0
datastructure,WB.DATA360:DS_DATA360(1.3),I,A,SSD,WB_WDI_EG_ELC_ACCS_ZS,_T,_T,_T,PT_POP,_Z,_Z,_Z,_Z,RATIO,2,WB_WDI,P1Y,0,A,PU,Annual,South Sudan,Access to electricity (% of population),Total,All age ranges or no breakdown by age,Total,Percentage of population,Not Applicable,Not Applicable,Not Applicable,Not Applicable,Ratio,Two,World Development Indicators (WDI),Annual,Units,Normal value,Public,,,,,,,,,,,,,,,,,,0.8,1.3,3.0,1.5,2.8,3.3,3.8,4.3,4.8,5.3,4.2,6.3,6.8,7.3,7.7,8.4,5.4
datastructure,WB.DATA360:DS_DATA360(1.3),I,A,CHN,WB_WDI_EG_ELC_ACCS_ZS,_T,_T,_T,PT_POP,_Z,_Z,_Z,_Z,RATIO,2,WB_WDI,P1Y,0,A,PU,Annual,China,Access to electricity (% of population),Total,All age ranges or no breakdown by age,Total,Percentage of population,Not Applicable,Not Applicable,Not Applicable,Not Applicable,Ratio,Two,World Development Indicators (WDI),Annual,Units,Normal value,Public,,,,,,,,,,,96.7,97.0,97.2,97.4,97.7,97.9,98.2,98.5,98.8,99.1,99.7,99.9,99.9,100.0,100.0,100.0,100.0,100.0,100.0,100.0,100.0,100.0,100.0,100.0
datastructure,WB.DATA360:DS_DATA360(1.3),I,A,ISR,WB_WDI_EG_ELC_ACCS_ZS,_T,_T,_T,PT_POP,_Z,_Z,_Z,_Z,RATIO,2,WB_WDI,P1Y,0,A,PU,Annual,Israel,Access to electricity (% of population),Total,All age ranges or no breakdown by age,Total,Percentage of population,Not Applicable,Not Applicable,Not Applicable,Not Applicable,Ratio,Two,World Development Indicators (WDI),Annual,Units,Normal value,Public,100.0,100.0,100.0,100.0,100.0,100.0,100.0,100.0,100.0,100.0,100.0,100.0,100.0,100.0,100.0,100.0,100.0,100.0,100.0,100.0,100.0,100.0,100.0,100.0,100.0,100.0,100.0,100.0,100.0,100.0,100.0,100.0,100.0,100.0
datastructure,WB.DATA360:DS_DATA360(1.3),I,A,MRT,WB_WDI_EG_ELC_ACCS_ZS,_T,_T,_T,PT_POP,_Z,_Z,_Z,_Z,RATIO,2,WB_WDI,P1Y,0,A,PU,Annual,Mauritania,Access to electricity (% of population),Total,All age ranges or no breakdown by age,Total,Percentage of population,Not Applicable,Not Applicable,Not Applicable,Not Applicable,Ratio,Two,World Development Indicators (WDI),Annual,Units,Normal value,Public,,,,,,,,,,,19.1,22.2,21.7,23.0,24.3,18.2,27.0,33.0,30.0,31.1,34.2,35.3,36.4,37.6,38.8,39.5,41.2,42.9,43.6,44.9,45.4,47.7,49.0,50.3
datastructure,WB.DATA360:DS_DATA360(1.3),I,A,TCD,WB_WDI_EG_ELC_ACCS_ZS,_T,_T,_T,PT_POP,_Z,_Z,_Z,_Z,RATIO,2,WB_WDI,P1Y,0,A,PU,Annual,Chad,Access to electricity (% of population),Total,All age ranges or no breakdown by age,Total,Percentage of population,Not Applicable,Not Applicable,Not Applicable,Not Applicable,Ratio,Two,World Development Indicators (WDI),Annual,Units,Normal value,Public,,,,,,,,2.3,2.42038726806641,2.80621337890625,3.1,3.4,3.8,4.1,3.5,4.8,5.1,5.5,5.9,6.3,6.4,9.0,7.8,8.1,8.4,7.7,9.2,10.9,10.1,8.4,10.9,11.3,11.7,12.0
datastructure,WB.DATA360:DS_DATA360(1.3),I,A,BEN,WB_WDI_EG_ELC_ACCS_ZS,_T,_T,_T,PT_POP,_Z,_Z,_Z,_Z,RATIO,2,WB_WDI,P1Y,0,A,PU,Annual,Benin,Access to electricity (% of population),Total,All age ranges or no breakdown by age,Total,Percentage of population,Not Applicable,Not Applicable,Not Applicable,Not Applicable,Ratio,Two,World Development Indicators (WDI),Annual,Units,Normal value,Public,,,,,,,14.5,18.5896263122559,19.578254699707,20.5620422363281,21.5,21.9,23.4,24.3,25.2,26.1,27.9,28.0,29.0,30.0,34.2,36.9,38.4,34.7,34.1,29.6,37.0,34.5,39.0,40.0,41.0,42.0,56.5,57.0
datastructure,WB.DATA360:DS_DATA360(1.3),I,A,WSM,WB_WDI_EG_ELC_ACCS_ZS,_T,_T,_T,PT_POP,_Z,_Z,_Z,_Z,RATIO,2,WB_WDI,P1Y,0,A,PU,Annual,Samoa,Access to electricity (% of population),Total,All age ranges or no breakdown by age,Total,Percentage of population,Not Applicable,Not Applicable,Not Applicable,Not Applicable,Ratio,Two,World Development Indicators (WDI),Annual,Units,Normal value,Public,,78.8,81.6401672363281,82.4245910644531,80.0,83.9886932373047,84.7669982910156,85.5419082641602,86.312744140625,87.078727722168,88.0,88.7,89.3,89.9,90.5,91.1,96.4,92.5,98.1,97.9,96.4,96.7,96.8,97.0,97.9,98.2,98.9,96.8,99.8,99.2,100.0,98.3,98.3,100.0
datastructure,WB.DATA360:DS_DATA360(1.3),I,A,WLD,WB_WDI_EG_ELC_ACCS_ZS,_T,_T,_T,PT_POP,_Z,_Z,_Z,_Z,RATIO,2,WB_WDI,P1Y,0,A,PU,Annual,World,Access to electricity (% of population),Total,All age ranges or no breakdown by age,Total,Percentage of population,Not Applicable,Not Applicable,Not Applicable,Not Applicable,Ratio,Two,World Development Indicators (WDI),Annual,Units,Normal value,Public,,,,,,,,,73.20058084657018,74.5078582821173,78.2249748107832,78.71880992632298,79.10435891020505,79.96847146854753,79.95570710162667,80.70492045136082,81.35703561366843,81.97457266213344,82.67141836922735,82.86882576337608,83.4502084407021,84.50887221417759,84.93915557310346,85.71369070838179,86.198537437738,86.92736676089454,88.10809672384983,88.93571240033123,89.80117770191549,90.11247879164229,90.39977091436654,91.3385144099012,91.29271000446604,91.60347624802387
datastructure,WB.DATA360:DS_DATA360(1.3),I,A,ARG,WB_WDI_EG_ELC_ACCS_ZS,_T,_T,_T,PT_POP,_Z,_Z,_Z,_Z,RATIO,2,WB_WDI,P1Y,0,A,PU,Annual,Argentina,Access to electricity (% of population),Total,All age ranges or no breakdown by age,Total,Percentage of population,Not Applicable,Not Applicable,Not Applicable,Not Applicable,Ratio,Two,World Development Indicators (WDI),Annual,Units,Normal value,Public,92.1548004150391,92.4921875,92.8294525146484,93.1660461425781,93.5012741088867,93.8344650268555,94.1649398803711,94.4920120239258,94.8150024414063,95.1331558227539,95.7,95.5,96.1,96.3,96.5,96.7,97.0,97.2,97.5,97.8,98.8,99.0,99.1,99.3,100.0,99.7,99.9,100.0,100.0,100.0,100.0,100.0,100.0,100.0
datastructure,WB.DATA360:DS_DATA360(1.3),I,A,CSS,WB_WDI_EG_ELC_ACCS_ZS,_T,_T,_T,PT_POP,_Z,_Z,_Z,_Z,RATIO,2,WB_WDI,P1Y,0,A,PU,Annual,Caribbean small states,Access to electricity (% of population),Total,All age ranges or no breakdown by age,Total,Percentage of population,Not Applicable,Not Applicable,Not Applicable,Not Applicable,Ratio,Two,World Development Indicators (WDI),Annual,Units,Normal value,Public,,,,,,,,,,,88.4159289818663,90.48553367408336,90.80911270440201,91.00187183873571,91.28946472906107,90.81578748121976,91.94639786257015,93.08160547274788,93.44412940615753,92.91529439226757,94.18151245945988,94.12768184671324,95.25431138397212,95.5637395418446,95.84321964584073,96.20019484533715,96.66568678329907,97.05429005941174,97.08782770804812,97.3685903913769,97.93336268770315,98.17469909025496,98.30642215012973,99.16847753846098
datastructure,WB.DATA360:DS_DATA360(1.3),I,A,ARB,WB_WDI_EG_ELC_ACCS_ZS,_T,_T,_T,PT_POP,_Z,_Z,_Z,_Z,RATIO,2,WB_WDI,P1Y,0,A,PU,Annual,Arab World,Access to electricity (% of population),Total,All age ranges or no breakdown by age,Total,Percentage of population,Not Applicable,Not Applicable,Not Applicable,Not Applicable,Ratio,Two,World Development Indicators (WDI),Annual,Units,Normal value,Public,,,,,,,,76.61177661488927,77.5412552853078,78.15640433640634,80.4586672566828,81.3547942659304,81.323622346782,82.3422219013586,82.27952495388683,83.07676744850998,85.28439371649417,83.62676380460226,83.27556416063373,84.15972870736387,86.92150259351104,87.17269423202973,86.84786696514067,88.96162991907488,88.40677670856526,88.66164313987252,89.18617105728255,90.35106693964651,88.68984064722673,89.92899630834125,90.24177696858061,90.43409477329847,90.6545179070033,91.64542994445094
datastructure,WB.DATA360:DS_DATA360(1.3),I,A,BHR,WB_WDI_EG_ELC_ACCS_ZS,_T,_T,_T,PT_POP,_Z,_Z,_Z,_Z,RATIO,2,WB_WDI,P1Y,0,A,PU,Annual,Bahrain,Access to electricity (% of population),Total,All age ranges or no breakdown by age,Total,Percentage of population,Not Applicable,Not Applicable,Not Applicable,Not Applicable,Ratio,Two,World Development Indicators (WDI),Annual,Units,Normal value,Public,99.9413986206055,99.9673919677734,99.9871826171875,99.9971389770508,99.9997711181641,100.0,100.0,100.0,100.0,100.0,100.0,100.0,100.0,100.0,100.0,100.0,100.0,100.0,100.0,100.0,100.0,100.0,100.0,100.0,100.0,100.0,100.0,100.0,100.0,100.0,100.0,100.0,100.0,100.0
datastructure,WB.DATA360:DS_DATA360(1.3),I,A,GNQ,WB_WDI_EG_ELC_ACCS_ZS,_T,_T,_T,PT_POP,_Z,_Z,_Z,_Z,RATIO,2,WB_WDI,P1Y,0,A,PU,Annual,Equatorial Guinea,Access to electricity (% of population),Total,All age ranges or no breakdown by age,Total,Percentage of population,Not Applicable,Not Applicable,Not Applicable,Not Applicable,Ratio,Two,World Development Indicators (WDI),Annual,Units,Normal value,Public,,,,,,,,,,,64.8,64.9,64.9,64.9,64.9,65.0,65.1,65.1,65.2,65.4,66.1,66.1,65.7,65.9,66.0,66.1,66.2,66.4,66.5,66.6,66.7,66.8,67.0,66.9
datastructure,WB.DATA360:DS_DATA360(1.3),I,A,SGP,WB_WDI_EG_ELC_ACCS_ZS,_T,_T,_T,PT_POP,_Z,_Z,_Z,_Z,RATIO,2,WB_WDI,P1Y,0,A,PU,Annual,Singapore,Access to electricity (% of population),Total,All age ranges or no breakdown by age,Total,Percentage of population,Not Applicable,Not Applicable,Not Applicable,Not Applicable,Ratio,Two,World Development Indicators (WDI),Annual,Units,Normal value,Public,100.0,100.0,100.0,100.0,100.0,100.0,100.0,100.0,100.0,100.0,100.0,100.0,100.0,100.0,100.0,100.0,100.0,100.0,100.0,100.0,100.0,100.0,100.0,100.0,100.0,100.0,100.0,100.0,100.0,100.0,100.0,100.0,100.0,100.0
datastructure,WB.DATA360:DS_DATA360(1.3),I,A,RUS,WB_WDI_EG_ELC_ACCS_ZS,_T,_T,_T,PT_POP,_Z,_Z,_Z,_Z,RATIO,2,WB_WDI,P1Y,0,A,PU,Annual,Russian Federation,Access to electricity (% of population),Total,All age ranges or no breakdown by age,Total,Percentage of population,Not Applicable,Not Applicable,Not Applicable,Not Applicable,Ratio,Two,World Development Indicators (WDI),Annual,Units,Normal value,Public,100.0,100.0,100.0,100.0,100.0,100.0,100.0,100.0,100.0,100.0,97.8,97.9,97.9,97.9,98.0,98.0,98.1,98.2,98.3,98.4,99.3,99.2,100.0,100.0,100.0,95.5,99.4,100.0,100.0,99.8,99.9,100.0,100.0,100.0
datastructure,WB.DATA360:DS_DATA360(1.3),I,A,SLV,WB_WDI_EG_ELC_ACCS_ZS,_T,_T,_T,PT_POP,_Z,_Z,_Z,_Z,RATIO,2,WB_WDI,P1Y,0,A,PU,Annual,El Salvador,Access to electricity (% of population),Total,All age ranges or no breakdown by age,Total,Percentage of population,Not Applicable,Not Applicable,Not Applicable,Not Applicable,Ratio,Two,World Development Indicators (WDI),Annual,Units,Normal value,Public,,69.60788,75.3321914672852,76.2761383056641,77.2187194824219,76.995504,77.883,80.0315170288086,81.637983,79.129592,84.5,87.1,87.5,87.0,87.4,87.5,89.2,91.1,91.0,91.1,91.6,92.6,93.7,95.0,95.1,95.4,96.0,96.8,97.0,97.4,99.7,97.9,100.0,98.3
datastructure,WB.DATA360:DS_DATA360(1.3),I,A,SEN,WB_WDI_EG_ELC_ACCS_ZS,_T,_T,_T,PT_POP,_Z,_Z,_Z,_Z,RATIO,2,WB_WDI,P1Y,0,A,PU,Annual,Senegal,Access to electricity (% of population),Total,All age ranges or no breakdown by age,Total,Percentage of population,Not Applicable,Not Applicable,Not Applicable,Not Applicable,Ratio,Two,World Development Indicators (WDI),Annual,Units,Normal value,Public,,,,26.0,27.190486907959,28.8571910858154,30.5211772918701,32.2,33.8382682800293,36.2,37.7,38.9,36.8,41.9,36.8,47.1,49.9,48.1,49.7,53.5,56.5,56.5,56.5,57.0,61.0,60.5,64.5,61.7,66.0,70.4,64.3,68.0,67.9,74.2
datastructure,WB.DATA360:DS_DATA360(1.3),I,A,OMN,WB_WDI_EG_ELC_ACCS_ZS,_T,_T,_T,PT_POP,_Z,_Z,_Z,_Z,RATIO,2,WB_WDI,P1Y,0,A,PU,Annual,Oman,Access to electricity (% of population),Total,All age ranges or no breakdown by age,Total,Percentage of population,Not Applicable,Not Applicable,Not Applicable,Not Applicable,Ratio,Two,World Development Indicators (WDI),Annual,Units,Normal value,Public,100.0,100.0,100.0,100.0,100.0,100.0,100.0,100.0,100.0,100.0,100.0,100.0,100.0,100.0,100.0,99.9,99.9,100.0,100.0,100.0,100.0,100.0,100.0,100.0,100.0,100.0,100.0,100.0,100.0,100.0,100.0,100.0,100.0,100.0
datastructure,WB.DATA360:DS_DATA360(1.3),I,A,DMA,WB_WDI_EG_ELC_ACCS_ZS,_T,_T,_T,PT_POP,_Z,_Z,_Z,_Z,RATIO,2,WB_WDI,P1Y,0,A,PU,Annual,Dominica,Access to electricity (% of population),Total,All age ranges or no breakdown by age,Total,Percentage of population,Not Applicable,Not Applicable,Not Applicable,Not Applicable,Ratio,Two,World Development Indicators (WDI),Annual,Units,Normal value,Public,,,,,,,,,75.0,79.6219177246094,81.1,82.1,87.7,84.0,85.0,86.0,87.0,88.1,90.9,90.2,91.3,90.1,93.5,94.6,95.7,96.7,97.8,98.9,99.6,99.9,100.0,100.0,100.0,100.0
datastructure,WB.DATA360:DS_DATA360(1.3),I,A,NIC,WB_WDI_EG_ELC_ACCS_ZS,_T,_T,_T,PT_POP,_Z,_Z,_Z,_Z,RATIO,2,WB_WDI,P1Y,0,A,PU,Annual,Nicaragua,Access to electricity (% of population),Total,All age ranges or no breakdown by age,Total,Percentage of population,Not Applicable,Not Applicable,Not Applicable,Not Applicable,Ratio,Two,World Development Indicators (WDI),Annual,Units,Normal value,Public,,,,72.064174,69.2538299560547,69.8499069213867,70.4432601928711,71.0332107543945,69.047103,72.2001266479492,73.0,72.2,74.1,74.6,75.2,73.8,76.3,76.9,77.5,77.9,80.1,81.2,81.3,81.9,81.9,83.2,83.9,84.6,85.2,85.7,86.0,86.3,86.5,88.3
datastructure,WB.DATA360:DS_DATA360(1.3),I,A,LUX,WB_WDI_EG_ELC_ACCS_ZS,_T,_T,_T,PT_POP,_Z,_Z,_Z,_Z,RATIO,2,WB_WDI,P1Y,0,A,PU,Annual,Luxembourg,Access to electricity (% of population),Total,All age ranges or no breakdown by age,Total,Percentage of population,Not Applicable,Not Applicable,Not Applicable,Not Applicable,Ratio,Two,World Development Indicators (WDI),Annual,Units,Normal value,Public,100.0,100.0,100.0,100.0,100.0,100.0,100.0,100.0,100.0,100.0,100.0,100.0,100.0,100.0,100.0,100.0,100.0,100.0,100.0,100.0,100.0,100.0,100.0,100.0,100.0,100.0,100.0,100.0,100.0,100.0,100.0,100.0,100.0,100.0
datastructure,WB.DATA360:DS_DATA360(1.3),I,A,BRN,WB_WDI_EG_ELC_ACCS_ZS,_T,_T,_T,PT_POP,_Z,_Z,_Z,_Z,RATIO,2,WB_WDI,P1Y,0,A,PU,Annual,Brunei Darussalam,Access to electricity (% of population),Total,All age ranges or no breakdown by age,Total,Percentage of population,Not Applicable,Not Applicable,Not Applicable,Not Applicable,Ratio,Two,World Development Indicators (WDI),Annual,Units,Normal value,Public,100.0,100.0,100.0,100.0,100.0,100.0,100.0,100.0,100.0,100.0,100.0,100.0,100.0,100.0,100.0,100.0,100.0,100.0,100.0,100.0,100.0,100.0,100.0,100.0,100.0,100.0,100.0,100.0,100.0,100.0,100.0,100.0,100.0,100.0
datastructure,WB.DATA360:DS_DATA360(1.3),I,A,KEN,WB_WDI_EG_ELC_ACCS_ZS,_T,_T,_T,PT_POP,_Z,_Z,_Z,_Z,RATIO,2,WB_WDI,P1Y,0,A,PU,Annual,Kenya,Access to electricity (% of population),Total,All age ranges or no breakdown by age,Total,Percentage of population,Not Applicable,Not Applicable,Not Applicable,Not Applicable,Ratio,Two,World Development Indicators (WDI),Annual,Units,Normal value,Public,,,,10.9,3.47343683242798,5.42734336853027,7.37853050231934,9.32631778717041,14.5,13.2088918685913,15.2,17.0,18.9,16.0,22.6,24.5,26.4,28.3,30.3,23.0,19.2,36.2,38.1,40.1,36.0,41.6,53.1,55.8,61.2,69.7,71.5,76.5,76.0,76.2
datastructure,WB.DATA360:DS_DATA360(1.3),I,A,ZAF,WB_WDI_EG_ELC_ACCS_ZS,_T,_T,_T,PT_POP,_Z,_Z,_Z,_Z,RATIO,2,WB_WDI,P1Y,0,A,PU,Annual,South Africa,Access to electricity (% of population),Total,All age ranges or no breakdown by age,Total,Percentage of population,Not Applicable,Not Applicable,Not Applicable,Not Applicable,Ratio,Two,World Development Indicators (WDI),Annual,Units,Normal value,Public,,,,,,,57.6,69.4833526611328,64.9,71.331787109375,72.4,70.2,76.7,78.8,80.6,80.8,80.7,82.0,81.9,82.6,82.8,83.6,85.2,85.2,85.9,85.3,83.9,84.4,84.7,85.0,90.0,89.3,86.5,87.7
datastructure,WB.DATA360:DS_DATA360(1.3),I,A,TEC,WB_WDI_EG_ELC_ACCS_ZS,_T,_T,_T,PT_POP,_Z,_Z,_Z,_Z,RATIO,2,WB_WDI,P1Y,0,A,PU,Annual,Europe & Central Asia (IDA & IBRD),Access to electricity (% of population),Total,All age ranges or no breakdown by age,Total,Percentage of population,Not Applicable,Not Applicable,Not Applicable,Not Applicable,Ratio,Two,World Development Indicators (WDI),Annual,Units,Normal value,Public,100.0,100.0,100.0,100.0,100.0,99.99482833129261,99.9346510374183,99.92169765757636,99.92636492133175,99.71583533711808,98.25472759022833,98.35052088993994,98.42382738527127,98.438063287488,98.48664116359899,98.56828714955815,98.6087161248617,98.72469061817387,98.81322000785654,98.9275231925627,99.32870496190283,99.32692448792359,99.6546769524838,99.69788330090229,99.75159032332307,98.33189254661787,99.65740407651167,99.92823169653414,99.941528994937,99.90691946047403,99.95206681538492,99.9763873001269,99.99544276197781,100.0
datastructure,WB.DATA360:DS_DATA360(1.3),I,A,BGR,WB_WDI_EG_ELC_ACCS_ZS,_T,_T,_T,PT_POP,_Z,_Z,_Z,_Z,RATIO,2,WB_WDI,P1Y,0,A,PU,Annual,Bulgaria,Access to electricity (% of population),Total,All age ranges or no breakdown by age,Total,Percentage of population,Not Applicable,Not Applicable,Not Applicable,Not Applicable,Ratio,Two,World Development Indicators (WDI),Annual,Units,Normal value,Public,100.0,100.0,100.0,100.0,100.0,100.0,100.0,100.0,100.0,100.0,88.1,88.6,89.1,89.6,90.1,90.6,91.2,91.7,92.3,92.9,93.5,94.1,94.7,95.3,95.9,96.6,97.3,98.1,98.7,99.2,99.7,99.8,100.0,100.0
datastructure,WB.DATA360:DS_DATA360(1.3),I,A,SVN,WB_WDI_EG_ELC_ACCS_ZS,_T,_T,_T,PT_POP,_Z,_Z,_Z,_Z,RATIO,2,WB_WDI,P1Y,0,A,PU,Annual,Slovenia,Access to electricity (% of population),Total,All age ranges or no breakdown by age,Total,Percentage of population,Not Applicable,Not Applicable,Not Applicable,Not Applicable,Ratio,Two,World Development Indicators (WDI),Annual,Units,Normal value,Public,100.0,100.0,100.0,100.0,100.0,100.0,100.0,100.0,100.0,100.0,100.0,100.0,100.0,100.0,100.0,100.0,100.0,100.0,100.0,100.0,100.0,100.0,100.0,100.0,100.0,100.0,100.0,100.0,100.0,100.0,100.0,100.0,100.0,100.0
